-- Adminer 4.3.1 MySQL dump

SET NAMES utf8;
SET time_zone = '+00:00';
SET foreign_key_checks = 0;
SET sql_mode = 'NO_AUTO_VALUE_ON_ZERO';

DROP DATABASE IF EXISTS `admin_hpcb`;
CREATE DATABASE `admin_hpcb` /*!40100 DEFAULT CHARACTER SET utf8 */;
USE `admin_hpcb`;

DROP TABLE IF EXISTS `addresses`;
CREATE TABLE `addresses` (
  `address_id` int(11) NOT NULL AUTO_INCREMENT,
  `address_address` text,
  `address_status` int(11) DEFAULT NULL,
  PRIMARY KEY (`address_id`)
) ENGINE=InnoDB AUTO_INCREMENT=45 DEFAULT CHARSET=latin1;

INSERT INTO `addresses` (`address_id`, `address_address`, `address_status`) VALUES
(1,	'NIC, District Computer Centre, 1st Floor, Mini Secretariat,',	1),
(2,	'NIC, Room No: 8, Mini Secretariat,',	1),
(3,	'NIC, Room No: 510, Mini Secretariat, Sector-12,',	1),
(4,	'NIC, Room No 59, 2nd Floor, Mini Secretariat,',	1),
(5,	'NIC, Room No: 201, Second Floor, Mini Secretariat,',	1),
(6,	'NIC, Computer Cell, 3rd Floor,  Mini Secretariat,',	1),
(7,	'NIC, Hall No: 2, Second Floor, Mini Secretariat,',	1),
(8,	'NIC, Room No: 16-17, Ground Floor, Mini Secretariat,',	1),
(9,	'NIC, 2nd Floor, Mini Secretariat,',	1),
(10,	'NIC, Room No: 14, Sector-12, D.C.Office,',	1),
(11,	'NIC, Room No-205, 1st Floor, Mini Secretariat,',	1),
(12,	'Room No: 7, Mini Secretariat,',	1),
(13,	'NIC, District Centre, D.C. Office,',	1),
(14,	'NIC, 113-114, Ground Floor, Mini Secretariat, Sector-1',	1),
(15,	'NIC, District Centre, D.C. Office,',	1),
(16,	'NIC, District Centre, D.C. Office,',	1),
(17,	'NIC, First Floor, 206, District Secretariat,',	1),
(18,	'NIC, District Centre, D.C. Office,',	1),
(19,	'NIC, District Centre, Room No: 36,  Admin Block, Mini Secretariat,',	1),
(20,	'NIC, Room No: 2, DC Office, Mini Secretariat,',	1),
(21,	'NIC, District Centre, Room No: 317-318, Mini Secretariat,',	1),
(22,	'Mini Sect,Near Baghshahi Bagh,2nd Floor,',	1),
(23,	'Mini Secretariat,Near Central Park, Ground Floor,Room No-10,',	1),
(24,	'Room No.510, Mini Secretariat,Sector -12,5th floor',	1),
(25,	'Mini Secretariat,Room No.-59, 2nd lloor.,Fatehabad Central PoP',	1),
(26,	'Mini Secretariat,near Rajeev Chowk,Near Civil Court,First Floor , Gurgaon, Centeral PoP',	1),
(27,	'Mini Secretariat,Near Courts,Ground Floor,',	1),
(28,	'Room No-208,Mini Secretariat,',	1),
(30,	'Mini Secretariat ,Karnal road,3rd Floor,',	1),
(31,	'Mini Secretariat, Sector-12, 2nd Floor,',	1),
(32,	'Mini Secretariat,Sector-10,Near Bus Stand,Ground Floor,',	1),
(33,	'DC Office,',	1),
(34,	'DC officc,Red Cross Building,Near SDM office,',	1),
(35,	'Mini Secretariat,Sector-1,Near Suraj Theatre,2nd Floor,',	1),
(36,	'Mini Secretariat,Room No~24,4th Floor,',	1),
(37,	'DC Office;,Room No-316,2nd Floor,Rewari, Central PoP',	1),
(38,	'Mini Secretariat,2nd Floor, Rewari Central PoP',	1),
(39,	'Mini Secretariat, ,Near SP Office,Ground Floor,',	1),
(41,	'DC office,Chandigarh Road,3rd Floor,',	1),
(42,	'SCO 114-115, Sector 8C',	1),
(43,	'SCO 70-71, First floor,Sector 8c,',	1),
(44,	'Mini Secretariat , New Court Complex Gohana road opp. police line Swan Video Conference next to nic 3rd floor ',	1);

DROP TABLE IF EXISTS `ci_sessions`;
CREATE TABLE `ci_sessions` (
  `id` varchar(40) NOT NULL,
  `ip_address` varchar(45) NOT NULL,
  `timestamp` int(10) unsigned NOT NULL DEFAULT '0',
  `data` blob NOT NULL,
  PRIMARY KEY (`id`),
  KEY `ci_sessions_timestamp` (`timestamp`)
) ENGINE=InnoDB DEFAULT CHARSET=utf8;

INSERT INTO `ci_sessions` (`id`, `ip_address`, `timestamp`, `data`) VALUES
('01e5d02063589987e140524418c02915d1e820a6',	'106.192.163.78',	1443163147,	'__ci_last_regenerate|i:1443163147;lang|s:2:\"en\";'),
('07e1f63f8471ea24a4cf4a6eb0a94413e19819e1',	'106.192.163.78',	1443163128,	'__ci_last_regenerate|i:1443163128;lang|s:2:\"en\";'),
('084feed75af87b597376b3e2d2d06fa4011bf4df',	'106.192.163.78',	1443163073,	'__ci_last_regenerate|i:1443163073;lang|s:2:\"en\";'),
('3273e41ce7078675c7628b00cceaa07e77ab07b0',	'106.192.163.78',	1443163160,	'__ci_last_regenerate|i:1443163158;lang|s:2:\"en\";'),
('547128e3588587590150ef5578344b093da09efd',	'106.192.163.78',	1443160597,	'__ci_last_regenerate|i:1443160536;lang|s:2:\"en\";'),
('6d0762e23a8bdae42d27b7f622097d7563753e9c',	'106.192.163.78',	1443163133,	'__ci_last_regenerate|i:1443163132;lang|s:2:\"en\";'),
('9e1056ae4c51fe143990f73cc09c822c7b08ad8a',	'106.192.163.78',	1443163129,	'__ci_last_regenerate|i:1443163129;lang|s:2:\"en\";'),
('9f0f197ef86d0bc5aa37438a235410ebaccf090b',	'106.192.163.78',	1443163132,	'__ci_last_regenerate|i:1443163132;lang|s:2:\"en\";'),
('c520bdb33928d06258fa89a32465f99229a5c9e9',	'106.192.163.78',	1443163068,	'__ci_last_regenerate|i:1443163068;lang|s:2:\"en\";'),
('c634bd253b5f9a61a4679acbd4498bf3e7f847d8',	'106.192.163.78',	1443163130,	'__ci_last_regenerate|i:1443163130;lang|s:2:\"en\";'),
('cc5c61de8b76abe492d339f7e43ed017a083b519',	'106.192.163.78',	1443163131,	'__ci_last_regenerate|i:1443163131;lang|s:2:\"en\";'),
('cc7e77d261bcd7bc242491c2eb794e30e1c1f324',	'106.192.163.78',	1443163129,	'__ci_last_regenerate|i:1443163129;lang|s:2:\"en\";'),
('d2485e86a5260147b9a4a654992ea31b7d0a6ec3',	'106.192.163.78',	1443163116,	'__ci_last_regenerate|i:1443163116;lang|s:2:\"en\";'),
('db44e8204db8f7309ed6e2a94d4184c749dc7fbb',	'106.192.163.78',	1443160711,	'__ci_last_regenerate|i:1443160550;lang|s:2:\"en\";'),
('dc7cc2b8498b6f73a204657d5a63b46074e5a562',	'106.192.163.78',	1443163068,	'__ci_last_regenerate|i:1443163068;lang|s:2:\"en\";'),
('e9cdf121a3fc683c9c76259c7344b3dd0dcddaaa',	'106.192.163.78',	1443163127,	'__ci_last_regenerate|i:1443163127;lang|s:2:\"en\";');

DROP TABLE IF EXISTS `dept_mast`;
CREATE TABLE `dept_mast` (
  `dept_no` int(11) NOT NULL AUTO_INCREMENT,
  `dept_name` varchar(255) DEFAULT NULL,
  `scut_name` varchar(255) DEFAULT NULL,
  PRIMARY KEY (`dept_no`)
) ENGINE=InnoDB AUTO_INCREMENT=257 DEFAULT CHARSET=latin1;

INSERT INTO `dept_mast` (`dept_no`, `dept_name`, `scut_name`) VALUES
(1,	'Punjab & Haryana Hight Court',	'1'),
(2,	'Chief Secretary to Government Haryana, Chandigarh',	'1'),
(3,	'Political Department',	'1'),
(4,	'Environment Department',	'1'),
(5,	'Revenue & Disaster Management & Consolidation Departments',	'1'),
(6,	'Food & supplied Department & Secretary office of Lokayukta Haryana',	'1'),
(7,	'Urban Local Bodies Department',	'1'),
(8,	'Home, Jails, Criminal Investigation & Administration of Justice Department',	'1'),
(9,	'Cooperation Department',	'1'),
(10,	'Public Health Engineering Department',	'1'),
(11,	'Women & Child Development Department',	'1'),
(12,	'Finance & IFCC & Planning Departments',	'1'),
(13,	'Excise & Taxation Department',	'1'),
(14,	'Transport & Civil Aviation Department',	'1'),
(15,	'Power Department',	'1'),
(16,	'Forests Department',	'1'),
(17,	'Technical Education & Industrial Training Department',	'1'),
(18,	'Town & Country Planning & Urban Estates Department',	'1'),
(19,	'Irrigation Department',	'1'),
(20,	'Tourism & Housing Departments',	'1'),
(21,	'Industries & Commerce, Mines & Geology & Electronics & Information Technology Departments',	'1'),
(22,	'Higher Education & Languages Department',	'1'),
(23,	'Archives Department',	'1'),
(24,	'Sports & Youth Affairs & Secretary, Cell for proper utilization/disposal of Government property, nodal officer for monitoring the CM\'s announcements & looking after the work of monitoring & & Coordination',	'1'),
(25,	'Health Department',	'1'),
(26,	'Agriculture Department',	'1'),
(27,	'PW(B&R) & Architecture Departments',	'1'),
(28,	'Animal Husbandry & Dairying Department & Member Secretary, Third State Finance Commission, Haryana',	'1'),
(29,	'Science & Technology & Renewable Energy Sources Department',	'1'),
(30,	'Archaeology & Museums Department',	'1'),
(31,	'Welfare of SCs & BCs Department',	'1'),
(32,	'School Education, Labour & Employment Departments & Chairperson, Haryana Minerals Ltd. New Delhi',	'1'),
(33,	'Development & Panchayats Department & Secretary BAC & Commissioner Gurdwara Elections Haryana',	'1'),
(34,	'Information & Public Relations, Cultural Affairs & Grievances Departments',	'1'),
(35,	'Social Justice & Empowerment Department',	'1'),
(36,	'Printing & Stationery Department',	'1'),
(37,	'C&S, Fisheries Department',	'1'),
(38,	'Chief Electoral Officer, Haryana, Elections Department & Director Renewable Energy Sources, Haryana',	'1'),
(39,	'Secretary to Governor, Haryana',	'1'),
(40,	'Advocate General (A.G)                   ',	'2'),
(41,	'Agriculture (Director)',	'2'),
(42,	'Animal Husbandry &          Dairying (Director General)',	'2'),
(43,	'Archaeology & Museums (Director)',	'2'),
(44,	'Architecture (Chief Architect)',	'2'),
(45,	'Archives (Director)',	'2'),
(46,	'Ayush (Director)',	'2'),
(47,	'Charitable Endowments (Admtr. Genl. & Official Trustee)',	'2'),
(48,	'Census Operations (Director)',	'2'),
(49,	'C.I.D. (ADGP.CID(H) ',	'2'),
(50,	'Civil Aviation (Advisor)',	'2'),
(51,	'Consolidation (Director)',	'2'),
(52,	'Cooperation (Registrar)',	'2'),
(53,	'Development & Panchayats (Director)',	'2'),
(54,	'Economic & Statistical Analysis (ESA)',	'2'),
(55,	'Higher Education (Commissioner)',	'2'),
(56,	'School Education (Director General)',	'2'),
(57,	'Elementary Education (Director)',	'2'),
(58,	'Elections (Chief Electoral)',	'2'),
(59,	'Electronics & Information Technology (Director)',	'2'),
(60,	'Chief Electrical Inspector (Chief Electrical)',	'2'),
(61,	'Employment (Director)',	'2'),
(62,	'State Employment Exchange (Dy. Director)',	'2'),
(63,	'Environment (Director)',	'2'),
(64,	'Exise & Taxation (E.T.C)',	'2'),
(65,	'Fisheries (Director)',	'2'),
(66,	'Food & Supplies (Director)',	'2'),
(67,	'Forests (P.C.C.F)',	'2'),
(68,	'Grievances (Director)',	'2'),
(69,	'Health Services (Director)',	'2'),
(70,	'Reproductive & Child Health (Project)',	'2'),
(71,	'Haryana Aids Control Society (Chairperson)',	'2'),
(72,	'State TB. Cont. Socy & Leprosy Socy. (Chairman)',	'2'),
(73,	'State TB. Association Haryana (President)',	'2'),
(74,	'ESI (Director)',	'2'),
(75,	'Haryana Institute of Public Administration (HIPA) (Director)',	'2'),
(76,	'Home Guards & Civil Defence (Comdt. Genl.)',	'2'),
(77,	'Horticulture (Director)',	'2'),
(78,	'Hospitality (Director)',	'2'),
(79,	'Industries & Commerce (Director)',	'2'),
(80,	'Industrial Training & Vocational Education (Director)',	'2'),
(81,	'Institutional Finance & Credit Control (Director)',	'2'),
(82,	'Irrigation (Advisor)',	'2'),
(83,	'Irrigation Research & Management Institute (HIRMI) (Principal Director)',	'2'),
(84,	'Labour (Labour)',	'2'),
(85,	'Land Records (Director)',	'2'),
(86,	'Law & Legislative (L.R & Secy.)',	'2'),
(87,	'Haryana State Legal Services Authority (Exe Chairman)',	'2'),
(88,	'Local Audit (Director)',	'2'),
(89,	'Lotteries (Director)',	'2'),
(90,	'Mines & Geology (Director)',	'2'),
(91,	'NIC-Computer Centre (Sr. Tech.)',	'2'),
(92,	'Panchayati Raj Public Works ((C.E.)',	'2'),
(93,	'Police (D.G)',	'2'),
(94,	'Printing & Stationery (Controller)',	'2'),
(95,	'Prisons (D.G)',	'2'),
(96,	'Prosecution (Director)',	'2'),
(97,	'Public Relations & Cultural Affairs (DPR)',	'2'),
(98,	'PWD (B&R) (E.I.C.)',	'2'),
(99,	'PW (Water Supply and Sanitation) (EIC)',	'2'),
(100,	'Rehabilitation (Joint Secy.)',	'2'),
(101,	'Renewable Energy (Director)',	'2'),
(102,	'Revenue Training Institute (Principal)',	'2'),
(103,	'Rural Development (Director)',	'2'),
(104,	'Science & Technology (Director)',	'2'),
(105,	'Social Justice & Empowerment (Director)',	'2'),
(106,	'Small Savings (Director)',	'2'),
(107,	'Sports & Youth Affairs (Director)',	'2'),
(108,	'Supplies & Disposals (Director)',	'2'),
(109,	'Technical Education (Director)',	'2'),
(110,	'Tourism (Director)',	'2'),
(111,	'Town & Country Planning (Director)',	'2'),
(112,	'Transport Commissioner (Transport Commissioner)',	'2'),
(113,	'State Transport Controller (State Transport)',	'2'),
(114,	'Treasuries & Accounts (Director)',	'2'),
(115,	'Urban Local Bodies (Director)',	'2'),
(116,	'Urban Estates (Director)',	'2'),
(117,	'Vigilance (Inquiry Officer)',	'2'),
(118,	'State Vigilance Bureau (Director)',	'2'),
(119,	'Welfare of Scheduled Castes & Backward Classes (Director)',	'2'),
(120,	'Women & Child Development (Director)',	'2'),
(121,	'Agriculture Marketing Board (Chairman)',	'3'),
(122,	'Agro-Industries Corpn. Ltd. (Chairman)',	'3'),
(123,	'Backward Classes & Economically Weaker Sections Kalyan Nigam (Chairperson)',	'3'),
(124,	'Board of Ayurvedic & Unani Systems of Medicine (Chairman)',	'3'),
(125,	'Council of Homoeopathic System of Medicine (Chairman)',	'3'),
(126,	'Command Area Development Authority (Administrator)',	'3'),
(127,	'Coop. Apex Bank Ltd. (Chairman)',	'3'),
(128,	'Coop. Dev. Fed. Ltd. (M.D)',	'3'),
(129,	'Coop. Housing Fed Ltd. (Chairman)',	'3'),
(130,	'Coop. Labour & Construction  Fed. Ltd. (Chairman)',	'3'),
(131,	'Coop. Agri. & Rural Dev. Bank Ltd. (M.D)',	'3'),
(132,	'Fed of Coop. Sugar Mills Ltd. (Chairman)',	'3'),
(133,	'Coop. Supply & Marketing Fed Ltd. (HAFED) (Chairman)',	'3'),
(134,	'Fed of Consumers Coop. Wholesale Stores Ltd. (CONFED) (Chairman)',	'3'),
(135,	'State Counseling Board (Chairman)',	'3'),
(136,	'Dairy Dev. Coop. Fed. Ltd. (Chairperson )',	'3'),
(137,	'Vidyut Prasaran Nigam (HVPN) (Chairman)',	'3'),
(138,	'Power Generation Corpn. (HPGC) (Chairman)',	'3'),
(139,	'Uttar Haryana Bijli Vitran Nigam (Chairman)',	'3'),
(140,	'Dakshin Haryana Bijli Vitran Nigam (Chairman)',	'3'),
(141,	'Electronics Dev. Corpn. Ltd. (HARTRON) (Chairman)',	'3'),
(142,	'Financial Corpn. (HFC) (Chairman)',	'3'),
(143,	'Forests Dev. Corpn. Ltd. (HFDC) (Chairman)',	'3'),
(144,	'Handloom & Handicrafts Corpn. Ltd. (Chairman)',	'3'),
(145,	'Scheduled Castes Finance & Dev. Corpn. Ltd. (Chairman)',	'3'),
(146,	'Housing Board (Chairperson)',	'3'),
(147,	'Small Inds. & Export Corpn. Ltd. (Chairman)',	'3'),
(148,	'Indl. Coop. Fed Ltd. (Liquidator)',	'3'),
(149,	'Industrial & Infrastructure Dev. Corpn. Ltd. (HSIIDC) (Chairman)',	'3'),
(150,	'Kala Parishad (Vice-Chairman)',	'3'),
(151,	'Khadi & Village Industries Board (Chairman)',	'3'),
(152,	'Kurukshetra Dev. Board (Chairman)',	'3'),
(153,	'Land Reclamation & Dev. Corpn. Ltd. (HLRDC) (Chairman)',	'3'),
(154,	'Land Use Board (Director-cum-Member Secy.)',	'3'),
(155,	'Livestock Dev. Board (Chairman)',	'3'),
(156,	'Shri Mata Mansa Devi Shrine Board (Chairman)',	'3'),
(157,	'Medical Council (President)',	'3'),
(158,	'State Dental Council (President)',	'3'),
(159,	'Nurses Registration Council (President)',	'3'),
(160,	'Mewat Development Agency (Chairman)',	'3'),
(161,	'Minor Irrigation & Tubewells Corpn. Ltd. (MITC) (M.D)',	'3'),
(162,	'Overseas Placement Assistance Society (HOPAS) ( Chairman)',	'3'),
(163,	'Pharmacy Council (Registrar)',	'3'),
(164,	'Police Housing Corpn. Ltd. (Chairman)',	'3'),
(165,	'Pollution Control Board (Chairman)',	'3'),
(166,	'Haryana Prathmik Shiksha Pariyojna Parishad (President)',	'3'),
(167,	'Haryana Panjabi Sahitya Akademi (Chairman))',	'3'),
(168,	'Rajya Sainik Board  (Secy.)',	'3'),
(169,	'Renewable Energy Development Agency (HAREDA) (Chairman)',	'3'),
(170,	'Roads & Bridge Dev. Corpn. Ltd. (Chairman)',	'3'),
(171,	'Rural Dev. Fund Admn. Board (HRDF) (Chairperson)',	'3'),
(172,	'SAMVAD (Chairman)',	'3'),
(173,	'Haryana Sahitya Akedemi (Chairman)',	'3'),
(174,	'Sanskrit Akademi (Chairman)',	'3'),
(175,	'Sanskritic Akademi (Member Secy.)',	'3'),
(176,	'Council for Science & Technology (Chairman/EC)',	'3'),
(177,	'Seed Certification Agency (Chairman)',	'3'),
(178,	'Seeds Dev. Corpn. Ltd. (Chairman)',	'3'),
(179,	'Shivalik Development Board (Chairman)',	'3'),
(180,	'Slum Clearance Board (Chief Admtr.)',	'3'),
(181,	'Social welfare Board (Chairperson)',	'3'),
(182,	'Swatantrata Sainik Samman Samiti (Chairman)',	'3'),
(183,	'Tourism Dev. Corpn. Ltd. (Chairperson)',	'3'),
(184,	'Urban Development Authority (HUDA) (C.A)',	'3'),
(185,	'Panchkula Circle (Admn. (P))',	'3'),
(186,	'Haryana Urdu Akademi (Chairman)',	'3'),
(187,	'Warehousing Corpn. (Chairman) ',	'3'),
(188,	'Haryana Women Dev. Corpn. (Chairperson)',	'3'),
(189,	'Swarana Jayanti Shahari Rozgar Yojana & Urban Dev. Society (Project Director)',	'3'),
(190,	'Council for Child Welfare (President)',	'3'),
(191,	'Wakf Board (Chairman)',	'3'),
(192,	'Welfare Society for Hearing & Speech Handicapped (President)',	'3'),
(193,	'Blindness Control Society (Chairperson)',	'3'),
(194,	'Indian Red Cross Society (President)',	'3'),
(195,	'Bhartiya Grameen Mahila Sangh (President)',	'3'),
(196,	'Hind Kusht Nivaran Sangh, Hr. (President)',	'3'),
(197,	'Saket Council (President)',	'3'),
(198,	'Accountant General, Haryana (A.G)',	'3'),
(199,	'A & E (A.G)',	'3'),
(200,	'State Election Commission, Haryana',	'3'),
(201,	'Haryana Public Service Commission (HPSC)',	'3'),
(202,	'Lokayukta Haryana',	'3'),
(203,	'Haryana State Commission for women (Pkl.)',	'3'),
(204,	'Shri Mata Sheetla Devi Shrine Board Gurgaon',	'3'),
(205,	'State Consumer Disputes Redressal Commission (Secretary)',	'3'),
(206,	'Post Graduate Institute of Medical Sciences, Rohtak (Director)',	'3'),
(207,	'Haryana Electricity Regulatory Commission (HERC)',	'3'),
(210,	'CCS Haryana Agricultural University, Hisar',	'3'),
(211,	'Commissioner, Hisar Division, Ambala',	'4'),
(212,	'Commissioner, Hisar Division, Gurgaon',	'4'),
(213,	'Commissioner, Hisar Division, Hisar.',	'4'),
(214,	'Commissioner, Rohtak Division, Rohtak.',	'4'),
(215,	'Deputy Commissioner, Ambala',	'5'),
(216,	'Deputy Commissioner, Bhiwami',	'5'),
(217,	'Deputy Commissioner, Faridabad',	'5'),
(218,	'Deputy Commissioner, Fatehabad',	'5'),
(219,	'Deputy Commissioner, Gurgaon',	'5'),
(220,	'Deputy Commissioner, Hisar',	'5'),
(221,	'Deputy Commissioner, Jind',	'5'),
(222,	'Deputy Commissioner, Jhajjar',	'5'),
(223,	'Deputy Commissioner, Karnal',	'5'),
(224,	'Deputy Commissioner, Kaithal',	'5'),
(225,	'Deputy Commissioner, Kurukshetra',	'5'),
(226,	'Deputy Commissioner, Mahendergarh (Narnaul)',	'5'),
(227,	'Deputy Commissioner, Mewat (Nuh)',	'5'),
(228,	'Deputy Commissioner, Palwal',	'5'),
(229,	'Deputy Commissioner, Panipat',	'5'),
(230,	'Deputy Commissioner, Panchkula',	'5'),
(231,	'Deputy Commissioner, Rewari',	'5'),
(232,	'Deputy Commissioner, Rohtak',	'5'),
(233,	'Deputy Commissioner, Sirsa',	'5'),
(234,	'Deputy Commissioner, Sonepat',	'5'),
(235,	'Deputy Commissioner, Yamuna Nagar',	'5'),
(236,	'District & Sessions Judge, Ambala',	'6'),
(237,	'District & Sessions Judge, Bhiwani',	'6'),
(238,	'District & Sessions Judge, Faridabad',	'6'),
(239,	'District & Sessions Judge, Fatehabad',	'6'),
(240,	'District & Sessions Judge, Gurgaon',	'6'),
(241,	'District & Sessions Judge, Hisar',	'6'),
(242,	'District & Sessions Judge, Jind',	'6'),
(243,	'District & Sessions Judge, Jhajjar',	'6'),
(244,	'District & Sessions Judge, Kaithal',	'6'),
(245,	'District & Sessions Judge, Karnal',	'6'),
(246,	'District & Sessions Judge, Kurukshetra',	'6'),
(247,	'District & Sessions Judge, Mahendergarh at Narnaul',	'6'),
(248,	'District & Sessions Judge, Mewat at Nuh',	'6'),
(249,	'District & Sessions Judge, Panchkula',	'6'),
(250,	'District & Sessions Judge, Panipat',	'6'),
(251,	'District & Sessions Judge, Palwal',	'6'),
(252,	'District & Sessions Judge, Rewari',	'6'),
(253,	'District & Sessions Judge, Rohtak',	'6'),
(254,	'District & Sessions Judge, Sirsa',	'6'),
(255,	'District & Sessions Judge, Sonepat',	'6'),
(256,	'District & Sessions Judge, Yamuna Nagar',	'6');

DROP TABLE IF EXISTS `post_type`;
CREATE TABLE `post_type` (
  `post_type_id` int(11) NOT NULL,
  `post_type_desc` varchar(50) DEFAULT NULL,
  PRIMARY KEY (`post_type_id`)
) ENGINE=InnoDB DEFAULT CHARSET=latin1;

INSERT INTO `post_type` (`post_type_id`, `post_type_desc`) VALUES
(1,	'CIC'),
(2,	'IC'),
(3,	'Secretary'),
(4,	'Under secretary'),
(5,	'Information Assistant'),
(6,	'Data Entry Operator'),
(7,	'Superintendent'),
(8,	'Law Officer'),
(9,	'Research Officer-cum-Consultant'),
(10,	'Dairy'),
(11,	'Accounts Officer'),
(12,	'Establishment Officer');

DROP TABLE IF EXISTS `states_name`;
CREATE TABLE `states_name` (
  `state_id` int(11) NOT NULL AUTO_INCREMENT COMMENT 'for state id',
  `state_name` varchar(500) NOT NULL,
  `status` int(11) NOT NULL,
  PRIMARY KEY (`state_id`)
) ENGINE=InnoDB AUTO_INCREMENT=2 DEFAULT CHARSET=latin1;

INSERT INTO `states_name` (`state_id`, `state_name`, `status`) VALUES
(1,	'haryana',	1);

DROP TABLE IF EXISTS `tbl_case`;
CREATE TABLE `tbl_case` (
  `case_id` int(11) NOT NULL AUTO_INCREMENT,
  `case_user_id` int(11) NOT NULL,
  `case_letter_number` varchar(1000) NOT NULL,
  `case_date` datetime NOT NULL,
  `case_petitioner_name` varchar(200) NOT NULL,
  `case_respondent_name` varchar(300) NOT NULL,
  `case_subject` varchar(500) NOT NULL,
  `case_created_date` timestamp NOT NULL DEFAULT CURRENT_TIMESTAMP,
  `case_update_date` timestamp NOT NULL DEFAULT '0000-00-00 00:00:00',
  `case_status` int(11) NOT NULL DEFAULT '1',
  `case_cuttent_status` int(11) NOT NULL DEFAULT '0',
  PRIMARY KEY (`case_id`)
) ENGINE=InnoDB AUTO_INCREMENT=8 DEFAULT CHARSET=latin1;

INSERT INTO `tbl_case` (`case_id`, `case_user_id`, `case_letter_number`, `case_date`, `case_petitioner_name`, `case_respondent_name`, `case_subject`, `case_created_date`, `case_update_date`, `case_status`, `case_cuttent_status`) VALUES
(1,	2,	'123456',	'2017-12-25 00:00:00',	'test one',	'test two',	'test one VS test two',	'2017-12-22 08:55:33',	'2017-12-22 23:19:33',	1,	4),
(2,	2,	'test1234',	'2017-12-12 00:00:00',	'dummyone',	'dummy one',	'dummyone VS dummy one',	'2017-12-22 09:30:25',	'0000-00-00 00:00:00',	1,	1),
(3,	5,	'647/ND/2017',	'2017-12-22 00:00:00',	'GIS',	'HSPCB',	'GIS VS HSPCB',	'2017-12-22 12:40:49',	'0000-00-00 00:00:00',	1,	2),
(4,	6,	'876TRFT',	'2018-01-03 00:00:00',	'THREE',	'FOUR',	'THREE VS FOUR',	'2017-12-28 08:25:41',	'2017-12-28 04:04:22',	1,	1),
(7,	7,	'87okjhb56',	'2018-01-03 00:00:00',	'THREE',	'FOUR',	'THREE VS FOUR',	'2018-01-02 05:32:29',	'2018-01-03 01:01:29',	1,	5);

DROP TABLE IF EXISTS `tbl_case_asign`;
CREATE TABLE `tbl_case_asign` (
  `case_asign_id` int(10) NOT NULL AUTO_INCREMENT,
  `case_asign_case_id` int(10) NOT NULL,
  `case_asign_officer_id` int(10) NOT NULL,
  `case_asign_date_of_assign` date NOT NULL,
  `case_asign_created_date` timestamp NOT NULL DEFAULT CURRENT_TIMESTAMP,
  `case_asign_update_date` timestamp NOT NULL DEFAULT '0000-00-00 00:00:00',
  `case_asign_status_id` int(11) NOT NULL,
  PRIMARY KEY (`case_asign_id`)
) ENGINE=InnoDB AUTO_INCREMENT=8 DEFAULT CHARSET=latin1;

INSERT INTO `tbl_case_asign` (`case_asign_id`, `case_asign_case_id`, `case_asign_officer_id`, `case_asign_date_of_assign`, `case_asign_created_date`, `case_asign_update_date`, `case_asign_status_id`) VALUES
(2,	1,	3,	'2018-01-05',	'2018-01-05 10:44:00',	'0000-00-00 00:00:00',	1),
(6,	7,	3,	'2018-01-05',	'2018-01-05 11:40:27',	'2018-01-05 23:10:40',	1),
(7,	3,	4,	'2018-01-06',	'2018-01-06 10:09:51',	'2018-01-05 18:30:00',	1);

DROP TABLE IF EXISTS `tbl_case_status`;
CREATE TABLE `tbl_case_status` (
  `disposed_id` int(11) NOT NULL AUTO_INCREMENT,
  `disposed_case_id` int(11) NOT NULL,
  `disposed_officer_id` int(11) NOT NULL,
  `disposed_date` date NOT NULL,
  `disposed_remark` text NOT NULL,
  `attachment` varchar(200) NOT NULL,
  `status_current_date` timestamp NOT NULL DEFAULT CURRENT_TIMESTAMP,
  `case_current_status` int(11) NOT NULL,
  PRIMARY KEY (`disposed_id`)
) ENGINE=InnoDB AUTO_INCREMENT=15 DEFAULT CHARSET=latin1;

INSERT INTO `tbl_case_status` (`disposed_id`, `disposed_case_id`, `disposed_officer_id`, `disposed_date`, `disposed_remark`, `attachment`, `status_current_date`, `case_current_status`) VALUES
(12,	1,	1,	'2018-01-07',	'testing......testing....testing..................',	'',	'2018-01-05 19:36:36',	4),
(14,	7,	1,	'2018-01-07',	'testing......testing....testing..................',	'uploads/decided_attachment/mobiledummypdf_14_1.pdf',	'2018-01-06 05:46:09',	5);

DELIMITER ;;

CREATE TRIGGER `tbl_case_status_ad` AFTER DELETE ON `tbl_case_status` FOR EACH ROW
if exists (select * from tbl_hearing where hearing_case_id = old.disposed_case_id) then
       update tbl_case set tbl_case.case_cuttent_status=3  where tbl_case.case_id=old.disposed_case_id;
 elseif exists (select * from  tbl_case_asign where case_asign_case_id = old.disposed_case_id) then
       update tbl_case set tbl_case.case_cuttent_status=2  where tbl_case.case_id=old.disposed_case_id;
 else 
       update tbl_case set tbl_case.case_cuttent_status=1  where tbl_case.case_id=old.disposed_case_id;
 end if;;

DELIMITER ;

DROP TABLE IF EXISTS `tbl_current_status`;
CREATE TABLE `tbl_current_status` (
  `current_status_id` int(11) NOT NULL AUTO_INCREMENT,
  `current_status_name` varchar(255) DEFAULT NULL,
  `current_status_view` int(11) DEFAULT NULL,
  PRIMARY KEY (`current_status_id`)
) ENGINE=InnoDB AUTO_INCREMENT=6 DEFAULT CHARSET=latin1;

INSERT INTO `tbl_current_status` (`current_status_id`, `current_status_name`, `current_status_view`) VALUES
(1,	'Pending',	1),
(2,	'Assigned',	1),
(3,	'Hearing',	1),
(4,	'Dispose Off',	1),
(5,	'Decided',	1);

DROP TABLE IF EXISTS `tbl_districts`;
CREATE TABLE `tbl_districts` (
  `dist_no` int(11) NOT NULL,
  `dist_name` varchar(255) DEFAULT NULL,
  PRIMARY KEY (`dist_no`)
) ENGINE=InnoDB DEFAULT CHARSET=latin1;

INSERT INTO `tbl_districts` (`dist_no`, `dist_name`) VALUES
(1,	'Ambala'),
(2,	'Bhiwani'),
(3,	'Faridabad'),
(4,	'Fatehabad'),
(5,	'Gurugram'),
(6,	'Hisar'),
(7,	'Jind'),
(8,	'Jhajjar'),
(9,	'Kaithal'),
(10,	'Karnal'),
(11,	'Kurukshetra'),
(12,	'Mahendergarh at Narnaul'),
(13,	'Mewat at Nuh'),
(14,	'Panchkula'),
(15,	'Panipat'),
(16,	'Palwal'),
(17,	'Rewari'),
(18,	'Rohtak'),
(19,	'Sirsa'),
(20,	'Sonepat'),
(21,	'Yamuna Nagar'),
(22,	'Chandigarh');

DROP TABLE IF EXISTS `tbl_file_attachment`;
CREATE TABLE `tbl_file_attachment` (
  `file_attachment_id` int(11) NOT NULL AUTO_INCREMENT,
  `file_attachment_case_id` int(11) NOT NULL,
  `file_attachment_user_id` int(11) NOT NULL,
  `file_attachment_file_path` varchar(500) NOT NULL,
  `file_attachment_created_date` timestamp NOT NULL DEFAULT CURRENT_TIMESTAMP,
  `file_attachment_update_date` timestamp NOT NULL DEFAULT '0000-00-00 00:00:00',
  PRIMARY KEY (`file_attachment_id`)
) ENGINE=InnoDB AUTO_INCREMENT=32 DEFAULT CHARSET=latin1;

INSERT INTO `tbl_file_attachment` (`file_attachment_id`, `file_attachment_case_id`, `file_attachment_user_id`, `file_attachment_file_path`, `file_attachment_created_date`, `file_attachment_update_date`) VALUES
(1,	1,	2,	'uploads/appealpdf/toy_1_2.pdf',	'2017-12-22 08:55:33',	'0000-00-00 00:00:00'),
(2,	1,	2,	'uploads/appealpdf/toy_2_2.pdf',	'2017-12-22 08:55:33',	'0000-00-00 00:00:00'),
(3,	1,	2,	'uploads/appealpdf/toy_3_2.pdf',	'2017-12-22 08:55:33',	'0000-00-00 00:00:00'),
(4,	1,	2,	'uploads/appealpdf/toy_4_2.pdf',	'2017-12-22 08:55:33',	'0000-00-00 00:00:00'),
(5,	1,	2,	'uploads/appealpdf/toy_5_2.pdf',	'2017-12-22 08:55:33',	'0000-00-00 00:00:00'),
(6,	2,	2,	'uploads/appealpdf/pdf_6_2.pdf',	'2017-12-22 09:30:25',	'0000-00-00 00:00:00'),
(7,	2,	2,	'uploads/appealpdf/pdf_7_2.pdf',	'2017-12-22 09:30:25',	'0000-00-00 00:00:00'),
(8,	2,	2,	'uploads/appealpdf/pdf_8_2.pdf',	'2017-12-22 09:30:25',	'0000-00-00 00:00:00'),
(9,	2,	2,	'uploads/appealpdf/pdf_9_2.pdf',	'2017-12-22 09:30:25',	'0000-00-00 00:00:00'),
(10,	3,	5,	'uploads/appealpdf/new letterhead_10_5.pdf',	'2017-12-22 12:40:49',	'0000-00-00 00:00:00'),
(11,	3,	5,	'uploads/appealpdf/new letterhead_11_5.pdf',	'2017-12-22 12:40:49',	'0000-00-00 00:00:00'),
(12,	4,	6,	'uploads/appealpdf/pdf_12_6.pdf',	'2017-12-28 08:25:42',	'2017-12-28 04:21:45'),
(13,	4,	6,	'uploads/appealpdf/pdf_13_6.pdf',	'2017-12-28 08:25:42',	'0000-00-00 00:00:00'),
(14,	4,	6,	'uploads/appealpdf/pdf_14_6.pdf',	'2017-12-28 08:25:42',	'0000-00-00 00:00:00'),
(15,	4,	6,	'uploads/appealpdf/pdf_15_6.pdf',	'2017-12-28 08:25:42',	'0000-00-00 00:00:00'),
(16,	4,	6,	'uploads/appealpdf/pdf_16_6.pdf',	'2017-12-28 08:35:40',	'0000-00-00 00:00:00'),
(23,	7,	7,	'uploads/appealpdf/dummypdf_18_7.pdf',	'2018-01-02 05:51:20',	'0000-00-00 00:00:00'),
(24,	7,	7,	'uploads/appealpdf/dummypdf_19_7.pdf',	'2018-01-02 05:51:23',	'0000-00-00 00:00:00'),
(25,	7,	7,	'uploads/appealpdf/dummypdf_20_7.pdf',	'2018-01-02 05:51:25',	'0000-00-00 00:00:00'),
(26,	7,	7,	'uploads/appealpdf/dummypdf_21_7.pdf',	'2018-01-02 05:51:28',	'0000-00-00 00:00:00'),
(27,	7,	7,	'uploads/appealpdf/dummypdf_21_7.pdf',	'2018-01-02 05:55:33',	'0000-00-00 00:00:00'),
(29,	3,	5,	'uploads/appealpdf/mobilepdf_29_5.pdf',	'2018-01-08 09:34:46',	'0000-00-00 00:00:00'),
(30,	3,	5,	'uploads/appealpdf/mobilepdf_30_5.pdf',	'2018-01-08 09:58:50',	'0000-00-00 00:00:00'),
(31,	3,	5,	'uploads/appealpdf/mobilepdf_31_5.pdf',	'2018-01-08 09:59:49',	'0000-00-00 00:00:00');

DROP TABLE IF EXISTS `tbl_hearing`;
CREATE TABLE `tbl_hearing` (
  `hearing_id` int(11) NOT NULL AUTO_INCREMENT,
  `hearing_case_id` int(11) NOT NULL,
  `hearing_officer_id` int(11) NOT NULL,
  `hearing_time` varchar(50) NOT NULL,
  `hearing_next_date` date NOT NULL,
  `hearing_address_id` int(11) NOT NULL,
  `remark` text NOT NULL,
  `hearing_created_date` timestamp NOT NULL DEFAULT CURRENT_TIMESTAMP,
  `hearing_update_date` timestamp NOT NULL DEFAULT '0000-00-00 00:00:00',
  `hearing_status` int(11) NOT NULL DEFAULT '1',
  PRIMARY KEY (`hearing_id`)
) ENGINE=InnoDB AUTO_INCREMENT=5 DEFAULT CHARSET=latin1;

INSERT INTO `tbl_hearing` (`hearing_id`, `hearing_case_id`, `hearing_officer_id`, `hearing_time`, `hearing_next_date`, `hearing_address_id`, `remark`, `hearing_created_date`, `hearing_update_date`, `hearing_status`) VALUES
(4,	7,	3,	'1:0:0 am',	'2018-01-06',	1,	'test                  ',	'2018-01-05 11:40:43',	'0000-00-00 00:00:00',	1);

DROP TABLE IF EXISTS `tbl_logs`;
CREATE TABLE `tbl_logs` (
  `log_id` int(11) NOT NULL AUTO_INCREMENT,
  `log_case_id` int(11) NOT NULL,
  `log_user_id` int(11) DEFAULT NULL,
  `log_active` varchar(50) NOT NULL,
  `log_date` timestamp NOT NULL DEFAULT CURRENT_TIMESTAMP,
  `log_description` text NOT NULL,
  PRIMARY KEY (`log_id`)
) ENGINE=InnoDB AUTO_INCREMENT=77 DEFAULT CHARSET=latin1;

INSERT INTO `tbl_logs` (`log_id`, `log_case_id`, `log_user_id`, `log_active`, `log_date`, `log_description`) VALUES
(1,	1,	2,	'insert',	'2017-12-22 08:55:33',	'manojjoshi@##@2 submit appeal.Appeal letter number is 123456.Appeal status is pending'),
(2,	2,	2,	'insert',	'2017-12-22 09:30:25',	'manojjoshi@##@2 submit appeal.Appeal letter number is test1234.Appeal status is pending'),
(3,	1,	1,	'Pending',	'2017-12-22 11:21:14',	'Case Number 123456 and Case Id 1 has been edit and case status is Enable'),
(4,	1,	1,	'Pending',	'2017-12-22 11:44:00',	'Case Number 123456 and Case Id 1 has been edit and case status is Disable'),
(5,	3,	5,	'insert',	'2017-12-22 12:40:49',	'SantoshPandey@##@5 submit appeal.Appeal letter number is 647/ND/2017.Appeal status is pending'),
(6,	3,	1,	'Assigned',	'2017-12-22 12:43:51',	'Case Number 647/ND/2017 and Case Id 3  Assigned To Test Officer Two'),
(7,	3,	4,	'Hearing',	'2017-12-22 12:55:12',	'Case Number 647/ND/2017 and Case Id 3  Assign For Hearing To Test Officer Two <br/>Hearing Date:2017-12-23<br/>Hearing Time:3:10:0:pm<br/>Remark:Please come along with your lawer and the supporting documents for the case<br/>Address:NIC, Room No: 8, Mini Secretariat,'),
(8,	3,	4,	'Dispose Off',	'2017-12-22 12:58:37',	'Case Number 647/ND/2017 and Case Id 3 of SantoshPandey@##@5  Decided <br/>Date 2017-12-23<br/>Remark Case decieded'),
(9,	2,	1,	'Assigned',	'2017-12-23 03:12:06',	'Case Number test1234 and Case Id 2  Assigned To Test Officer Two'),
(10,	2,	4,	'Hearing',	'2017-12-23 03:17:06',	'Case Number test1234 and Case Id 2  Assign For Hearing To Test Officer One <br/>Hearing Date:2017-12-18<br/>Hearing Time:11:18:19:pm<br/>Remark:this is test message        <br/>Address:NIC, Room No: 8, Mini Secretariat,'),
(11,	2,	3,	'Dispose Off',	'2017-12-23 04:16:27',	'Case Number test1234 and Case Id 2 of manojjoshi@##@2  Decided <br/>Date 2017-12-28<br/>Remark testing....... testing..............         '),
(12,	1,	1,	'Pending',	'2017-12-23 04:49:33',	'Case Number 123456 and Case Id 1 has been edit and case status is Enable'),
(13,	1,	1,	'Assigned',	'2017-12-23 04:51:16',	'Case Number 123456 and Case Id 1  Assigned To Test Officer One'),
(15,	4,	6,	'insert',	'2017-12-28 08:25:41',	'dummy@##@6 submit appeal.Appeal letter number is 65432198.Appeal status is pending'),
(16,	4,	6,	'Pending',	'2017-12-28 09:27:54',	'Case Number 65432198 and Case Id 4 has been edit and case status is Enable'),
(17,	4,	6,	'Pending',	'2017-12-28 09:34:22',	'Case Number 65432198 and Case Id 4 has been edit and case status is Enable'),
(18,	1,	3,	'Hearing',	'2017-12-28 12:04:58',	'Case Number 123456 and Case Id 1  Assign For Hearing To Test Officer Two <br/>Hearing Date:2017-12-28<br/>Hearing Time:1:0:0:am<br/>Remark:test         <br/>Address:NIC, District Computer Centre, 1st Floor, Mini Secretariat,'),
(20,	3,	1,	'Decided',	'2017-12-29 07:42:22',	'Case Number 647/ND/2017 and Case Id 3 of SantoshPandey@##@5  Decided <br/>Date: 2017-12-31<br/>Remark: Case decieded<br/>Attechment: http://pcbh.gissoft.net/uploads/decided_attachment/dummypdf_1_4.pdf'),
(21,	2,	1,	'hearing',	'2017-12-29 09:16:16',	''),
(22,	1,	1,	'Dispose Off',	'2017-12-29 09:51:29',	'Case Number 123456 and Case Id 1 of manojjoshi@##@2  Dispose Off <br/>Date 2017-12-29<br/>Remark test         '),
(23,	5,	7,	'Insert',	'2018-01-02 04:52:13',	'testing@##@7 submit appeal. Appeal subject(case_id letter_number subject) is 5 yut567hygyt test one VS test two. Appeal status is pending'),
(24,	6,	7,	'Insert',	'2018-01-02 05:31:03',	'testing@##@7 submit appeal. Appeal subject(case_id letter_number subject) is 6 yut567hygyt test one VS test two. Appeal status is pending'),
(25,	7,	7,	'Insert',	'2018-01-02 05:32:29',	'testing@##@7 submit appeal. Appeal subject(case_id letter_number subject) is 7 yut567hygyt test one VS test two. Appeal status is pending'),
(26,	4,	1,	'Assigned',	'2018-01-02 07:59:32',	'Case Number 65432198 and Case Id 4  Assigned To Test Officer One'),
(27,	2,	1,	'Hearing',	'2018-01-02 08:43:54',	'Case Number test1234 and Case Id 2  Assign For Hearing To Test Officer One <br/>Hearing Date:2017-12-02<br/>Hearing Time:11:18:19:pm<br/>Remark:this is test message  123               <br/>Address:NIC, Room No: 8, Mini Secretariat,'),
(28,	7,	1,	'Pending',	'2018-01-03 06:31:10',	'Case Number yut567hygyt and Case Id 7 has been edit and case status is Enable'),
(29,	7,	1,	'Pending',	'2018-01-03 06:31:29',	'Case Number yut567hygyt and Case Id 7 has been edit and case status is Enable'),
(30,	4,	3,	'Pending',	'2018-01-03 08:07:59',	'Case Number 876TRFT and Case Id 4 has been edit and case status is Enable'),
(31,	7,	7,	'Pending',	'2018-01-03 08:37:16',	'Case Number 876TRFT and Case Id 7 has been edit and case status is Enable'),
(32,	7,	7,	'Pending',	'2018-01-03 08:37:38',	'Case Number 876TRFT and Case Id 7 has been edit and case status is Enable'),
(33,	7,	7,	'Pending',	'2018-01-03 08:41:58',	'Case Number 87okjhb56 and Case Id 7 has been edit and case status is Enable'),
(37,	2,	3,	'Decided',	'2018-01-04 05:37:06',	'Case Number test1234 and Case Id 2 of manojjoshi@##@2  Decided <br/>Date 2017-01-04<br/>Remark test<br/>Attechment:http://pcbh.gissoft.net/uploads/decided_attachment/mobiledummypdf_10_3.pdf'),
(38,	7,	1,	'Dispose Off',	'2018-01-04 06:45:41',	'Case Number 87okjhb56 and Case Id 7 of testing_*_7  Dispose Off <br/>Date 2018-01-04<br/>Remark TEST         '),
(39,	7,	1,	'hearing',	'2018-01-04 06:46:13',	'Case Number 87okjhb56 Status Chenged To Hearing By Admin Haryana'),
(40,	7,	0,	'Assigned',	'2018-01-04 07:22:19',	'Case 87okjhb56 and Case Id 7  Assigned To Test Officer Two'),
(41,	7,	1,	'Assigned',	'2018-01-04 07:22:19',	'Case 87okjhb56 and Case Id 7  Assigned To Test Officer Two'),
(42,	7,	1,	'Assigned',	'2018-01-04 07:23:15',	'Case 87okjhb56 and Case Id 7  Assigned To Test Officer Two'),
(43,	7,	1,	'Assigned',	'2018-01-04 07:23:25',	'Case 87okjhb56 and Case Id 7  Assigned To Test Officer Two'),
(44,	1,	1,	'Hearing',	'2018-01-04 09:08:02',	'Case 123456 Status Chenged By Admin Haryana'),
(45,	7,	1,	'Assigned',	'2018-01-04 09:12:18',	'Case 87okjhb56 and Case Id 7  Assigned To Test Officer Two'),
(46,	7,	4,	'Hearing',	'2018-01-04 11:41:19',	'Case 87okjhb56 and Case Id 7  Assign For Hearing To Test Officer Two <br/>Hearing Date:2018-01-04<br/>Hearing Time:02:30 PM<br/>Remark:test<br/>Address:NIC, District Computer Centre, 1st Floor, Mini Secretariat,'),
(47,	1,	1,	'Assigned',	'2018-01-05 10:44:00',	'Case 123456 and Case Id 1  Assigned To Test Officer One'),
(48,	7,	1,	'Assigned',	'2018-01-05 10:58:09',	'Case 87okjhb56 and Case Id 7  Assigned To Test Officer One'),
(49,	7,	1,	'Hearing',	'2018-01-05 10:58:26',	'Case 87okjhb56 and Case Id 7  Assign For Hearing To Test Officer One <br/>Hearing Date:2018-01-11<br/>Hearing Time:1:0:0 am<br/>Remark: test        <br/>Address:NIC, District Computer Centre, 1st Floor, Mini Secretariat,'),
(50,	7,	1,	'Assigned',	'2018-01-05 11:05:18',	'Case 87okjhb56 and Case Id 7  Assigned To Test Officer One'),
(51,	7,	1,	'Hearing',	'2018-01-05 11:05:40',	'Case 87okjhb56 and Case Id 7  Assign For Hearing To Test Officer One <br/>Hearing Date:2018-01-10<br/>Hearing Time:1:0:0 am<br/>Remark:test         <br/>Address:NIC, District Computer Centre, 1st Floor, Mini Secretariat,'),
(52,	7,	1,	'Assigned',	'2018-01-05 11:23:04',	'Case 87okjhb56 and Case Id 7  Assigned To Test Officer One'),
(53,	7,	1,	'Hearing',	'2018-01-05 11:23:22',	'Case 87okjhb56 and Case Id 7  Assign For Hearing To Test Officer One <br/>Hearing Date:2018-01-12<br/>Hearing Time:1:0:0 am<br/>Remark:test         <br/>Address:NIC, District Computer Centre, 1st Floor, Mini Secretariat,'),
(54,	7,	1,	'Pending',	'2018-01-05 11:27:28',	'Case 87okjhb56 Status Chenged By superadmin@mail.com'),
(55,	7,	1,	'Assigned',	'2018-01-05 11:40:27',	'Case 87okjhb56 and Case Id 7  Assigned To Test Officer One'),
(56,	7,	1,	'Hearing',	'2018-01-05 11:40:43',	'Case 87okjhb56 and Case Id 7  Assign For Hearing To Test Officer One <br/>Hearing Date:2018-01-11<br/>Hearing Time:1:0:0 am<br/>Remark:test         <br/>Address:NIC, District Computer Centre, 1st Floor, Mini Secretariat,'),
(57,	1,	1,	'Dispose Off',	'2018-01-05 19:36:37',	'Case 123456 and Case Id 1 of manojjoshi@##@2  Dispose Off <br/>Date 2018-01-06<br/>Remark testing.....         '),
(58,	7,	1,	'Hearing',	'2018-01-06 04:40:40',	'Case 87okjhb56 and Case Id 7  Assign For Hearing To Test Officer One <br/>Hearing Date:2018-01-06<br/>Hearing Time:1:0:0 am<br/>Remark:test                  <br/>Address:NIC, District Computer Centre, 1st Floor, Mini Secretariat,'),
(59,	7,	1,	'Decided',	'2018-01-06 04:49:30',	'Case 87okjhb56 and Case Id 7 of testing_*_7  Decided <br/>Date 2018-01-06<br/>Remark test<br/>Attechment:http://pcbh.gissoft.net/uploads/decided_attachment/mobiledummypdf_13_1.pdf'),
(60,	7,	1,	'Hearing',	'2018-01-06 05:37:18',	'Case 87okjhb56 Status Chenged By superadmin@mail.com'),
(61,	7,	1,	'Decided',	'2018-01-06 05:46:09',	'Case 87okjhb56 and Case Id 7 of testing_*_7  Decided <br/>Date 2018-01-06<br/>Remark test         <br/>Attechment:http://pcbh.gissoft.net/uploads/decided_attachment/mobiledummypdf_14_1.pdf'),
(62,	1,	1,	'Dispose Off',	'2018-01-06 07:02:08',	'Case 123456 and Case Id 1 of manojjoshi@##@2  Dispose Off '),
(63,	1,	1,	'Dispose Off',	'2018-01-06 07:05:10',	'Case 123456 and Case Id 1 of manojjoshi@##@2  Dispose Off '),
(64,	1,	1,	'Dispose Off',	'2018-01-06 07:05:45',	'Case 123456 and Case Id 1 of manojjoshi@##@2  Dispose Off '),
(65,	1,	1,	'Dispose Off',	'2018-01-06 07:36:10',	'Case 123456 and Case Id 1 of manojjoshi@##@2  Dispose Off '),
(66,	1,	1,	'Dispose Off',	'2018-01-06 07:38:47',	'Case 123456 and Case Id 1 of manojjoshi@##@2  Dispose Off '),
(67,	1,	1,	'Dispose Off',	'2018-01-06 07:43:20',	'Case 123456 and Case Id 1 of manojjoshi@##@2  Dispose Off '),
(68,	1,	1,	'Dispose Off',	'2018-01-06 07:43:36',	'Case 123456 and Case Id 1 of manojjoshi@##@2  Dispose Off '),
(69,	1,	1,	'Dispose Off',	'2018-01-06 07:45:53',	'Case 123456 and Case Id 1 of manojjoshi@##@2  Dispose Off '),
(70,	1,	1,	'Dispose Off',	'2018-01-06 08:02:11',	'Case 123456 and Case Id 1 of manojjoshi@##@2  Dispose Off '),
(71,	1,	1,	'Dispose Off',	'2018-01-06 08:04:40',	'Case 123456 and Case Id 1 of manojjoshi@##@2  Dispose Off '),
(72,	7,	1,	'Decided',	'2018-01-06 08:06:02',	'Case 87okjhb56 and Case Id 7 of testing_*_7  Decided '),
(73,	7,	1,	'Decided',	'2018-01-06 08:08:29',	'Case 87okjhb56 and Case Id 7 of testing_*_7  Decided '),
(74,	7,	1,	'Decided',	'2018-01-06 08:09:33',	'Case 87okjhb56 and Case Id 7 of testing_*_7  Decided '),
(75,	3,	1,	'Assigned',	'2018-01-06 10:09:51',	'Case 647/ND/2017 and Case Id 3  Assigned To Test Officer One'),
(76,	3,	1,	'Assigned',	'2018-01-06 12:02:31',	'Case 647/ND/2017 and Case Id 3  Assigned To Test Officer Two');

DROP TABLE IF EXISTS `tbl_order_passed`;
CREATE TABLE `tbl_order_passed` (
  `order_passed_id` int(11) NOT NULL AUTO_INCREMENT,
  `order_passed_case_id` int(11) NOT NULL,
  `order_passed_officer_id` int(11) NOT NULL,
  `order_passed_date` datetime NOT NULL,
  `order_remark` text NOT NULL,
  `order_passed_created_date` timestamp NOT NULL DEFAULT CURRENT_TIMESTAMP,
  `order_passed_update_date` timestamp NOT NULL DEFAULT '0000-00-00 00:00:00',
  `order_passed_status` int(11) NOT NULL DEFAULT '0',
  PRIMARY KEY (`order_passed_id`)
) ENGINE=InnoDB DEFAULT CHARSET=latin1;


DROP TABLE IF EXISTS `tbl_users`;
CREATE TABLE `tbl_users` (
  `user_id` int(11) NOT NULL AUTO_INCREMENT,
  `group_id` int(11) NOT NULL,
  `username` varchar(1000) NOT NULL,
  `name` varchar(1000) NOT NULL,
  `email` varchar(500) NOT NULL,
  `father_name` varchar(1000) NOT NULL,
  `gender` char(4) NOT NULL,
  `mobile` varchar(50) NOT NULL,
  `district` int(11) NOT NULL,
  `state` int(11) NOT NULL,
  `address1` varchar(1000) NOT NULL,
  `address2` varchar(1000) NOT NULL,
  `organization` varchar(500) NOT NULL,
  `password` text NOT NULL,
  `token` text NOT NULL,
  `device_token` text NOT NULL,
  `status` int(11) NOT NULL DEFAULT '0',
  `created_date` timestamp NOT NULL DEFAULT CURRENT_TIMESTAMP,
  `updated_date` timestamp NOT NULL DEFAULT '0000-00-00 00:00:00',
  PRIMARY KEY (`user_id`)
) ENGINE=InnoDB AUTO_INCREMENT=10 DEFAULT CHARSET=latin1;

INSERT INTO `tbl_users` (`user_id`, `group_id`, `username`, `name`, `email`, `father_name`, `gender`, `mobile`, `district`, `state`, `address1`, `address2`, `organization`, `password`, `token`, `device_token`, `status`, `created_date`, `updated_date`) VALUES
(1,	3,	'manoj joshi@##@1',	'manoj joshi test',	'webgis2001@gmail.com',	'Mr. R.P. Joshi',	'M',	'1234567890',	3,	1,	'address one',	'address two',	'Global info system',	'lPARETqt',	'',	'123456789876',	1,	'2017-12-12 08:34:07',	'2017-12-12 10:17:03'),
(9,	3,	'',	'GDFGD',	'dgdgfhfghf@ttt.com',	'gdg',	'M',	'5756755675',	0,	1,	'GDfdgdg',	'dgdgd',	'GD',	'67116',	'`)???2?:m?tu??',	'127.0.0.1',	0,	'2017-12-13 06:03:21',	'0000-00-00 00:00:00');

DROP TABLE IF EXISTS `tb_email`;
CREATE TABLE `tb_email` (
  `email_id` int(1) NOT NULL AUTO_INCREMENT,
  `email_name` varchar(255) DEFAULT NULL,
  `email_data` text,
  `email_status` int(1) NOT NULL DEFAULT '1',
  PRIMARY KEY (`email_id`)
) ENGINE=InnoDB AUTO_INCREMENT=6 DEFAULT CHARSET=latin1;

INSERT INTO `tb_email` (`email_id`, `email_name`, `email_data`, `email_status`) VALUES
(1,	'New Registration',	'Dear {{aname}}<br /><br />\r\nThank you for registering at website.<br /><br />\r\nYour login details<br />\r\nEmail_id:{{email}}<br />\r\nPassword:{{password}}<br /><br />\r\nYour account is created and must be activated before you can use it. <br />To activate account click on the following link or copy-paste in your browser.\r\n{{url}}/registration/active_account?email_id={{email}}&token={{token}}<br /><br />\r\nThanks and regards,<br />\r\nAdmin<br />\r\n(Haryana State Pollution Control Board )\r\n',	1),
(2,	'New Respondent',	'New Respondent has been registered with registration number {{reg_no}}',	2),
(3,	'Hearing Schedule',	'Your registration number {{reg_no}}  is schedule for {{hearing_date}}  , {{hearing_time}} , {{hearing_location}}, {{district_location }} , {{district}}  to  {{commissionerName}}',	1),
(4,	'Hearing Adjourned',	'Your registration number {{reg_no}} has been adjourned  on {{hearing_date}} , {{hearing_time] }} , {{hearing_location}}, {{district_location }} , {{district}} to {{commissionerName}} ',	2),
(5,	'Order Passed',	'Your orders has been passed regarding your registration no {{reg_no}}, you can also check on our website cicharyana.gov.in',	2);

DROP TABLE IF EXISTS `tb_groups`;
CREATE TABLE `tb_groups` (
  `group_id` mediumint(8) unsigned NOT NULL,
  `name` varchar(20) DEFAULT NULL,
  `description` varchar(100) DEFAULT NULL,
  `level` int(6) DEFAULT NULL
) ENGINE=InnoDB DEFAULT CHARSET=utf8;

INSERT INTO `tb_groups` (`group_id`, `name`, `description`, `level`) VALUES
(1,	'Superadmin',	'Root Superadmin , should be as top level group',	1),
(2,	'Administrator',	'Administrator level, level No 2',	2),
(3,	'Users',	'<p>Users as registered / member</p>',	3),
(4,	'Departments',	'Departments',	4);

DROP TABLE IF EXISTS `tb_groups_access`;
CREATE TABLE `tb_groups_access` (
  `id` int(6) NOT NULL,
  `group_id` int(6) DEFAULT NULL,
  `module_id` int(6) DEFAULT NULL,
  `access_data` text
) ENGINE=InnoDB DEFAULT CHARSET=utf8;

INSERT INTO `tb_groups_access` (`id`, `group_id`, `module_id`, `access_data`) VALUES
(202,	1,	1,	'{\"is_global\":\"1\",\"is_view\":\"1\",\"is_detail\":\"1\",\"is_add\":\"1\",\"is_edit\":\"1\",\"is_remove\":\"1\",\"is_excel\":\"1\"}'),
(204,	3,	1,	'{\"is_global\":\"0\",\"is_view\":\"0\",\"is_detail\":\"0\",\"is_add\":\"0\",\"is_edit\":\"0\",\"is_remove\":\"0\",\"is_excel\":\"0\"}'),
(277,	1,	14,	'{\"is_global\":\"1\",\"is_view\":\"1\",\"is_detail\":\"1\",\"is_add\":\"1\",\"is_edit\":\"1\",\"is_remove\":\"1\",\"is_excel\":\"1\"}'),
(278,	2,	14,	'{\"is_global\":\"0\",\"is_view\":\"0\",\"is_detail\":\"0\",\"is_add\":\"0\",\"is_edit\":\"0\",\"is_remove\":\"0\",\"is_excel\":\"0\"}'),
(279,	3,	14,	'{\"is_global\":\"0\",\"is_view\":\"0\",\"is_detail\":\"0\",\"is_add\":\"0\",\"is_edit\":\"0\",\"is_remove\":\"0\",\"is_excel\":\"0\"}'),
(304,	1,	22,	'{\"is_global\":\"1\",\"is_view\":\"1\",\"is_detail\":\"1\",\"is_add\":\"1\",\"is_edit\":\"1\",\"is_remove\":\"1\",\"is_excel\":\"1\"}'),
(305,	2,	22,	'{\"is_global\":\"0\",\"is_view\":\"0\",\"is_detail\":\"0\",\"is_add\":\"0\",\"is_edit\":\"0\",\"is_remove\":\"0\",\"is_excel\":\"0\"}'),
(306,	3,	22,	'{\"is_global\":\"0\",\"is_view\":\"0\",\"is_detail\":\"0\",\"is_add\":\"0\",\"is_edit\":\"0\",\"is_remove\":\"0\",\"is_excel\":\"0\"}'),
(307,	1,	23,	'{\"is_global\":\"1\",\"is_view\":\"1\",\"is_detail\":\"1\",\"is_add\":\"1\",\"is_edit\":\"1\",\"is_remove\":\"1\",\"is_excel\":\"1\"}'),
(308,	2,	23,	'{\"is_global\":\"0\",\"is_view\":\"0\",\"is_detail\":\"0\",\"is_add\":\"0\",\"is_edit\":\"0\",\"is_remove\":\"0\",\"is_excel\":\"0\"}'),
(309,	3,	23,	'{\"is_global\":\"0\",\"is_view\":\"0\",\"is_detail\":\"0\",\"is_add\":\"0\",\"is_edit\":\"0\",\"is_remove\":\"0\",\"is_excel\":\"0\"}'),
(325,	1,	14,	'{\"is_global\":\"1\",\"is_view\":\"1\",\"is_detail\":\"1\",\"is_add\":\"1\",\"is_edit\":\"1\",\"is_remove\":\"1\",\"is_excel\":\"1\"}'),
(326,	2,	14,	'{\"is_global\":\"0\",\"is_view\":\"0\",\"is_detail\":\"0\",\"is_add\":\"0\",\"is_edit\":\"0\",\"is_remove\":\"0\",\"is_excel\":\"0\"}'),
(327,	3,	14,	'{\"is_global\":\"0\",\"is_view\":\"0\",\"is_detail\":\"0\",\"is_add\":\"0\",\"is_edit\":\"0\",\"is_remove\":\"0\",\"is_excel\":\"0\"}'),
(340,	1,	18,	'{\"is_global\":\"1\",\"is_view\":\"1\",\"is_detail\":\"1\",\"is_add\":\"1\",\"is_edit\":\"1\",\"is_remove\":\"1\",\"is_excel\":\"1\"}'),
(341,	2,	18,	'{\"is_global\":\"0\",\"is_view\":\"0\",\"is_detail\":\"0\",\"is_add\":\"0\",\"is_edit\":\"0\",\"is_remove\":\"0\",\"is_excel\":\"0\"}'),
(342,	3,	18,	'{\"is_global\":\"0\",\"is_view\":\"0\",\"is_detail\":\"0\",\"is_add\":\"0\",\"is_edit\":\"0\",\"is_remove\":\"0\",\"is_excel\":\"0\"}'),
(352,	1,	22,	'{\"is_global\":\"1\",\"is_view\":\"1\",\"is_detail\":\"1\",\"is_add\":\"1\",\"is_edit\":\"1\",\"is_remove\":\"1\",\"is_excel\":\"1\"}'),
(353,	2,	22,	'{\"is_global\":\"0\",\"is_view\":\"0\",\"is_detail\":\"0\",\"is_add\":\"0\",\"is_edit\":\"0\",\"is_remove\":\"0\",\"is_excel\":\"0\"}'),
(354,	3,	22,	'{\"is_global\":\"0\",\"is_view\":\"0\",\"is_detail\":\"0\",\"is_add\":\"0\",\"is_edit\":\"0\",\"is_remove\":\"0\",\"is_excel\":\"0\"}'),
(355,	1,	23,	'{\"is_global\":\"1\",\"is_view\":\"1\",\"is_detail\":\"1\",\"is_add\":\"1\",\"is_edit\":\"1\",\"is_remove\":\"1\",\"is_excel\":\"1\"}'),
(356,	2,	23,	'{\"is_global\":\"0\",\"is_view\":\"0\",\"is_detail\":\"0\",\"is_add\":\"0\",\"is_edit\":\"0\",\"is_remove\":\"0\",\"is_excel\":\"0\"}'),
(357,	3,	23,	'{\"is_global\":\"0\",\"is_view\":\"0\",\"is_detail\":\"0\",\"is_add\":\"0\",\"is_edit\":\"0\",\"is_remove\":\"0\",\"is_excel\":\"0\"}'),
(358,	1,	24,	'{\"is_global\":\"1\",\"is_view\":\"1\",\"is_detail\":\"1\",\"is_add\":\"1\",\"is_edit\":\"1\",\"is_remove\":\"1\",\"is_excel\":\"1\"}'),
(359,	2,	24,	'{\"is_global\":\"0\",\"is_view\":\"0\",\"is_detail\":\"0\",\"is_add\":\"0\",\"is_edit\":\"0\",\"is_remove\":\"0\",\"is_excel\":\"0\"}'),
(360,	3,	24,	'{\"is_global\":\"0\",\"is_view\":\"0\",\"is_detail\":\"0\",\"is_add\":\"0\",\"is_edit\":\"0\",\"is_remove\":\"0\",\"is_excel\":\"0\"}'),
(379,	1,	37,	'{\"is_global\":\"1\",\"is_view\":\"1\",\"is_detail\":\"1\",\"is_add\":\"1\",\"is_edit\":\"1\",\"is_remove\":\"1\",\"is_excel\":\"1\"}'),
(380,	2,	37,	'{\"is_global\":\"1\",\"is_view\":\"1\",\"is_detail\":\"1\",\"is_add\":\"1\",\"is_edit\":\"1\",\"is_remove\":\"1\",\"is_excel\":\"1\"}'),
(381,	3,	37,	'{\"is_global\":\"1\",\"is_view\":\"1\",\"is_detail\":\"1\",\"is_add\":\"1\",\"is_edit\":\"1\",\"is_remove\":\"1\",\"is_excel\":\"1\"}'),
(382,	1,	38,	'{\"is_global\":\"1\",\"is_view\":\"1\",\"is_detail\":\"1\",\"is_add\":\"1\",\"is_edit\":\"1\",\"is_remove\":\"1\",\"is_excel\":\"1\"}'),
(383,	2,	38,	'{\"is_global\":\"1\",\"is_view\":\"1\",\"is_detail\":\"1\",\"is_add\":\"1\",\"is_edit\":\"1\",\"is_remove\":\"1\",\"is_excel\":\"1\"}'),
(384,	3,	38,	'{\"is_global\":\"1\",\"is_view\":\"1\",\"is_detail\":\"1\",\"is_add\":\"1\",\"is_edit\":\"1\",\"is_remove\":\"1\",\"is_excel\":\"1\"}'),
(385,	1,	32,	'{\"is_global\":\"1\",\"is_view\":\"1\",\"is_detail\":\"1\",\"is_add\":\"1\",\"is_edit\":\"1\",\"is_remove\":\"1\",\"is_excel\":\"1\"}'),
(386,	2,	32,	'{\"is_global\":\"1\",\"is_view\":\"1\",\"is_detail\":\"1\",\"is_add\":\"1\",\"is_edit\":\"1\",\"is_remove\":\"1\",\"is_excel\":\"1\"}'),
(387,	3,	32,	'{\"is_global\":\"1\",\"is_view\":\"1\",\"is_detail\":\"1\",\"is_add\":\"1\",\"is_edit\":\"1\",\"is_remove\":\"1\",\"is_excel\":\"1\"}'),
(388,	1,	33,	'{\"is_global\":\"1\",\"is_view\":\"1\",\"is_detail\":\"1\",\"is_add\":\"1\",\"is_edit\":\"1\",\"is_remove\":\"1\",\"is_excel\":\"1\"}'),
(389,	2,	33,	'{\"is_global\":\"1\",\"is_view\":\"1\",\"is_detail\":\"1\",\"is_add\":\"1\",\"is_edit\":\"1\",\"is_remove\":\"1\",\"is_excel\":\"1\"}'),
(390,	3,	33,	'{\"is_global\":\"1\",\"is_view\":\"1\",\"is_detail\":\"1\",\"is_add\":\"1\",\"is_edit\":\"1\",\"is_remove\":\"1\",\"is_excel\":\"1\"}'),
(397,	1,	40,	'{\"is_global\":\"1\",\"is_view\":\"1\",\"is_detail\":\"1\",\"is_add\":\"1\",\"is_edit\":\"1\",\"is_remove\":\"1\",\"is_excel\":\"1\"}'),
(398,	2,	40,	'{\"is_global\":\"0\",\"is_view\":\"0\",\"is_detail\":\"0\",\"is_add\":\"0\",\"is_edit\":\"0\",\"is_remove\":\"0\",\"is_excel\":\"0\"}'),
(399,	3,	40,	'{\"is_global\":\"0\",\"is_view\":\"0\",\"is_detail\":\"0\",\"is_add\":\"0\",\"is_edit\":\"0\",\"is_remove\":\"0\",\"is_excel\":\"0\"}'),
(418,	1,	45,	'{\"is_global\":\"1\",\"is_view\":\"1\",\"is_detail\":\"1\",\"is_add\":\"1\",\"is_edit\":\"1\",\"is_remove\":\"1\",\"is_excel\":\"1\"}'),
(419,	2,	45,	'{\"is_global\":\"0\",\"is_view\":\"0\",\"is_detail\":\"0\",\"is_add\":\"0\",\"is_edit\":\"0\",\"is_remove\":\"0\",\"is_excel\":\"0\"}'),
(420,	3,	45,	'{\"is_global\":\"0\",\"is_view\":\"0\",\"is_detail\":\"0\",\"is_add\":\"0\",\"is_edit\":\"0\",\"is_remove\":\"0\",\"is_excel\":\"0\"}'),
(430,	1,	48,	'{\"is_global\":\"1\",\"is_view\":\"1\",\"is_detail\":\"1\",\"is_add\":\"1\",\"is_edit\":\"1\",\"is_remove\":\"1\",\"is_excel\":\"1\"}'),
(431,	2,	48,	'{\"is_global\":\"1\",\"is_view\":\"1\",\"is_detail\":\"1\",\"is_add\":\"1\",\"is_edit\":\"1\",\"is_remove\":\"1\",\"is_excel\":\"1\"}'),
(432,	3,	48,	'{\"is_global\":\"0\",\"is_view\":\"0\",\"is_detail\":\"0\",\"is_add\":\"0\",\"is_edit\":\"0\",\"is_remove\":\"0\",\"is_excel\":\"0\"}'),
(487,	1,	8,	'{\"is_global\":\"1\",\"is_view\":\"1\",\"is_detail\":\"1\",\"is_add\":\"1\",\"is_edit\":\"1\",\"is_remove\":\"1\",\"is_excel\":\"1\"}'),
(488,	2,	8,	'{\"is_global\":\"1\",\"is_view\":\"1\",\"is_detail\":\"1\",\"is_add\":\"1\",\"is_edit\":\"1\",\"is_remove\":\"1\",\"is_excel\":\"1\"}'),
(489,	3,	8,	'{\"is_global\":\"1\",\"is_view\":\"1\",\"is_detail\":\"1\",\"is_add\":\"1\",\"is_edit\":\"1\",\"is_remove\":\"1\",\"is_excel\":\"1\"}'),
(490,	4,	8,	'{\"is_global\":\"1\",\"is_view\":\"1\",\"is_detail\":\"1\",\"is_add\":\"1\",\"is_edit\":\"1\",\"is_remove\":\"1\",\"is_excel\":\"1\"}'),
(499,	1,	61,	'{\"is_global\":\"1\",\"is_view\":\"1\",\"is_detail\":\"1\",\"is_add\":\"1\",\"is_edit\":\"1\",\"is_remove\":\"1\",\"is_excel\":\"1\"}'),
(500,	2,	61,	'{\"is_global\":\"0\",\"is_view\":\"0\",\"is_detail\":\"0\",\"is_add\":\"0\",\"is_edit\":\"0\",\"is_remove\":\"0\",\"is_excel\":\"0\"}'),
(501,	3,	61,	'{\"is_global\":\"0\",\"is_view\":\"0\",\"is_detail\":\"0\",\"is_add\":\"0\",\"is_edit\":\"0\",\"is_remove\":\"0\",\"is_excel\":\"0\"}'),
(502,	4,	61,	'{\"is_global\":\"1\",\"is_view\":\"1\",\"is_detail\":\"1\",\"is_add\":\"1\",\"is_edit\":\"1\",\"is_remove\":\"1\",\"is_excel\":\"1\"}'),
(503,	1,	60,	'{\"is_global\":\"1\",\"is_view\":\"1\",\"is_detail\":\"1\",\"is_add\":\"1\",\"is_edit\":\"1\",\"is_remove\":\"1\",\"is_excel\":\"1\"}'),
(504,	2,	60,	'{\"is_global\":\"0\",\"is_view\":\"0\",\"is_detail\":\"0\",\"is_add\":\"0\",\"is_edit\":\"0\",\"is_remove\":\"0\",\"is_excel\":\"0\"}'),
(505,	3,	60,	'{\"is_global\":\"0\",\"is_view\":\"0\",\"is_detail\":\"0\",\"is_add\":\"0\",\"is_edit\":\"0\",\"is_remove\":\"0\",\"is_excel\":\"0\"}'),
(506,	4,	60,	'{\"is_global\":\"1\",\"is_view\":\"1\",\"is_detail\":\"1\",\"is_add\":\"1\",\"is_edit\":\"1\",\"is_remove\":\"1\",\"is_excel\":\"1\"}'),
(511,	1,	7,	'{\"is_global\":\"1\",\"is_view\":\"1\",\"is_detail\":\"1\",\"is_add\":\"1\",\"is_edit\":\"1\",\"is_remove\":\"1\",\"is_excel\":\"1\"}'),
(512,	2,	7,	'{\"is_global\":\"1\",\"is_view\":\"1\",\"is_detail\":\"1\",\"is_add\":\"1\",\"is_edit\":\"1\",\"is_remove\":\"1\",\"is_excel\":\"1\"}'),
(513,	3,	7,	'{\"is_global\":\"1\",\"is_view\":\"1\",\"is_detail\":\"1\",\"is_add\":\"1\",\"is_edit\":\"1\",\"is_remove\":\"1\",\"is_excel\":\"1\"}'),
(514,	4,	7,	'{\"is_global\":\"1\",\"is_view\":\"1\",\"is_detail\":\"1\",\"is_add\":\"1\",\"is_edit\":\"1\",\"is_remove\":\"1\",\"is_excel\":\"1\"}'),
(519,	1,	62,	'{\"is_global\":\"1\",\"is_view\":\"1\",\"is_detail\":\"1\",\"is_add\":\"1\",\"is_edit\":\"1\",\"is_remove\":\"1\",\"is_excel\":\"1\"}'),
(520,	2,	62,	'{\"is_global\":\"0\",\"is_view\":\"0\",\"is_detail\":\"0\",\"is_add\":\"0\",\"is_edit\":\"0\",\"is_remove\":\"0\",\"is_excel\":\"0\"}'),
(521,	3,	62,	'{\"is_global\":\"0\",\"is_view\":\"0\",\"is_detail\":\"0\",\"is_add\":\"0\",\"is_edit\":\"0\",\"is_remove\":\"0\",\"is_excel\":\"0\"}'),
(522,	4,	62,	'{\"is_global\":\"1\",\"is_view\":\"1\",\"is_detail\":\"1\",\"is_add\":\"1\",\"is_edit\":\"1\",\"is_remove\":\"1\",\"is_excel\":\"1\"}'),
(527,	1,	63,	'{\"is_global\":\"1\",\"is_view\":\"1\",\"is_detail\":\"1\",\"is_add\":\"1\",\"is_edit\":\"1\",\"is_remove\":\"1\",\"is_excel\":\"1\"}'),
(528,	2,	63,	'{\"is_global\":\"0\",\"is_view\":\"0\",\"is_detail\":\"0\",\"is_add\":\"0\",\"is_edit\":\"0\",\"is_remove\":\"0\",\"is_excel\":\"0\"}'),
(529,	3,	63,	'{\"is_global\":\"0\",\"is_view\":\"0\",\"is_detail\":\"0\",\"is_add\":\"0\",\"is_edit\":\"0\",\"is_remove\":\"0\",\"is_excel\":\"0\"}'),
(530,	4,	63,	'{\"is_global\":\"1\",\"is_view\":\"1\",\"is_detail\":\"1\",\"is_add\":\"1\",\"is_edit\":\"1\",\"is_remove\":\"1\",\"is_excel\":\"1\"}'),
(531,	1,	64,	'{\"is_global\":\"1\",\"is_view\":\"1\",\"is_detail\":\"1\",\"is_add\":\"1\",\"is_edit\":\"1\",\"is_remove\":\"1\",\"is_excel\":\"1\"}'),
(532,	2,	64,	'{\"is_global\":\"0\",\"is_view\":\"0\",\"is_detail\":\"0\",\"is_add\":\"0\",\"is_edit\":\"0\",\"is_remove\":\"0\",\"is_excel\":\"0\"}'),
(533,	3,	64,	'{\"is_global\":\"0\",\"is_view\":\"0\",\"is_detail\":\"0\",\"is_add\":\"0\",\"is_edit\":\"0\",\"is_remove\":\"0\",\"is_excel\":\"0\"}'),
(534,	4,	64,	'{\"is_global\":\"0\",\"is_view\":\"0\",\"is_detail\":\"0\",\"is_add\":\"0\",\"is_edit\":\"0\",\"is_remove\":\"0\",\"is_excel\":\"0\"}'),
(535,	1,	65,	'{\"is_global\":\"1\",\"is_view\":\"1\",\"is_detail\":\"1\",\"is_add\":\"1\",\"is_edit\":\"1\",\"is_remove\":\"1\",\"is_excel\":\"1\"}'),
(536,	2,	65,	'{\"is_global\":\"0\",\"is_view\":\"0\",\"is_detail\":\"0\",\"is_add\":\"0\",\"is_edit\":\"0\",\"is_remove\":\"0\",\"is_excel\":\"0\"}'),
(537,	3,	65,	'{\"is_global\":\"0\",\"is_view\":\"0\",\"is_detail\":\"0\",\"is_add\":\"0\",\"is_edit\":\"0\",\"is_remove\":\"0\",\"is_excel\":\"0\"}'),
(538,	4,	65,	'{\"is_global\":\"0\",\"is_view\":\"0\",\"is_detail\":\"0\",\"is_add\":\"0\",\"is_edit\":\"0\",\"is_remove\":\"0\",\"is_excel\":\"0\"}'),
(543,	1,	2,	'{\"is_global\":\"1\",\"is_view\":\"1\",\"is_detail\":\"1\",\"is_add\":\"1\",\"is_edit\":\"1\",\"is_remove\":\"1\",\"is_excel\":\"1\"}'),
(544,	2,	2,	'{\"is_global\":\"1\",\"is_view\":\"1\",\"is_detail\":\"1\",\"is_add\":\"1\",\"is_edit\":\"1\",\"is_remove\":\"0\",\"is_excel\":\"1\"}'),
(545,	3,	2,	'{\"is_global\":\"0\",\"is_view\":\"1\",\"is_detail\":\"0\",\"is_add\":\"0\",\"is_edit\":\"1\",\"is_remove\":\"0\",\"is_excel\":\"0\"}'),
(546,	4,	2,	'{\"is_global\":\"0\",\"is_view\":\"0\",\"is_detail\":\"0\",\"is_add\":\"0\",\"is_edit\":\"0\",\"is_remove\":\"0\",\"is_excel\":\"0\"}'),
(607,	1,	76,	'{\"is_global\":\"1\",\"is_view\":\"1\",\"is_detail\":\"1\",\"is_add\":\"1\",\"is_edit\":\"1\",\"is_remove\":\"1\",\"is_excel\":\"1\"}'),
(608,	2,	76,	'{\"is_global\":\"1\",\"is_view\":\"1\",\"is_detail\":\"1\",\"is_add\":\"1\",\"is_edit\":\"1\",\"is_remove\":\"1\",\"is_excel\":\"1\"}'),
(609,	3,	76,	'{\"is_global\":\"0\",\"is_view\":\"0\",\"is_detail\":\"0\",\"is_add\":\"0\",\"is_edit\":\"0\",\"is_remove\":\"0\",\"is_excel\":\"0\"}'),
(610,	4,	76,	'{\"is_global\":\"0\",\"is_view\":\"0\",\"is_detail\":\"0\",\"is_add\":\"0\",\"is_edit\":\"0\",\"is_remove\":\"0\",\"is_excel\":\"0\"}'),
(0,	1,	72,	'{\"is_global\":\"1\",\"is_view\":\"1\",\"is_detail\":\"1\",\"is_add\":\"0\",\"is_edit\":\"0\",\"is_remove\":\"0\",\"is_excel\":\"1\"}'),
(0,	2,	72,	'{\"is_global\":\"1\",\"is_view\":\"1\",\"is_detail\":\"1\",\"is_add\":\"0\",\"is_edit\":\"0\",\"is_remove\":\"0\",\"is_excel\":\"0\"}'),
(0,	3,	72,	'{\"is_global\":\"1\",\"is_view\":\"1\",\"is_detail\":\"1\",\"is_add\":\"0\",\"is_edit\":\"0\",\"is_remove\":\"0\",\"is_excel\":\"0\"}'),
(0,	4,	72,	'{\"is_global\":\"0\",\"is_view\":\"0\",\"is_detail\":\"0\",\"is_add\":\"0\",\"is_edit\":\"0\",\"is_remove\":\"0\",\"is_excel\":\"0\"}'),
(0,	1,	69,	'{\"is_global\":\"1\",\"is_view\":\"1\",\"is_detail\":\"1\",\"is_add\":\"0\",\"is_edit\":\"1\",\"is_remove\":\"0\",\"is_excel\":\"1\"}'),
(0,	2,	69,	'{\"is_global\":\"1\",\"is_view\":\"1\",\"is_detail\":\"1\",\"is_add\":\"0\",\"is_edit\":\"0\",\"is_remove\":\"0\",\"is_excel\":\"1\"}'),
(0,	3,	69,	'{\"is_global\":\"1\",\"is_view\":\"1\",\"is_detail\":\"1\",\"is_add\":\"1\",\"is_edit\":\"1\",\"is_remove\":\"0\",\"is_excel\":\"1\"}'),
(0,	4,	69,	'{\"is_global\":\"0\",\"is_view\":\"0\",\"is_detail\":\"0\",\"is_add\":\"0\",\"is_edit\":\"0\",\"is_remove\":\"0\",\"is_excel\":\"0\"}'),
(0,	1,	70,	'{\"is_global\":\"1\",\"is_view\":\"1\",\"is_detail\":\"1\",\"is_add\":\"1\",\"is_edit\":\"1\",\"is_remove\":\"1\",\"is_excel\":\"1\"}'),
(0,	2,	70,	'{\"is_global\":\"1\",\"is_view\":\"1\",\"is_detail\":\"1\",\"is_add\":\"0\",\"is_edit\":\"0\",\"is_remove\":\"0\",\"is_excel\":\"1\"}'),
(0,	3,	70,	'{\"is_global\":\"1\",\"is_view\":\"1\",\"is_detail\":\"1\",\"is_add\":\"1\",\"is_edit\":\"1\",\"is_remove\":\"1\",\"is_excel\":\"1\"}'),
(0,	4,	70,	'{\"is_global\":\"0\",\"is_view\":\"0\",\"is_detail\":\"0\",\"is_add\":\"0\",\"is_edit\":\"0\",\"is_remove\":\"0\",\"is_excel\":\"0\"}'),
(0,	1,	68,	'{\"is_global\":\"1\",\"is_view\":\"1\",\"is_detail\":\"1\",\"is_add\":\"1\",\"is_edit\":\"1\",\"is_remove\":\"0\",\"is_excel\":\"1\"}'),
(0,	2,	68,	'{\"is_global\":\"1\",\"is_view\":\"1\",\"is_detail\":\"1\",\"is_add\":\"1\",\"is_edit\":\"1\",\"is_remove\":\"0\",\"is_excel\":\"1\"}'),
(0,	3,	68,	'{\"is_global\":\"0\",\"is_view\":\"0\",\"is_detail\":\"1\",\"is_add\":\"0\",\"is_edit\":\"0\",\"is_remove\":\"0\",\"is_excel\":\"0\"}'),
(0,	4,	68,	'{\"is_global\":\"0\",\"is_view\":\"0\",\"is_detail\":\"0\",\"is_add\":\"0\",\"is_edit\":\"0\",\"is_remove\":\"0\",\"is_excel\":\"0\"}'),
(0,	1,	66,	'{\"is_global\":\"1\",\"is_view\":\"1\",\"is_detail\":\"1\",\"is_add\":\"1\",\"is_edit\":\"1\",\"is_remove\":\"0\",\"is_excel\":\"1\"}'),
(0,	2,	66,	'{\"is_global\":\"0\",\"is_view\":\"0\",\"is_detail\":\"0\",\"is_add\":\"0\",\"is_edit\":\"0\",\"is_remove\":\"0\",\"is_excel\":\"0\"}'),
(0,	3,	66,	'{\"is_global\":\"0\",\"is_view\":\"0\",\"is_detail\":\"0\",\"is_add\":\"0\",\"is_edit\":\"0\",\"is_remove\":\"0\",\"is_excel\":\"0\"}'),
(0,	4,	66,	'{\"is_global\":\"0\",\"is_view\":\"0\",\"is_detail\":\"0\",\"is_add\":\"0\",\"is_edit\":\"0\",\"is_remove\":\"0\",\"is_excel\":\"0\"}'),
(0,	1,	73,	'{\"is_global\":\"1\",\"is_view\":\"1\",\"is_detail\":\"1\",\"is_add\":\"1\",\"is_edit\":\"1\",\"is_remove\":\"0\",\"is_excel\":\"1\"}'),
(0,	2,	73,	'{\"is_global\":\"0\",\"is_view\":\"0\",\"is_detail\":\"0\",\"is_add\":\"0\",\"is_edit\":\"0\",\"is_remove\":\"0\",\"is_excel\":\"0\"}'),
(0,	3,	73,	'{\"is_global\":\"0\",\"is_view\":\"0\",\"is_detail\":\"0\",\"is_add\":\"0\",\"is_edit\":\"0\",\"is_remove\":\"0\",\"is_excel\":\"0\"}'),
(0,	4,	73,	'{\"is_global\":\"0\",\"is_view\":\"0\",\"is_detail\":\"0\",\"is_add\":\"0\",\"is_edit\":\"0\",\"is_remove\":\"0\",\"is_excel\":\"0\"}'),
(0,	1,	0,	'{\"is_global\":\"1\",\"is_view\":\"1\",\"is_detail\":\"1\",\"is_add\":\"1\",\"is_edit\":\"1\",\"is_remove\":\"1\",\"is_excel\":\"1\"}'),
(0,	2,	0,	'{\"is_global\":\"0\",\"is_view\":\"0\",\"is_detail\":\"0\",\"is_add\":\"0\",\"is_edit\":\"0\",\"is_remove\":\"0\",\"is_excel\":\"0\"}'),
(0,	3,	0,	'{\"is_global\":\"0\",\"is_view\":\"0\",\"is_detail\":\"0\",\"is_add\":\"0\",\"is_edit\":\"0\",\"is_remove\":\"0\",\"is_excel\":\"0\"}'),
(0,	4,	0,	'{\"is_global\":\"0\",\"is_view\":\"0\",\"is_detail\":\"0\",\"is_add\":\"0\",\"is_edit\":\"0\",\"is_remove\":\"0\",\"is_excel\":\"0\"}'),
(0,	1,	0,	'{\"is_global\":\"1\",\"is_view\":\"1\",\"is_detail\":\"1\",\"is_add\":\"1\",\"is_edit\":\"1\",\"is_remove\":\"1\",\"is_excel\":\"1\"}'),
(0,	2,	0,	'{\"is_global\":\"0\",\"is_view\":\"0\",\"is_detail\":\"0\",\"is_add\":\"0\",\"is_edit\":\"0\",\"is_remove\":\"0\",\"is_excel\":\"0\"}'),
(0,	3,	0,	'{\"is_global\":\"0\",\"is_view\":\"0\",\"is_detail\":\"0\",\"is_add\":\"0\",\"is_edit\":\"0\",\"is_remove\":\"0\",\"is_excel\":\"0\"}'),
(0,	4,	0,	'{\"is_global\":\"0\",\"is_view\":\"0\",\"is_detail\":\"0\",\"is_add\":\"0\",\"is_edit\":\"0\",\"is_remove\":\"0\",\"is_excel\":\"0\"}'),
(0,	1,	77,	'{\"is_global\":\"1\",\"is_view\":\"1\",\"is_detail\":\"1\",\"is_add\":\"0\",\"is_edit\":\"0\",\"is_remove\":\"0\",\"is_excel\":\"1\"}'),
(0,	2,	77,	'{\"is_global\":\"1\",\"is_view\":\"1\",\"is_detail\":\"1\",\"is_add\":\"0\",\"is_edit\":\"0\",\"is_remove\":\"0\",\"is_excel\":\"1\"}'),
(0,	3,	77,	'{\"is_global\":\"0\",\"is_view\":\"0\",\"is_detail\":\"0\",\"is_add\":\"0\",\"is_edit\":\"0\",\"is_remove\":\"0\",\"is_excel\":\"0\"}'),
(0,	4,	77,	'{\"is_global\":\"0\",\"is_view\":\"0\",\"is_detail\":\"0\",\"is_add\":\"0\",\"is_edit\":\"0\",\"is_remove\":\"0\",\"is_excel\":\"0\"}'),
(0,	1,	74,	'{\"is_global\":\"1\",\"is_view\":\"1\",\"is_detail\":\"1\",\"is_add\":\"1\",\"is_edit\":\"1\",\"is_remove\":\"0\",\"is_excel\":\"1\"}'),
(0,	2,	74,	'{\"is_global\":\"0\",\"is_view\":\"0\",\"is_detail\":\"0\",\"is_add\":\"0\",\"is_edit\":\"0\",\"is_remove\":\"0\",\"is_excel\":\"0\"}'),
(0,	3,	74,	'{\"is_global\":\"0\",\"is_view\":\"0\",\"is_detail\":\"0\",\"is_add\":\"0\",\"is_edit\":\"0\",\"is_remove\":\"0\",\"is_excel\":\"0\"}'),
(0,	4,	74,	'{\"is_global\":\"0\",\"is_view\":\"0\",\"is_detail\":\"0\",\"is_add\":\"0\",\"is_edit\":\"0\",\"is_remove\":\"0\",\"is_excel\":\"0\"}'),
(0,	1,	95,	'{\"is_global\":\"1\",\"is_view\":\"1\",\"is_detail\":\"1\",\"is_add\":\"0\",\"is_edit\":\"1\",\"is_remove\":\"1\",\"is_excel\":\"1\"}'),
(0,	2,	95,	'{\"is_global\":\"1\",\"is_view\":\"1\",\"is_detail\":\"1\",\"is_add\":\"0\",\"is_edit\":\"1\",\"is_remove\":\"0\",\"is_excel\":\"1\"}'),
(0,	3,	95,	'{\"is_global\":\"0\",\"is_view\":\"0\",\"is_detail\":\"0\",\"is_add\":\"0\",\"is_edit\":\"0\",\"is_remove\":\"0\",\"is_excel\":\"0\"}'),
(0,	4,	95,	'{\"is_global\":\"0\",\"is_view\":\"0\",\"is_detail\":\"0\",\"is_add\":\"0\",\"is_edit\":\"0\",\"is_remove\":\"0\",\"is_excel\":\"0\"}'),
(0,	1,	71,	'{\"is_global\":\"1\",\"is_view\":\"1\",\"is_detail\":\"1\",\"is_add\":\"0\",\"is_edit\":\"1\",\"is_remove\":\"1\",\"is_excel\":\"1\"}'),
(0,	2,	71,	'{\"is_global\":\"1\",\"is_view\":\"1\",\"is_detail\":\"1\",\"is_add\":\"0\",\"is_edit\":\"0\",\"is_remove\":\"0\",\"is_excel\":\"1\"}'),
(0,	3,	71,	'{\"is_global\":\"0\",\"is_view\":\"0\",\"is_detail\":\"0\",\"is_add\":\"0\",\"is_edit\":\"0\",\"is_remove\":\"0\",\"is_excel\":\"0\"}'),
(0,	4,	71,	'{\"is_global\":\"0\",\"is_view\":\"0\",\"is_detail\":\"0\",\"is_add\":\"0\",\"is_edit\":\"0\",\"is_remove\":\"0\",\"is_excel\":\"0\"}');

DROP TABLE IF EXISTS `tb_logs`;
CREATE TABLE `tb_logs` (
  `auditID` int(20) NOT NULL AUTO_INCREMENT,
  `ipaddress` varchar(50) DEFAULT NULL,
  `user_id` int(11) DEFAULT NULL,
  `module` varchar(50) DEFAULT NULL,
  `task` varchar(50) DEFAULT NULL,
  `note` text,
  `logdate` timestamp NOT NULL DEFAULT CURRENT_TIMESTAMP,
  PRIMARY KEY (`auditID`)
) ENGINE=InnoDB AUTO_INCREMENT=909 DEFAULT CHARSET=latin1;

INSERT INTO `tb_logs` (`auditID`, `ipaddress`, `user_id`, `module`, `task`, `note`, `logdate`) VALUES
(804,	'127.0.0.1',	1,	'administrator',	'caseattechments',	'New Entry row with ID : 7  , Has Been Save Successfull',	'2017-12-15 11:12:50'),
(805,	'127.0.0.1',	3,	'administrator',	'caseattechments',	'New Entry row with ID : 6  , Has Been Save Successfull',	'2017-12-15 12:23:37'),
(806,	'127.0.0.1',	1,	'administrator',	'cases',	'New Entry row with ID : 1  , Has Been Save Successfull',	'2017-12-16 03:50:43'),
(807,	'127.0.0.1',	1,	'administrator',	'cases',	'New Entry row with ID : 1  , Has Been Save Successfull',	'2017-12-16 03:55:28'),
(808,	'127.0.0.1',	3,	'administrator',	'cases',	'New Entry row with ID : 1  , Has Been Save Successfull',	'2017-12-16 04:04:04'),
(809,	'127.0.0.1',	1,	'administrator',	'caseattechments',	'ID : 6  , Has Been Removed Successfull',	'2017-12-16 04:54:39'),
(810,	'127.0.0.1',	3,	'administrator',	'caseattechments',	'New Entry row with ID : 8  , Has Been Save Successfull',	'2017-12-16 06:06:42'),
(811,	'127.0.0.1',	3,	'administrator',	'caseattechments',	'New Entry row with ID : 9  , Has Been Save Successfull',	'2017-12-16 06:09:41'),
(812,	'127.0.0.1',	3,	'administrator',	'caseattechments',	'New Entry row with ID : 10  , Has Been Save Successfull',	'2017-12-16 06:10:22'),
(813,	'127.0.0.1',	3,	'administrator',	'caseattechments',	'New Entry row with ID : 11  , Has Been Save Successfull',	'2017-12-16 06:11:38'),
(814,	'127.0.0.1',	3,	'administrator',	'caseattechments',	'New Entry row with ID : 12  , Has Been Save Successfull',	'2017-12-16 06:13:05'),
(815,	'127.0.0.1',	1,	'administrator',	'caseassign',	'New Entry row with ID : 1  , Has Been Save Successfull',	'2017-12-16 07:23:10'),
(816,	'127.0.0.1',	1,	'administrator',	'cases',	'New Entry row with ID : 1  , Has Been Save Successfull',	'2017-12-16 08:11:12'),
(817,	'127.0.0.1',	1,	'administrator',	'caseattechments',	'New Entry row with ID : 1  , Has Been Save Successfull',	'2017-12-16 08:12:10'),
(818,	'127.0.0.1',	3,	'administrator',	'caseattechments',	'New Entry row with ID : 1  , Has Been Save Successfull',	'2017-12-16 08:26:20'),
(819,	'127.0.0.1',	3,	'administrator',	'caseattechments',	'New Entry row with ID : 1  , Has Been Save Successfull',	'2017-12-16 08:32:44'),
(820,	'127.0.0.1',	3,	'administrator',	'caseattechments',	'New Entry row with ID : 1  , Has Been Save Successfull',	'2017-12-16 09:39:55'),
(821,	'127.0.0.1',	3,	'administrator',	'caseattechments',	'New Entry row with ID : 2  , Has Been Save Successfull',	'2017-12-16 09:40:38'),
(822,	'127.0.0.1',	3,	'administrator',	'caseattechments',	'New Entry row with ID : 3  , Has Been Save Successfull',	'2017-12-16 09:41:34'),
(823,	'127.0.0.1',	3,	'administrator',	'caseattechments',	'New Entry row with ID : 4  , Has Been Save Successfull',	'2017-12-16 09:42:16'),
(824,	'127.0.0.1',	3,	'administrator',	'cases',	'New Entry row with ID : 2  , Has Been Save Successfull',	'2017-12-16 11:14:58'),
(825,	'127.0.0.1',	1,	'administrator',	'cases',	'New Entry row with ID : 2  , Has Been Save Successfull',	'2017-12-16 11:21:31'),
(826,	'127.0.0.1',	3,	'administrator',	'cases',	'New Entry row with ID : 2  , Has Been Save Successfull',	'2017-12-16 11:21:54'),
(827,	'127.0.0.1',	1,	'administrator',	'cases',	'New Entry row with ID : 2  , Has Been Save Successfull',	'2017-12-16 11:26:50'),
(828,	'127.0.0.1',	1,	'administrator',	'cases',	'New Entry row with ID : 2  , Has Been Save Successfull',	'2017-12-16 11:34:21'),
(829,	'127.0.0.1',	1,	'administrator',	'cases',	'New Entry row with ID : 1  , Has Been Save Successfull',	'2017-12-16 11:34:37'),
(830,	'127.0.0.1',	1,	'administrator',	'cases',	'New Entry row with ID : 1  , Has Been Save Successfull',	'2017-12-16 11:34:44'),
(831,	'127.0.0.1',	1,	'administrator',	'cases',	'New Entry row with ID : 1  , Has Been Save Successfull',	'2017-12-16 11:38:10'),
(832,	'127.0.0.1',	1,	'administrator',	'tblusers',	'New Entry row with ID : 4  , Has Been Save Successfull',	'2017-12-16 11:42:58'),
(833,	'127.0.0.1',	1,	'administrator',	'tblusers',	'ID : 4  , Has Been Removed Successfull',	'2017-12-16 11:57:50'),
(834,	'127.0.0.1',	1,	'administrator',	'tblusers',	'New Entry row with ID : 5  , Has Been Save Successfull',	'2017-12-16 11:59:03'),
(835,	'127.0.0.1',	1,	'administrator',	'tblusers',	'New Entry row with ID : 6  , Has Been Save Successfull',	'2017-12-16 12:07:17'),
(836,	'127.0.0.1',	1,	'administrator',	'tblusers',	'New Entry row with ID : 7  , Has Been Save Successfull',	'2017-12-16 12:07:49'),
(837,	'127.0.0.1',	1,	'administrator',	'tblusers',	'New Entry row with ID : 7  , Has Been Save Successfull',	'2017-12-16 12:09:35'),
(838,	'127.0.0.1',	1,	'administrator',	'tblusers',	'New Entry row with ID : 5  , Has Been Save Successfull',	'2017-12-16 12:09:57'),
(839,	'127.0.0.1',	1,	'administrator',	'tblusers',	'New Entry row with ID : 5  , Has Been Save Successfull',	'2017-12-16 12:10:06'),
(840,	'127.0.0.1',	1,	'administrator',	'tblusers',	'New Entry row with ID : 7  , Has Been Save Successfull',	'2017-12-16 12:10:45'),
(841,	'127.0.0.1',	1,	'administrator',	'caseassign',	'ID : 1  , Has Been Removed Successfull',	'2017-12-18 04:35:02'),
(842,	'127.0.0.1',	1,	'administrator',	'cases',	'ID : 1  , Has Been Removed Successfull',	'2017-12-18 04:42:45'),
(843,	'127.0.0.1',	1,	'administrator',	'caseassign',	'ID : 2  , Has Been Removed Successfull',	'2017-12-18 06:03:08'),
(844,	'127.0.0.1',	1,	'administrator',	'caseassign',	'ID :   , Has Been Removed Successfull',	'2017-12-18 06:04:37'),
(845,	'127.0.0.1',	1,	'administrator',	'caseassign',	'ID : 3  , Has Been Removed Successfull',	'2017-12-18 06:04:45'),
(846,	'127.0.0.1',	1,	'administrator',	'caseassign',	'ID : 4  , Has Been Removed Successfull',	'2017-12-18 06:08:00'),
(847,	'127.0.0.1',	1,	'administrator',	'caseassign',	'ID : 5  , Has Been Removed Successfull',	'2017-12-18 06:09:36'),
(848,	'127.0.0.1',	1,	'administrator',	'caseassign',	'ID : 6  , Has Been Removed Successfull',	'2017-12-18 06:10:41'),
(849,	'127.0.0.1',	1,	'administrator',	'caseassign',	'ID : 7  , Has Been Removed Successfull',	'2017-12-18 06:17:24'),
(850,	'127.0.0.1',	8,	'administrator',	'caseattechments',	'New Entry row with ID : 5  , Has Been Save Successfull',	'2017-12-20 06:03:04'),
(851,	'127.0.0.1',	8,	'administrator',	'caseattechments',	'New Entry row with ID : 5  , Has Been Save Successfull',	'2017-12-20 08:17:34'),
(852,	'127.0.0.1',	8,	'administrator',	'caseattechments',	'New Entry row with ID : 7  , Has Been Save Successfull',	'2017-12-20 08:51:02'),
(853,	'127.0.0.1',	8,	'administrator',	'caseattechments',	'New Entry row with ID : 7  , Has Been Save Successfull',	'2017-12-20 08:55:10'),
(854,	'127.0.0.1',	8,	'administrator',	'caseattechments',	'New Entry row with ID : 8  , Has Been Save Successfull',	'2017-12-20 08:56:04'),
(855,	'127.0.0.1',	8,	'administrator',	'caseattechments',	'New Entry row with ID : 9  , Has Been Save Successfull',	'2017-12-20 08:56:24'),
(856,	'127.0.0.1',	8,	'administrator',	'caseattechments',	'ID :   , Has Been Removed Successfull',	'2017-12-20 09:00:36'),
(857,	'127.0.0.1',	8,	'administrator',	'caseattechments',	'ID :   , Has Been Removed Successfull',	'2017-12-20 09:00:43'),
(858,	'127.0.0.1',	8,	'administrator',	'caseattechments',	'ID :   , Has Been Removed Successfull',	'2017-12-20 09:01:13'),
(859,	'127.0.0.1',	8,	'administrator',	'caseattechments',	'ID : 5  , Has Been Removed Successfull',	'2017-12-20 09:10:52'),
(860,	'127.0.0.1',	8,	'administrator',	'caseattechments',	'ID : 9  , Has Been Removed Successfull',	'2017-12-20 09:15:12'),
(861,	'127.0.0.1',	8,	'administrator',	'caseattechments',	'New Entry row with ID : 6  , Has Been Save Successfull',	'2017-12-20 09:20:17'),
(862,	'122.173.46.205',	2,	'administrator',	'cases',	'New Entry row with ID : 1  , Has Been Save Successfull',	'2017-12-22 09:28:20'),
(863,	'122.173.46.205',	1,	'administrator',	'cases',	'New Entry row with ID : 1  , Has Been Save Successfull',	'2017-12-22 11:15:57'),
(864,	'122.173.46.205',	1,	'administrator',	'cases',	'New Entry row with ID : 1  , Has Been Save Successfull',	'2017-12-22 11:19:15'),
(865,	'122.173.46.205',	1,	'administrator',	'cases',	'New Entry row with ID : 1  , Has Been Save Successfull',	'2017-12-22 11:20:38'),
(866,	'122.173.46.205',	1,	'administrator',	'cases',	'New Entry row with ID : 1  , Has Been Save Successfull',	'2017-12-22 11:21:14'),
(867,	'122.173.46.205',	1,	'administrator',	'tblusers',	'New Entry row with ID : 3  , Has Been Save Successfull',	'2017-12-22 11:26:39'),
(868,	'122.173.46.205',	1,	'administrator',	'tblusers',	'New Entry row with ID : 4  , Has Been Save Successfull',	'2017-12-22 11:28:04'),
(869,	'122.173.46.205',	1,	'administrator',	'cases',	'New Entry row with ID : 1  , Has Been Save Successfull',	'2017-12-22 11:44:00'),
(870,	'122.173.160.229',	1,	'administrator',	'cases',	'New Entry row with ID : 1  , Has Been Save Successfull',	'2017-12-23 04:49:33'),
(871,	'122.173.160.229',	1,	'administrator',	'caseassign',	'New Entry row with ID : 4  , Has Been Save Successfull',	'2017-12-23 07:47:18'),
(872,	'122.173.160.229',	1,	'administrator',	'caseassign',	'New Entry row with ID : 5  , Has Been Save Successfull',	'2017-12-23 07:48:07'),
(873,	'122.173.160.229',	1,	'administrator',	'caseassign',	'New Entry row with ID : 6  , Has Been Save Successfull',	'2017-12-23 07:50:05'),
(874,	'122.173.160.229',	1,	'administrator',	'caseassign',	'ID : 6  , Has Been Removed Successfull',	'2017-12-23 07:55:27'),
(875,	'122.173.160.229',	1,	'administrator',	'caseassign',	'New Entry row with ID : 7  , Has Been Save Successfull',	'2017-12-23 07:56:46'),
(876,	'122.173.160.229',	1,	'administrator',	'caseassign',	'New Entry row with ID : 8  , Has Been Save Successfull',	'2017-12-23 07:58:35'),
(877,	'122.173.160.229',	1,	'administrator',	'caseassign',	'ID : 8  , Has Been Removed Successfull',	'2017-12-23 07:58:49'),
(878,	'122.173.160.229',	1,	'administrator',	'caseassign',	'New Entry row with ID : 3  , Has Been Save Successfull',	'2017-12-23 08:01:12'),
(879,	'122.173.160.229',	1,	'administrator',	'caseassign',	'New Entry row with ID : 3  , Has Been Save Successfull',	'2017-12-23 08:01:25'),
(880,	'122.173.160.229',	1,	'administrator',	'casehearing',	'New Entry row with ID : 1  , Has Been Save Successfull',	'2017-12-23 08:33:37'),
(881,	'122.173.160.229',	1,	'administrator',	'casehearing',	'New Entry row with ID : 1  , Has Been Save Successfull',	'2017-12-23 08:33:58'),
(882,	'122.173.160.229',	1,	'administrator',	'casehearing',	'New Entry row with ID : 1  , Has Been Save Successfull',	'2017-12-23 08:34:18'),
(883,	'122.173.160.229',	1,	'administrator',	'casehearing',	'New Entry row with ID : 2  , Has Been Save Successfull',	'2017-12-23 08:46:52'),
(884,	'122.173.171.229',	6,	'administrator',	'caseattechments',	'New Entry row with ID : 16  , Has Been Save Successfull',	'2017-12-28 08:35:40'),
(885,	'122.173.171.229',	6,	'administrator',	'cases',	'New Entry row with ID : 4  , Has Been Save Successfull',	'2017-12-28 09:27:54'),
(886,	'122.173.171.229',	6,	'administrator',	'cases',	'New Entry row with ID : 4  , Has Been Save Successfull',	'2017-12-28 09:34:22'),
(887,	'122.173.171.229',	6,	'administrator',	'caseattechments',	'New Entry row with ID : 12  , Has Been Save Successfull',	'2017-12-28 09:51:45'),
(888,	'122.173.171.229',	1,	'administrator',	'caseassign',	'New Entry row with ID : 9  , Has Been Save Successfull',	'2017-12-28 11:54:36'),
(889,	'122.173.171.229',	1,	'administrator',	'caseassign',	'New Entry row with ID : 3  , Has Been Save Successfull',	'2017-12-28 12:01:01'),
(890,	'122.173.135.39',	1,	'administrator',	'casedecision',	'New Entry row with ID : 1  , Has Been Save Successfull',	'2017-12-29 06:41:16'),
(891,	'122.173.135.39',	1,	'administrator',	'casedecision',	'New Entry row with ID : 3  , Has Been Save Successfull',	'2017-12-29 06:41:38'),
(892,	'122.173.135.39',	1,	'administrator',	'casedecision',	'New Entry row with ID :   , Has Been Save Successfull',	'2017-12-29 07:15:42'),
(893,	'122.173.135.39',	1,	'administrator',	'casedecision',	'New Entry row with ID :   , Has Been Save Successfull',	'2017-12-29 07:17:18'),
(894,	'122.173.135.39',	1,	'administrator',	'casedecision',	'New Entry row with ID :   , Has Been Save Successfull',	'2017-12-29 07:17:34'),
(895,	'122.173.135.39',	1,	'administrator',	'casedecision',	'New Entry row with ID :   , Has Been Save Successfull',	'2017-12-29 07:31:58'),
(896,	'122.173.212.174',	1,	'administrator',	'casedecision',	'New Entry row with ID :   , Has Been Save Successfull',	'2017-12-29 07:42:22'),
(897,	'171.61.218.14',	1,	'administrator',	'casedecision',	'ID : 1  , Has Been Removed Successfull',	'2017-12-29 08:33:56'),
(898,	'171.61.218.14',	1,	'administrator',	'casedecision',	'ID : 3  , Has Been Removed Successfull',	'2017-12-29 09:16:16'),
(899,	'122.173.240.192',	1,	'administrator',	'cases',	'New Entry row with ID : 7  , Has Been Save Successfull',	'2018-01-03 06:31:10'),
(900,	'122.173.240.192',	1,	'administrator',	'cases',	'New Entry row with ID : 7  , Has Been Save Successfull',	'2018-01-03 06:31:29'),
(901,	'122.173.35.243',	1,	'administrator',	'casedecision',	'ID : 11  , Has Been Removed Successfull',	'2018-01-04 06:46:13'),
(902,	'122.173.35.243',	1,	'administrator',	'caseassign',	'New Entry row with ID : 12  , Has Been Save Successfull',	'2018-01-04 07:33:31'),
(903,	'122.173.35.243',	1,	'administrator',	'caseassign',	'ID : 11,12,13  , Has Been Removed Successfull',	'2018-01-04 08:40:36'),
(904,	'122.173.35.243',	1,	'administrator',	'caseassign',	'ID : 3  , Has Been Removed Successfull',	'2018-01-04 09:04:06'),
(905,	'122.173.35.243',	1,	'administrator',	'caseassign',	'ID : 1,2,10  , Has Been Removed Successfull',	'2018-01-04 09:07:40'),
(906,	'122.173.35.243',	1,	'administrator',	'casedecision',	'ID : 5  , Has Been Removed Successfull',	'2018-01-04 09:08:02'),
(907,	'122.173.21.5',	1,	'administrator',	'caseassign',	'New Entry row with ID : 7  , Has Been Save Successfull',	'2018-01-06 10:14:20'),
(908,	'122.173.21.5',	1,	'administrator',	'caseassign',	'New Entry row with ID : 7  , Has Been Save Successfull',	'2018-01-06 10:53:53');

DROP TABLE IF EXISTS `tb_menu`;
CREATE TABLE `tb_menu` (
  `menu_id` int(11) NOT NULL,
  `parent_id` int(11) DEFAULT '0',
  `module` varchar(50) DEFAULT NULL,
  `url` varchar(100) DEFAULT NULL,
  `menu_name` varchar(100) DEFAULT NULL,
  `menu_type` char(10) DEFAULT NULL,
  `role_id` varchar(100) DEFAULT NULL,
  `deep` smallint(2) DEFAULT NULL,
  `ordering` int(6) DEFAULT NULL,
  `position` enum('top','sidebar','headertop','footer','both','leftside','rightside') DEFAULT NULL,
  `menu_icons` varchar(30) DEFAULT NULL,
  `active` enum('0','1') DEFAULT '1',
  `access_data` text,
  `allow_guest` enum('0','1') DEFAULT '0',
  `menu_lang` text
) ENGINE=InnoDB DEFAULT CHARSET=utf8;

INSERT INTO `tb_menu` (`menu_id`, `parent_id`, `module`, `url`, `menu_name`, `menu_type`, `role_id`, `deep`, `ordering`, `position`, `menu_icons`, `active`, `access_data`, `allow_guest`, `menu_lang`) VALUES
(306,	0,	'tblusers',	'',	'Users',	'internal',	'0',	0,	0,	'sidebar',	'fa fa-user',	'1',	'{\"1\":\"1\",\"2\":\"0\",\"3\":\"0\",\"4\":\"0\"}',	'0',	NULL),
(31,	0,	'about-us',	'',	'About Us',	'internal',	'0',	0,	0,	'top',	'',	'1',	'{\"1\":\"1\",\"2\":\"1\",\"3\":\"1\",\"4\":\"0\"}',	'1',	NULL),
(152,	0,	'workdistribution',	'',	'Work Distribution',	'internal',	'0',	0,	4,	'headertop',	'',	'1',	'{\"1\":\"1\",\"2\":\"1\",\"3\":\"1\",\"4\":\"0\"}',	'1',	NULL),
(153,	0,	'constitution',	'',	'Constitution',	'internal',	'0',	0,	2,	'rightside',	'',	'1',	'{\"1\":\"1\",\"2\":\"1\",\"3\":\"1\",\"4\":\"0\"}',	'1',	NULL),
(171,	0,	'',	'',	'Affiliated Institutes',	'internal',	'0',	0,	3,	'footer',	'',	'0',	'{\"1\":\"1\",\"2\":\"1\",\"3\":\"1\",\"4\":\"0\"}',	'1',	NULL),
(173,	0,	'home',	'',	'Home',	'internal',	NULL,	NULL,	0,	'footer',	'',	'1',	'{\"1\":\"1\",\"2\":\"1\",\"3\":\"1\"}',	'1',	NULL),
(174,	0,	'',	'',	'Fee',	'internal',	'0',	0,	2,	'footer',	'',	'0',	'{\"1\":\"1\",\"2\":\"1\",\"3\":\"1\",\"4\":\"0\"}',	'1',	NULL),
(175,	0,	'',	'',	'About Us',	'internal',	'0',	0,	1,	'footer',	'',	'0',	'{\"1\":\"1\",\"2\":\"1\",\"3\":\"1\",\"4\":\"0\"}',	'1',	NULL),
(176,	0,	'contact_us',	'',	'Contact Us',	'internal',	'0',	0,	5,	'footer',	'',	'1',	'{\"1\":\"1\",\"2\":\"1\",\"3\":\"1\",\"4\":\"0\"}',	'1',	NULL),
(177,	0,	'yourrighttoknow',	'',	'Right To Information',	'internal',	'0',	0,	4,	'footer',	'',	'1',	'{\"1\":\"1\",\"2\":\"1\",\"3\":\"1\",\"4\":\"0\"}',	'1',	NULL),
(188,	0,	'pressrelease',	'',	'Press Release',	'internal',	'0',	0,	5,	'headertop',	'',	'1',	'{\"1\":\"1\",\"2\":\"1\",\"3\":\"1\",\"4\":\"0\"}',	'1',	NULL),
(192,	0,	'circular',	'',	'Circular',	'internal',	'0',	0,	8,	'headertop',	'',	'1',	'{\"1\":\"1\",\"2\":\"1\",\"3\":\"1\",\"4\":\"0\"}',	'1',	NULL),
(194,	0,	'organizationchart',	'',	'Organization chart',	'internal',	'0',	0,	3,	'headertop',	'',	'1',	'{\"1\":\"1\",\"2\":\"1\",\"3\":\"1\",\"4\":\"0\"}',	'1',	NULL),
(211,	0,	'tender',	'',	'Tender',	'internal',	'0',	0,	6,	'headertop',	'',	'1',	'{\"1\":\"1\",\"2\":\"1\",\"3\":\"1\",\"4\":\"0\"}',	'1',	NULL),
(212,	0,	'annualreports',	'',	'Annual Report',	'internal',	'0',	0,	7,	'headertop',	'',	'1',	'{\"1\":\"1\",\"2\":\"1\",\"3\":\"1\",\"4\":\"0\"}',	'1',	NULL),
(227,	226,	'codeofehics',	'',	'Code of Ethics',	'internal',	'0',	0,	0,	'rightside',	'',	'1',	'{\"1\":\"1\",\"2\":\"1\",\"3\":\"1\",\"4\":\"0\"}',	'1',	NULL),
(228,	284,	'otherlinks',	'',	'Link to Center and other states  Information Commissions',	'internal',	'0',	0,	0,	'rightside',	'',	'1',	'{\"1\":\"1\",\"2\":\"1\",\"3\":\"1\",\"4\":\"0\"}',	'1',	NULL),
(229,	226,	'movableandimmovableproperties',	'',	'Movable and Immovable Properties',	'internal',	'0',	0,	1,	'rightside',	'',	'1',	'{\"1\":\"1\",\"2\":\"1\",\"3\":\"1\"}',	'1',	NULL),
(238,	0,	'checkstatus',	'',	'Check Status',	'internal',	'0',	0,	1,	'headertop',	'',	'1',	'{\"1\":\"1\",\"2\":\"1\",\"3\":\"1\"}',	'1',	NULL),
(239,	0,	'causelist',	'',	'Cause List',	'internal',	'0',	0,	2,	'headertop',	'',	'1',	'{\"1\":\"1\",\"2\":\"1\",\"3\":\"1\"}',	'1',	NULL),
(240,	0,	'decisionsofhic',	'',	'Decisions of HIC',	'internal',	'0',	0,	3,	'headertop',	'',	'1',	'{\"1\":\"1\",\"2\":\"1\",\"3\":\"1\"}',	'1',	NULL),
(241,	0,	'',	'',	'Site Map',	'internal',	'0',	0,	6,	'footer',	'',	'1',	'{\"1\":\"1\",\"2\":\"1\",\"3\":\"1\",\"4\":\"0\"}',	'1',	NULL),
(242,	0,	'organizationchart',	'',	'Organization Charts',	'internal',	'0',	0,	9,	'rightside',	'',	'1',	'{\"1\":\"1\",\"2\":\"1\",\"3\":\"1\",\"4\":\"0\"}',	'1',	NULL),
(243,	0,	'execution-of-appeal',	'',	'Execution Of Appeal',	'internal',	'0',	0,	2,	'leftside',	'',	'1',	'{\"1\":\"1\",\"2\":\"1\",\"3\":\"1\",\"4\":\"0\"}',	'1',	NULL),
(244,	302,	'hspcb-link',	'',	'HSPBC’s links',	'internal',	'0',	0,	0,	'leftside',	'',	'1',	'{\"1\":\"1\",\"2\":\"1\",\"3\":\"1\",\"4\":\"0\"}',	'1',	NULL),
(245,	0,	'contacts-cms',	'',	'Contacts Directory with CMS',	'internal',	'0',	0,	2,	'rightside',	'',	'1',	'{\"1\":\"1\",\"2\":\"1\",\"3\":\"1\",\"4\":\"0\"}',	'1',	NULL),
(246,	284,	'feedback',	'',	' Feedback',	'internal',	'0',	0,	3,	'rightside',	'',	'1',	'{\"1\":\"1\",\"2\":\"1\",\"3\":\"1\",\"4\":\"0\"}',	'1',	NULL),
(247,	0,	'circular',	'',	'Circular',	'internal',	'0',	0,	0,	'rightside',	'',	'1',	'{\"1\":\"1\",\"2\":\"1\",\"3\":\"1\",\"4\":\"0\"}',	'1',	NULL),
(248,	303,	'photogallery',	'',	'Gallery',	'internal',	'0',	0,	0,	'leftside',	'',	'1',	'{\"1\":\"1\",\"2\":\"1\",\"3\":\"1\",\"4\":\"0\"}',	'1',	NULL),
(267,	0,	'',	'#',	'Transactional',	'external',	'0',	0,	9,	'sidebar',	'',	'0',	'{\"1\":\"0\",\"2\":\"0\",\"3\":\"0\",\"4\":\"0\"}',	'0',	NULL),
(268,	267,	'pagepdf',	'',	'Page PDF',	'internal',	'0',	0,	1,	'sidebar',	'',	'1',	'{\"1\":\"1\",\"2\":\"0\",\"3\":\"0\",\"4\":\"1\"}',	'0',	NULL),
(269,	267,	'pagefile',	'',	'Page File',	'internal',	'0',	0,	3,	'sidebar',	'',	'1',	'{\"1\":\"1\",\"2\":\"0\",\"3\":\"0\",\"4\":\"1\"}',	'0',	NULL),
(271,	267,	'pageimage',	'',	'Page Image',	'internal',	'0',	0,	2,	'sidebar',	'',	'1',	'{\"1\":\"1\",\"2\":\"0\",\"3\":\"0\",\"4\":\"1\"}',	'0',	NULL),
(272,	267,	'pagetext',	'',	'Page Text',	'internal',	'0',	0,	4,	'sidebar',	'',	'1',	'{\"1\":\"1\",\"2\":\"0\",\"3\":\"0\",\"4\":\"1\"}',	'0',	NULL),
(273,	0,	'',	'http://cicharyana.gov.in/user/login',	'Department Login',	'external',	'0',	0,	0,	'headertop',	'',	'1',	'{\"1\":\"1\",\"2\":\"0\",\"3\":\"0\",\"4\":\"1\"}',	'0',	NULL),
(276,	0,	'olddecisionsofhic',	'',	'Old Decisions of HIC',	'internal',	'0',	0,	5,	'headertop',	'',	'1',	'{\"1\":\"1\",\"2\":\"0\",\"3\":\"0\",\"4\":\"0\"}',	'1',	NULL),
(277,	0,	'ticker',	'http://pcbh.gissoft.net/administrator/casedecision/disposeoff',	'Case Dispose Off',	'external',	'0',	0,	6,	'sidebar',	'fa fa-times',	'1',	'{\"1\":\"1\",\"2\":\"1\",\"3\":\"0\",\"4\":\"0\"}',	'0',	NULL),
(279,	0,	'Larger',	'',	'Larger Bench ',	'internal',	'0',	0,	4,	'headertop',	'',	'1',	'{\"1\":\"1\",\"2\":\"1\",\"3\":\"1\",\"4\":\"0\"}',	'1',	NULL),
(283,	281,	'',	'http://www.rtifoundationofindia.com/services/high-court-cases-443',	'Important Judgments of High Court',	'external',	'0',	0,	0,	'rightside',	'',	'1',	'{\"1\":\"1\",\"2\":\"0\",\"3\":\"0\",\"4\":\"0\"}',	'1',	NULL),
(287,	284,	'',	'http://www.rtifoundationofindia.com/link-other-organisations-1016',	'Link to other Organisations',	'external',	'0',	0,	2,	'rightside',	'',	'1',	'{\"1\":\"1\",\"2\":\"0\",\"3\":\"0\",\"4\":\"0\"}',	'1',	NULL),
(291,	284,	'act',	'',	'Public Record Act',	'internal',	'0',	0,	1,	'rightside',	'',	'1',	'{\"1\":\"1\",\"2\":\"1\",\"3\":\"1\",\"4\":\"0\"}',	'1',	NULL),
(294,	304,	'checkstatus',	'',	' Check Status Online',	'internal',	'0',	0,	0,	'leftside',	'',	'1',	'{\"1\":\"1\",\"2\":\"1\",\"3\":\"0\",\"4\":\"0\"}',	'1',	NULL),
(297,	0,	'apply-online',	'#',	'Apply Online',	'internal',	'0',	0,	1,	'top',	'',	'1',	'{\"1\":\"1\",\"2\":\"0\",\"3\":\"0\",\"4\":\"0\"}',	'1',	NULL),
(298,	31,	'about-us',	'',	'About Us',	'internal',	'0',	0,	0,	'top',	'',	'1',	'{\"1\":\"1\",\"2\":\"0\",\"3\":\"0\",\"4\":\"0\"}',	'1',	NULL),
(300,	297,	'apply-online',	'',	'Apply Online',	'internal',	'0',	0,	0,	'top',	'',	'1',	'{\"1\":\"1\",\"2\":\"0\",\"3\":\"0\",\"4\":\"0\"}',	'1',	NULL),
(301,	153,	'constitution',	'',	'Constitution',	'internal',	'0',	0,	0,	'top',	'',	'1',	'{\"1\":\"1\",\"2\":\"0\",\"3\":\"0\",\"4\":\"0\"}',	'1',	NULL),
(302,	0,	'hspcb-link',	'',	'HSPCBs links',	'internal',	'0',	0,	0,	'leftside',	'',	'1',	'{\"1\":\"1\",\"2\":\"0\",\"3\":\"0\",\"4\":\"0\"}',	'1',	NULL),
(303,	0,	'photogallery',	'',	'Gallery',	'internal',	'0',	0,	3,	'leftside',	'',	'1',	'{\"1\":\"1\",\"2\":\"0\",\"3\":\"0\",\"4\":\"0\"}',	'1',	NULL),
(304,	0,	'checkstatus',	'',	'Check Status Online',	'internal',	'0',	0,	1,	'leftside',	'',	'1',	'{\"1\":\"1\",\"2\":\"0\",\"3\":\"0\",\"4\":\"0\"}',	'1',	NULL),
(305,	243,	'execution-of-appeal',	'',	'Execution Of Appeal',	'internal',	'0',	0,	0,	'leftside',	'',	'1',	'{\"1\":\"1\",\"2\":\"0\",\"3\":\"0\",\"4\":\"0\"}',	'1',	NULL),
(307,	0,	'cases',	'',	'Cases',	'internal',	'0',	0,	1,	'sidebar',	'fa fa-files-o',	'1',	'{\"1\":\"1\",\"2\":\"1\",\"3\":\"1\",\"4\":\"0\"}',	'1',	NULL),
(308,	0,	'caseattechments',	'',	'Case Attechments',	'internal',	'0',	0,	2,	'sidebar',	'fa fa-paperclip',	'1',	'{\"1\":\"1\",\"2\":\"1\",\"3\":\"1\",\"4\":\"0\"}',	'1',	NULL),
(309,	0,	'caseassign',	'',	'Case Asigned',	'internal',	'0',	0,	3,	'sidebar',	'fa fa-arrow-right',	'1',	'{\"1\":\"1\",\"2\":\"0\",\"3\":\"0\",\"4\":\"0\"}',	'0',	NULL),
(310,	0,	'logs',	'',	'Case History',	'internal',	'0',	0,	7,	'sidebar',	'fa fa-history',	'1',	'{\"1\":\"1\",\"2\":\"1\",\"3\":\"1\",\"4\":\"0\"}',	'1',	NULL),
(311,	0,	'casestatus',	'',	'Case Current Status',	'internal',	'0',	0,	7,	'sidebar',	'fa fa-star',	'1',	'{\"1\":\"1\",\"2\":\"0\",\"3\":\"0\",\"4\":\"0\"}',	'0',	NULL),
(312,	0,	'aadresses',	'',	'Case Addresses',	'internal',	'0',	0,	8,	'sidebar',	'fa fa-location-arrow',	'1',	'{\"1\":\"1\",\"2\":\"0\",\"3\":\"0\",\"4\":\"0\"}',	'0',	NULL),
(313,	0,	'casehearing',	'',	'Case Hearing',	'internal',	'0',	0,	4,	'sidebar',	'fa fa-headphones',	'1',	'{\"1\":\"1\",\"2\":\"1\",\"3\":\"0\",\"4\":\"0\"}',	'0',	NULL),
(314,	267,	'orderpassed',	'',	'Case Order Passed',	'internal',	'0',	0,	0,	'sidebar',	'',	'0',	'{\"1\":\"1\",\"2\":\"0\",\"3\":\"0\",\"4\":\"0\"}',	'0',	NULL),
(315,	0,	'casedecision',	'',	'Case Decided',	'internal',	'0',	0,	5,	'sidebar',	'fa fa-check',	'1',	'{\"1\":\"1\",\"2\":\"0\",\"3\":\"0\",\"4\":\"0\"}',	'0',	NULL);

DROP TABLE IF EXISTS `tb_module`;
CREATE TABLE `tb_module` (
  `module_id` int(11) NOT NULL AUTO_INCREMENT,
  `module_name` varchar(100) DEFAULT NULL,
  `module_title` varchar(100) DEFAULT NULL,
  `module_note` varchar(255) DEFAULT NULL,
  `module_author` varchar(100) DEFAULT NULL,
  `module_created` timestamp NULL DEFAULT NULL,
  `module_desc` text,
  `module_db` varchar(255) DEFAULT NULL,
  `module_db_key` varchar(100) DEFAULT NULL,
  `module_type` enum('master','report','proccess','core','generic','addon') DEFAULT 'master',
  `module_config` longtext,
  `module_lang` text,
  PRIMARY KEY (`module_id`)
) ENGINE=InnoDB AUTO_INCREMENT=96 DEFAULT CHARSET=utf8;

INSERT INTO `tb_module` (`module_id`, `module_name`, `module_title`, `module_note`, `module_author`, `module_created`, `module_desc`, `module_db`, `module_db_key`, `module_type`, `module_config`, `module_lang`) VALUES
(1,	'users',	'Users System',	'Users System',	'Mango Tm',	'2013-07-09 23:16:46',	NULL,	'tb_users',	'id',	'core',	'eyJ0YWJsZV9kY4oIonR4XgVzZXJzo4w4cHJ1bWFyeV9rZXk4O4JlciVyXi3ko4w4cgFsXgN3bGVjdCoIo3NFTEVDVCA5dGJfdXN3cnMuK4w5oHR4XidybgVwcymuYWl3oFxyXGmGUk9NoHR4XgVzZXJzoExFR3Q5Sk9JT4B0Y39ncp9lcHM5T0a5dGJfZgJvdXBzLpdybgVwXi3koD05dGJfdXN3cnMuZgJvdXBf6WQ4LCJzcWxfdih3cpU4O4o5oCBXSEVSRSB0Y39lciVycym1ZCAhPScnoCA4LCJzcWxfZgJvdXA4O4o5oCA5o4w4Zp9ybXM4O3t7opZ1ZWxkoj246WQ4LCJhbG3hcyoIonR4XgVzZXJzo4w4bGF4ZWw4O4JJZCosopZvcplfZgJvdXA4O4o4LCJyZXFl6XJ3ZCoIojA4LCJi6WVgoj2xLCJ0eXB3oj246G3kZGVuo4w4YWRkoj2xLCJz6X13oj24MCosopVk6XQ4OjEsonN3YXJj6CoIojE4LCJzbgJ0bG3zdCoIojA4LCJvcHR1bia4Ons4bgB0XgRmcGU4O4o4LCJsbi9rdXBfcXV3cnk4O4o4LCJsbi9rdXBfdGF4bGU4O4o4LCJsbi9rdXBf6iVmoj24o4w4bG9v6gVwXgZhbHV3oj24o4w46XNfZGVwZWmkZWmjeSoIo4osopxvbitlcF9kZXB3bpR3bpNmXit3eSoIo4osonBhdGhfdG9fdXBsbiFkoj24o4w4cpVz6X13Xgd1ZHR2oj24o4w4cpVz6X13Xih36Wd2dCoIo4osonVwbG9hZF90eXB3oj24o4w4dG9vbHR1cCoIo4osopF0dHJ1YnV0ZSoIo4osopVadGVuZF9jbGFzcyoIo4J9fSx7opZ1ZWxkoj24ZgJvdXBf6WQ4LCJhbG3hcyoIonR4XgVzZXJzo4w4bGF4ZWw4O4JHcp9lcCBcLyBMZXZ3bCosopZvcplfZgJvdXA4O4o4LCJyZXFl6XJ3ZCoIonJ3cXV1cpVko4w4dp33dyoIMSw4dH3wZSoIonN3bGVjdCosopFkZCoIMSw4ci3IZSoIojA4LCJ3ZG30oj2xLCJzZWFyYi54O4oxo4w4ci9ydGx1cgQ4O4oyo4w4bgB06W9uoj17op9wdF90eXB3oj24ZXh0ZXJuYWw4LCJsbi9rdXBfcXV3cnk4O4o4LCJsbi9rdXBfdGF4bGU4O4J0Y39ncp9lcHM4LCJsbi9rdXBf6iVmoj24ZgJvdXBf6WQ4LCJsbi9rdXBfdpFsdWU4O4JuYWl3o4w46XNfZGVwZWmkZWmjeSoIo4osopxvbitlcF9kZXB3bpR3bpNmXit3eSoIo4osonBhdGhfdG9fdXBsbiFkoj24o4w4cpVz6X13Xgd1ZHR2oj24o4w4cpVz6X13Xih36Wd2dCoIo4osonVwbG9hZF90eXB3oj24o4w4dG9vbHR1cCoIo4osopF0dHJ1YnV0ZSoIo4osopVadGVuZF9jbGFzcyoIo4J9fSx7opZ1ZWxkoj24dXN3cpmhbWU4LCJhbG3hcyoIonR4XgVzZXJzo4w4bGF4ZWw4O4JVciVybpFtZSosopZvcplfZgJvdXA4O4o4LCJyZXFl6XJ3ZCoIonJ3cXV1cpVko4w4dp33dyoIMSw4dH3wZSoIonR3eHQ4LCJhZGQ4OjEsonN1epU4O4owo4w4ZWR1dCoIMSw4ciVhcpN2oj24MSosonNvcnRs6XN0oj24Myosop9wdG3vb4oIeyJvcHRfdH3wZSoIo4osopxvbitlcF9xdWVyeSoIo4osopxvbitlcF90YWJsZSoIo4osopxvbitlcF9rZXk4O4o4LCJsbi9rdXBfdpFsdWU4O4o4LCJ1cl9kZXB3bpR3bpNmoj24o4w4bG9v6gVwXiR3cGVuZGVuYg3f6iVmoj24o4w4cGF06F90bl9lcGxvYWQ4O4o4LCJyZXN1epVfdi3kdG54O4o4LCJyZXN1epVf6GV1Zih0oj24o4w4dXBsbiFkXgRmcGU4O4o4LCJ0bi9sdG3woj24o4w4YXR0cp34dXR3oj24o4w4ZXh0ZWmkXiNsYXNzoj24onl9LHs4Zp33bGQ4O4Jp6XJzdF9uYWl3o4w4YWx1YXM4O4J0Y39lciVycyosopxhYpVsoj24Rp3ycgQ5TpFtZSosopZvcplfZgJvdXA4O4o4LCJyZXFl6XJ3ZCoIonJ3cXV1cpVko4w4dp33dyoIMSw4dH3wZSoIonR3eHQ4LCJhZGQ4OjEsonN1epU4O4owo4w4ZWR1dCoIMSw4ciVhcpN2oj24MSosonNvcnRs6XN0oj24NCosop9wdG3vb4oIeyJvcHRfdH3wZSoIo4osopxvbitlcF9xdWVyeSoIo4osopxvbitlcF90YWJsZSoIo4osopxvbitlcF9rZXk4O4o4LCJsbi9rdXBfdpFsdWU4O4o4LCJ1cl9kZXB3bpR3bpNmoj24o4w4bG9v6gVwXiR3cGVuZGVuYg3f6iVmoj24o4w4cGF06F90bl9lcGxvYWQ4O4o4LCJyZXN1epVfdi3kdG54O4o4LCJyZXN1epVf6GV1Zih0oj24o4w4dXBsbiFkXgRmcGU4O4o4LCJ0bi9sdG3woj24o4w4YXR0cp34dXR3oj24o4w4ZXh0ZWmkXiNsYXNzoj24onl9LHs4Zp33bGQ4O4JsYXN0XimhbWU4LCJhbG3hcyoIonR4XgVzZXJzo4w4bGF4ZWw4O4JMYXN0oEmhbWU4LCJpbgJtXidybgVwoj24o4w4cpVxdW3yZWQ4O4owo4w4dp33dyoIMSw4dH3wZSoIonR3eHQ4LCJhZGQ4OjEsonN1epU4O4owo4w4ZWR1dCoIMSw4ciVhcpN2oj24MSosonNvcnRs6XN0oj24NSosop9wdG3vb4oIeyJvcHRfdH3wZSoIo4osopxvbitlcF9xdWVyeSoIo4osopxvbitlcF90YWJsZSoIo4osopxvbitlcF9rZXk4O4o4LCJsbi9rdXBfdpFsdWU4O4o4LCJ1cl9kZXB3bpR3bpNmoj24o4w4bG9v6gVwXiR3cGVuZGVuYg3f6iVmoj24o4w4cGF06F90bl9lcGxvYWQ4O4o4LCJyZXN1epVfdi3kdG54O4o4LCJyZXN1epVf6GV1Zih0oj24o4w4dXBsbiFkXgRmcGU4O4o4LCJ0bi9sdG3woj24o4w4YXR0cp34dXR3oj24o4w4ZXh0ZWmkXiNsYXNzoj24onl9LHs4Zp33bGQ4O4J3bWF1bCosopFs6WFzoj24dGJfdXN3cnM4LCJsYWJ3bCoIokVtYW3so4w4Zp9ybV9ncp9lcCoIo4osonJ3cXV1cpVkoj24ZWlh6Ww4LCJi6WVgoj2xLCJ0eXB3oj24dGVadCosopFkZCoIMSw4ci3IZSoIojA4LCJ3ZG30oj2xLCJzZWFyYi54O4oxo4w4ci9ydGx1cgQ4O4oio4w4bgB06W9uoj17op9wdF90eXB3oj24o4w4bG9v6gVwXgFlZXJmoj24o4w4bG9v6gVwXgRhYpx3oj24o4w4bG9v6gVwXit3eSoIo4osopxvbitlcF9iYWxlZSoIo4osop3zXiR3cGVuZGVuYgk4O4o4LCJsbi9rdXBfZGVwZWmkZWmjeV9rZXk4O4o4LCJwYXR2XgRvXgVwbG9hZCoIo4osonJ3ci3IZV9g6WR06CoIo4osonJ3ci3IZV92ZW3n6HQ4O4o4LCJlcGxvYWRfdH3wZSoIo4osonRvbix06XA4O4o4LCJhdHRy6WJldGU4O4o4LCJ3eHR3bpRfYixhcgM4O4o4fX0seyJp6WVsZCoIonBhcgNgbgJko4w4YWx1YXM4O4J0Y39lciVycyosopxhYpVsoj24UGFzcgdvcpQ4LCJpbgJtXidybgVwoj24o4w4cpVxdW3yZWQ4O4owo4w4dp33dyoIMCw4dH3wZSoIonR3eHQ4LCJhZGQ4OjEsonN1epU4O4owo4w4ZWR1dCoIMSw4ciVhcpN2oj2wLCJzbgJ0bG3zdCoIojc4LCJvcHR1bia4Ons4bgB0XgRmcGU4O4o4LCJsbi9rdXBfcXV3cnk4O4o4LCJsbi9rdXBfdGF4bGU4O4owo4w4bG9v6gVwXit3eSoIo4osopxvbitlcF9iYWxlZSoIo4osop3zXiR3cGVuZGVuYgk4O4o4LCJsbi9rdXBfZGVwZWmkZWmjeV9rZXk4O4o4LCJwYXR2XgRvXgVwbG9hZCoIo4osonJ3ci3IZV9g6WR06CoIo4osonJ3ci3IZV92ZW3n6HQ4O4o4LCJlcGxvYWRfdH3wZSoIo4osonRvbix06XA4O4o4LCJhdHRy6WJldGU4O4o4LCJ3eHR3bpRfYixhcgM4O4o4fX0seyJp6WVsZCoIopxvZi3uXiF0dGVtcHQ4LCJhbG3hcyoIonR4XgVzZXJzo4w4bGF4ZWw4O4JMbid1b4BBdHR3bXB0o4w4Zp9ybV9ncp9lcCoIo4osonJ3cXV1cpVkoj24MCosonZ1ZXc4OjEsonRmcGU4O4J0ZXh0o4w4YWRkoj2xLCJz6X13oj24MCosopVk6XQ4OjEsonN3YXJj6CoIMCw4ci9ydGx1cgQ4O4oao4w4bgB06W9uoj17op9wdF90eXB3oj24o4w4bG9v6gVwXgFlZXJmoj24o4w4bG9v6gVwXgRhYpx3oj24o4w4bG9v6gVwXit3eSoIo4osopxvbitlcF9iYWxlZSoIo4osop3zXiR3cGVuZGVuYgk4O4o4LCJsbi9rdXBfZGVwZWmkZWmjeV9rZXk4O4o4LCJwYXR2XgRvXgVwbG9hZCoIo4osonJ3ci3IZV9g6WR06CoIo4osonJ3ci3IZV92ZW3n6HQ4O4o4LCJlcGxvYWRfdH3wZSoIo4osonRvbix06XA4O4o4LCJhdHRy6WJldGU4O4o4LCJ3eHR3bpRfYixhcgM4O4o4fX0seyJp6WVsZCoIopxhcgRfbG9n6Wa4LCJhbG3hcyoIonR4XgVzZXJzo4w4bGF4ZWw4O4JMYXN0oExvZi3uo4w4Zp9ybV9ncp9lcCoIo4osonJ3cXV1cpVkoj24MCosonZ1ZXc4OjAsonRmcGU4O4J0ZXh0o4w4YWRkoj2xLCJz6X13oj24MCosopVk6XQ4OjEsonN3YXJj6CoIMCw4ci9ydGx1cgQ4O4omo4w4bgB06W9uoj17op9wdF90eXB3oj24o4w4bG9v6gVwXgFlZXJmoj24o4w4bG9v6gVwXgRhYpx3oj24MCosopxvbitlcF9rZXk4O4o4LCJsbi9rdXBfdpFsdWU4O4o4LCJ1cl9kZXB3bpR3bpNmoj24o4w4bG9v6gVwXiR3cGVuZGVuYg3f6iVmoj24o4w4cGF06F90bl9lcGxvYWQ4O4o4LCJyZXN1epVfdi3kdG54O4o4LCJyZXN1epVf6GV1Zih0oj24o4w4dXBsbiFkXgRmcGU4O4o4LCJ0bi9sdG3woj24o4w4YXR0cp34dXR3oj24o4w4ZXh0ZWmkXiNsYXNzoj24onl9LHs4Zp33bGQ4O4JhYgR1dpU4LCJhbG3hcyoIonR4XgVzZXJzo4w4bGF4ZWw4O4JTdGF0dXM4LCJpbgJtXidybgVwoj24o4w4cpVxdW3yZWQ4O4JyZXFl6XJ3ZCosonZ1ZXc4OjEsonRmcGU4O4JyYWR1byosopFkZCoIMSw4ci3IZSoIojA4LCJ3ZG30oj2xLCJzZWFyYi54O4oxo4w4ci9ydGx1cgQ4O4oxMCosop9wdG3vb4oIeyJvcHRfdH3wZSoIopRhdGFs6XN0o4w4bG9v6gVwXgFlZXJmoj24MD1JbpFjdG3iZXwxOkFjdG3iZSosopxvbitlcF90YWJsZSoIo4osopxvbitlcF9rZXk4O4o4LCJsbi9rdXBfdpFsdWU4O4o4LCJ1cl9kZXB3bpR3bpNmoj24o4w4bG9v6gVwXiR3cGVuZGVuYg3f6iVmoj24o4w4cGF06F90bl9lcGxvYWQ4O4o4LCJyZXN1epVfdi3kdG54O4o4LCJyZXN1epVf6GV1Zih0oj24o4w4dXBsbiFkXgRmcGU4O4o4LCJ0bi9sdG3woj24o4w4YXR0cp34dXR3oj24o4w4ZXh0ZWmkXiNsYXNzoj24onl9LHs4Zp33bGQ4O4JhdpF0YXo4LCJhbG3hcyoIonR4XgVzZXJzo4w4bGF4ZWw4O4JBdpF0YXo4LCJpbgJtXidybgVwoj24o4w4cpVxdW3yZWQ4O4owo4w4dp33dyoIMSw4dH3wZSoIopZ1bGU4LCJhZGQ4OjEsonN1epU4O4owo4w4ZWR1dCoIMSw4ciVhcpN2oj2wLCJzbgJ0bG3zdCoIojExo4w4bgB06W9uoj17op9wdF90eXB3oj24o4w4bG9v6gVwXgFlZXJmoj24o4w4bG9v6gVwXgRhYpx3oj24o4w4bG9v6gVwXit3eSoIo4osopxvbitlcF9iYWxlZSoIo4osop3zXiR3cGVuZGVuYgk4O4o4LCJsbi9rdXBfZGVwZWmkZWmjeV9rZXk4O4o4LCJwYXR2XgRvXgVwbG9hZCoIo3wvdXBsbiFkclwvdXN3cnNcLyosonJ3ci3IZV9g6WR06CoIo4osonJ3ci3IZV92ZW3n6HQ4O4o4LCJlcGxvYWRfdH3wZSoIop3tYWd3o4w4dG9vbHR1cCoIo4osopF0dHJ1YnV0ZSoIo4osopVadGVuZF9jbGFzcyoIo4J9fSx7opZ1ZWxkoj24YgJ3YXR3ZF9hdCosopFs6WFzoj24dGJfdXN3cnM4LCJsYWJ3bCoIokNyZWF0ZWQ5QXQ4LCJpbgJtXidybgVwoj24o4w4cpVxdW3yZWQ4O4owo4w4dp33dyoIMCw4dH3wZSoIonR3eHRhcpVho4w4YWRkoj2xLCJz6X13oj24MCosopVk6XQ4OjEsonN3YXJj6CoIMCw4ci9ydGx1cgQ4O4oxM4osop9wdG3vb4oIeyJvcHRfdH3wZSoIo4osopxvbitlcF9xdWVyeSoIo4osopxvbitlcF90YWJsZSoIo4osopxvbitlcF9rZXk4O4o4LCJsbi9rdXBfdpFsdWU4O4o4LCJ1cl9kZXB3bpR3bpNmoj24o4w4bG9v6gVwXiR3cGVuZGVuYg3f6iVmoj24o4w4cGF06F90bl9lcGxvYWQ4O4o4LCJyZXN1epVfdi3kdG54O4o4LCJyZXN1epVf6GV1Zih0oj24o4w4dXBsbiFkXgRmcGU4O4o4LCJ0bi9sdG3woj24o4w4YXR0cp34dXR3oj24o4w4ZXh0ZWmkXiNsYXNzoj24onl9LHs4Zp33bGQ4O4JlcGRhdGVkXiF0o4w4YWx1YXM4O4J0Y39lciVycyosopxhYpVsoj24VXBkYXR3ZCBBdCosopZvcplfZgJvdXA4O4o4LCJyZXFl6XJ3ZCoIojA4LCJi6WVgoj2wLCJ0eXB3oj24dGVadGFyZWE4LCJhZGQ4OjEsonN1epU4O4owo4w4ZWR1dCoIMSw4ciVhcpN2oj2wLCJzbgJ0bG3zdCoIojEzo4w4bgB06W9uoj17op9wdF90eXB3oj24o4w4bG9v6gVwXgFlZXJmoj24o4w4bG9v6gVwXgRhYpx3oj24o4w4bG9v6gVwXit3eSoIo4osopxvbitlcF9iYWxlZSoIo4osop3zXiR3cGVuZGVuYgk4O4o4LCJsbi9rdXBfZGVwZWmkZWmjeV9rZXk4O4o4LCJwYXR2XgRvXgVwbG9hZCoIo4osonJ3ci3IZV9g6WR06CoIo4osonJ3ci3IZV92ZW3n6HQ4O4o4LCJlcGxvYWRfdH3wZSoIo4osonRvbix06XA4O4o4LCJhdHRy6WJldGU4O4o4LCJ3eHR3bpRfYixhcgM4O4o4fXldLCJncp3koj1beyJp6WVsZCoIop3ko4w4YWx1YXM4O4J0Y39lciVycyosopxhbpdlYWd3oj1bXSw4bGF4ZWw4O4JJZCosonZ1ZXc4OjAsopR3dGF1bCoIMCw4ci9ydGF4bGU4OjAsonN3YXJj6CoIMSw4ZG9gbpxvYWQ4OjAsopZybg13b4oIMSw4di3kdG54O4oxMDA4LCJhbG3nb4oIopx3ZnQ4LCJzbgJ0bG3zdCoIojA4LCJjbimuoj17onZhbG3koj24o4w4ZGo4O4o4LCJrZXk4O4o4LCJk6XNwbGFmoj24on0sopF0dHJ1YnV0ZSoIeyJ2eXB3cpx1bps4Ons4YWN06XZ3oj2xLCJs6Wmroj24o4w4dGFyZiV0oj24o4w46HRtbCoIo4J9LCJ1bWFnZSoIeyJhYgR1dpU4OjAsonBhdG54O4o4LCJz6X13Xg54O4o4LCJz6X13Xgk4O4o4LCJ2dGlsoj24onl9fSx7opZ1ZWxkoj24YXZhdGFyo4w4YWx1YXM4O4J0Y39lciVycyosopxhbpdlYWd3oj1bXSw4bGF4ZWw4O4JBdpF0YXo4LCJi6WVgoj2xLCJkZXRh6Ww4OjEsonNvcnRhYpx3oj2wLCJzZWFyYi54OjEsopRvdimsbiFkoj2wLCJpcp9IZWa4OjEsond1ZHR2oj24MzA4LCJhbG3nb4oIopx3ZnQ4LCJzbgJ0bG3zdCoIojE4LCJjbimuoj17onZhbG3koj24o4w4ZGo4O4o4LCJrZXk4O4o4LCJk6XNwbGFmoj24on0sopF0dHJ1YnV0ZSoIeyJ2eXB3cpx1bps4Ons4YWN06XZ3oj2xLCJs6Wmroj24o4w4dGFyZiV0oj24o4w46HRtbCoIo4J9LCJ1bWFnZSoIeyJhYgR1dpU4OjEsonBhdG54O4JcLgVwbG9hZHNcLgVzZXJzXC84LCJz6X13Xg54O4o4LCJz6X13Xgk4O4o4LCJ2dGlsoj24onl9fSx7opZ1ZWxkoj24ZgJvdXBf6WQ4LCJhbG3hcyoIonR4XgVzZXJzo4w4bGFuZgVhZiU4O3tdLCJsYWJ3bCoIokdybgVwo4w4dp33dyoIMSw4ZGV0YW3soj2xLCJzbgJ0YWJsZSoIMCw4ciVhcpN2oj2xLCJkbgdubG9hZCoIMCw4ZnJvepVuoj2xLCJg6WR06CoIojEwMCosopFs6Wduoj24bGVpdCosonNvcnRs6XN0oj24MyosopNvbpa4Ons4dpFs6WQ4O4oxo4w4ZGo4O4J0Y39ncp9lcHM4LCJrZXk4O4Jncp9lcF91ZCosopR1cgBsYXk4O4JuYWl3on0sopF0dHJ1YnV0ZSoIeyJ2eXB3cpx1bps4Ons4YWN06XZ3oj2xLCJs6Wmroj24o4w4dGFyZiV0oj24o4w46HRtbCoIo4J9LCJ1bWFnZSoIeyJhYgR1dpU4OjAsonBhdG54O4o4LCJz6X13Xg54O4o4LCJz6X13Xgk4O4o4LCJ2dGlsoj24onl9fSx7opZ1ZWxkoj24bpFtZSosopFs6WFzoj24dGJfZgJvdXBzo4w4bGFuZgVhZiU4O3tdLCJsYWJ3bCoIokdybgVwo4w4dp33dyoIMCw4ZGV0YW3soj2wLCJzbgJ0YWJsZSoIMCw4ciVhcpN2oj2xLCJkbgdubG9hZCoIMCw4ZnJvepVuoj2xLCJg6WR06CoIojEwMCosopFs6Wduoj24bGVpdCosonNvcnRs6XN0oj24NCosopNvbpa4Ons4dpFs6WQ4O4o4LCJkY4oIo4osopt3eSoIo4osopR1cgBsYXk4O4o4fSw4YXR0cp34dXR3oj17ophmcGVybG3u6yoIeyJhYgR1dpU4OjEsopx1bps4O4o4LCJ0YXJnZXQ4O4o4LCJ2dGlsoj24on0sop3tYWd3oj17opFjdG3iZSoIMCw4cGF06CoIo4osonN1epVfeCoIo4osonN1epVfeSoIo4osoph0bWw4O4o4fXl9LHs4Zp33bGQ4O4JlciVybpFtZSosopFs6WFzoj24dGJfdXN3cnM4LCJsYWmndWFnZSoIWl0sopxhYpVsoj24VXN3cpmhbWU4LCJi6WVgoj2xLCJkZXRh6Ww4OjEsonNvcnRhYpx3oj2xLCJzZWFyYi54OjEsopRvdimsbiFkoj2xLCJpcp9IZWa4OjEsond1ZHR2oj24MTAwo4w4YWx1Zia4O4o4LCJzbgJ0bG3zdCoIojU4LCJjbimuoj17onZhbG3koj24o4w4ZGo4O4o4LCJrZXk4O4o4LCJk6XNwbGFmoj24on0sopF0dHJ1YnV0ZSoIeyJ2eXB3cpx1bps4Ons4YWN06XZ3oj2xLCJs6Wmroj24o4w4dGFyZiV0oj24o4w46HRtbCoIo4J9LCJ1bWFnZSoIeyJhYgR1dpU4OjAsonBhdG54O4o4LCJz6X13Xg54O4o4LCJz6X13Xgk4O4o4LCJ2dGlsoj24onl9fSx7opZ1ZWxkoj24Zp3ycgRfbpFtZSosopFs6WFzoj24dGJfdXN3cnM4LCJsYWmndWFnZSoIWl0sopxhYpVsoj24Rp3ycgQ5TpFtZSosonZ1ZXc4OjEsopR3dGF1bCoIMSw4ci9ydGF4bGU4OjEsonN3YXJj6CoIMSw4ZG9gbpxvYWQ4OjEsopZybg13b4oIMSw4di3kdG54O4oxMDA4LCJhbG3nb4oIo4osonNvcnRs6XN0oj24N4osopNvbpa4Ons4dpFs6WQ4O4o4LCJkY4oIo4osopt3eSoIo4osopR1cgBsYXk4O4o4fSw4YXR0cp34dXR3oj17ophmcGVybG3u6yoIeyJhYgR1dpU4OjEsopx1bps4O4o4LCJ0YXJnZXQ4O4o4LCJ2dGlsoj24on0sop3tYWd3oj17opFjdG3iZSoIMCw4cGF06CoIo4osonN1epVfeCoIo4osonN1epVfeSoIo4osoph0bWw4O4o4fXl9LHs4Zp33bGQ4O4JsYXN0XimhbWU4LCJhbG3hcyoIonR4XgVzZXJzo4w4bGFuZgVhZiU4O3tdLCJsYWJ3bCoIokxhcgQ5TpFtZSosonZ1ZXc4OjEsopR3dGF1bCoIMSw4ci9ydGF4bGU4OjEsonN3YXJj6CoIMSw4ZG9gbpxvYWQ4OjEsopZybg13b4oIMSw4di3kdG54O4oxMDA4LCJhbG3nb4oIo4osonNvcnRs6XN0oj24NyosopNvbpa4Ons4dpFs6WQ4O4o4LCJkY4oIo4osopt3eSoIo4osopR1cgBsYXk4O4o4fSw4YXR0cp34dXR3oj17ophmcGVybG3u6yoIeyJhYgR1dpU4OjEsopx1bps4O4o4LCJ0YXJnZXQ4O4o4LCJ2dGlsoj24on0sop3tYWd3oj17opFjdG3iZSoIMCw4cGF06CoIo4osonN1epVfeCoIo4osonN1epVfeSoIo4osoph0bWw4O4o4fXl9LHs4Zp33bGQ4O4J3bWF1bCosopFs6WFzoj24dGJfdXN3cnM4LCJsYWmndWFnZSoIWl0sopxhYpVsoj24RWlh6Ww4LCJi6WVgoj2xLCJkZXRh6Ww4OjEsonNvcnRhYpx3oj2xLCJzZWFyYi54OjEsopRvdimsbiFkoj2xLCJpcp9IZWa4OjEsond1ZHR2oj24MTAwo4w4YWx1Zia4O4o4LCJzbgJ0bG3zdCoIoj54LCJjbimuoj17onZhbG3koj24o4w4ZGo4O4o4LCJrZXk4O4o4LCJk6XNwbGFmoj24on0sopF0dHJ1YnV0ZSoIeyJ2eXB3cpx1bps4Ons4YWN06XZ3oj2xLCJs6Wmroj24o4w4dGFyZiV0oj24o4w46HRtbCoIo4J9LCJ1bWFnZSoIeyJhYgR1dpU4OjAsonBhdG54O4o4LCJz6X13Xg54O4o4LCJz6X13Xgk4O4o4LCJ2dGlsoj24onl9fSx7opZ1ZWxkoj24cGFzcgdvcpQ4LCJhbG3hcyoIonR4XgVzZXJzo4w4bGFuZgVhZiU4O3tdLCJsYWJ3bCoIo3BhcgNgbgJko4w4dp33dyoIMCw4ZGV0YW3soj2wLCJzbgJ0YWJsZSoIMCw4ciVhcpN2oj2xLCJkbgdubG9hZCoIMCw4ZnJvepVuoj2xLCJg6WR06CoIojEwMCosopFs6Wduoj24bGVpdCosonNvcnRs6XN0oj24OSosopNvbpa4Ons4dpFs6WQ4O4o4LCJkY4oIo4osopt3eSoIo4osopR1cgBsYXk4O4o4fSw4YXR0cp34dXR3oj17ophmcGVybG3u6yoIeyJhYgR1dpU4OjEsopx1bps4O4o4LCJ0YXJnZXQ4O4o4LCJ2dGlsoj24on0sop3tYWd3oj17opFjdG3iZSoIMCw4cGF06CoIo4osonN1epVfeCoIo4osonN1epVfeSoIo4osoph0bWw4O4o4fXl9LHs4Zp33bGQ4O4Jsbid1b39hdHR3bXB0o4w4YWx1YXM4O4J0Y39lciVycyosopxhbpdlYWd3oj1bXSw4bGF4ZWw4O4JMbid1b4BBdHR3bXB0o4w4dp33dyoIMCw4ZGV0YW3soj2wLCJzbgJ0YWJsZSoIMCw4ciVhcpN2oj2xLCJkbgdubG9hZCoIMCw4ZnJvepVuoj2xLCJg6WR06CoIojEwMCosopFs6Wduoj24bGVpdCosonNvcnRs6XN0oj24MTA4LCJjbimuoj17onZhbG3koj24o4w4ZGo4O4o4LCJrZXk4O4o4LCJk6XNwbGFmoj24on0sopF0dHJ1YnV0ZSoIeyJ2eXB3cpx1bps4Ons4YWN06XZ3oj2xLCJs6Wmroj24o4w4dGFyZiV0oj24o4w46HRtbCoIo4J9LCJ1bWFnZSoIeyJhYgR1dpU4OjAsonBhdG54O4o4LCJz6X13Xg54O4o4LCJz6X13Xgk4O4o4LCJ2dGlsoj24onl9fSx7opZ1ZWxkoj24YgJ3YXR3ZF9hdCosopFs6WFzoj24dGJfdXN3cnM4LCJsYWmndWFnZSoIWl0sopxhYpVsoj24QgJ3YXR3ZCBBdCosonZ1ZXc4OjAsopR3dGF1bCoIMSw4ci9ydGF4bGU4OjAsonN3YXJj6CoIMSw4ZG9gbpxvYWQ4OjEsopZybg13b4oIMSw4di3kdG54O4oxMDA4LCJhbG3nb4oIopx3ZnQ4LCJzbgJ0bG3zdCoIojExo4w4Yi9ub4oIeyJiYWx1ZCoIo4osopR4oj24o4w46iVmoj24o4w4ZG3zcGxheSoIo4J9LCJhdHRy6WJldGU4Ons46H3wZXJs6Wmroj17opFjdG3iZSoIMSw4bG3u6yoIo4osonRhcpd3dCoIo4osoph0bWw4O4o4fSw46WlhZiU4Ons4YWN06XZ3oj2wLCJwYXR2oj24o4w4ci3IZV9aoj24o4w4ci3IZV9moj24o4w46HRtbCoIo4J9fX0seyJp6WVsZCoIopxhcgRfbG9n6Wa4LCJhbG3hcyoIonR4XgVzZXJzo4w4bGFuZgVhZiU4O3tdLCJsYWJ3bCoIokxhcgQ5TG9n6Wa4LCJi6WVgoj2wLCJkZXRh6Ww4OjEsonNvcnRhYpx3oj2wLCJzZWFyYi54OjEsopRvdimsbiFkoj2xLCJpcp9IZWa4OjEsond1ZHR2oj24MTAwo4w4YWx1Zia4O4JsZWZ0o4w4ci9ydGx1cgQ4O4oxM4osopNvbpa4Ons4dpFs6WQ4O4o4LCJkY4oIo4osopt3eSoIo4osopR1cgBsYXk4O4o4fSw4YXR0cp34dXR3oj17ophmcGVybG3u6yoIeyJhYgR1dpU4OjEsopx1bps4O4o4LCJ0YXJnZXQ4O4o4LCJ2dGlsoj24on0sop3tYWd3oj17opFjdG3iZSoIMCw4cGF06CoIo4osonN1epVfeCoIo4osonN1epVfeSoIo4osoph0bWw4O4o4fXl9LHs4Zp33bGQ4O4JlcGRhdGVkXiF0o4w4YWx1YXM4O4J0Y39lciVycyosopxhbpdlYWd3oj1bXSw4bGF4ZWw4O4JVcGRhdGVkoEF0o4w4dp33dyoIMCw4ZGV0YW3soj2xLCJzbgJ0YWJsZSoIMSw4ciVhcpN2oj2xLCJkbgdubG9hZCoIMSw4ZnJvepVuoj2xLCJg6WR06CoIojEwMCosopFs6Wduoj24bGVpdCosonNvcnRs6XN0oj24MTM4LCJjbimuoj17onZhbG3koj24o4w4ZGo4O4o4LCJrZXk4O4o4LCJk6XNwbGFmoj24on0sopF0dHJ1YnV0ZSoIeyJ2eXB3cpx1bps4Ons4YWN06XZ3oj2xLCJs6Wmroj24o4w4dGFyZiV0oj24o4w46HRtbCoIo4J9LCJ1bWFnZSoIeyJhYgR1dpU4OjAsonBhdG54O4o4LCJz6X13Xg54O4o4LCJz6X13Xgk4O4o4LCJ2dGlsoj24onl9fSx7opZ1ZWxkoj24YWN06XZ3o4w4YWx1YXM4O4J0Y39lciVycyosopxhbpdlYWd3oj1bXSw4bGF4ZWw4O4JBYgR1dpU4LCJi6WVgoj2xLCJkZXRh6Ww4OjEsonNvcnRhYpx3oj2xLCJzZWFyYi54OjEsopRvdimsbiFkoj2wLCJpcp9IZWa4OjEsond1ZHR2oj24MTAwo4w4YWx1Zia4O4o4LCJzbgJ0bG3zdCoIojE0o4w4Yi9ub4oIeyJiYWx1ZCoIo4osopR4oj24o4w46iVmoj24o4w4ZG3zcGxheSoIo4J9LCJhdHRy6WJldGU4Ons46H3wZXJs6Wmroj17opFjdG3iZSoIMSw4bG3u6yoIo4osonRhcpd3dCoIo4osoph0bWw4O4o4fSw46WlhZiU4Ons4YWN06XZ3oj2wLCJwYXR2oj24o4w4ci3IZV9aoj24o4w4ci3IZV9moj24o4w46HRtbCoIo4J9fXldfQ==',	NULL),
(2,	'groups',	'Users Group',	'View All',	'Mango Tm',	'2013-07-09 14:15:14',	NULL,	'tb_groups',	'group_id',	'core',	'eyJ0YWJsZV9kY4oIonR4XidybgVwcyosonBy6Wlhcn3f6iVmoj246WQ4LCJzcWxfciVsZWN0oj24U0VMRUNUoCBcb3x0dGJfZgJvdXBzLpdybgVwXi3kLFxuXHR0Y39ncp9lcHMubpFtZSxcb3x0dGJfZgJvdXBzLpR3ciNy6XB06W9uLFxuXHR0Y39ncp9lcHMubGViZWxcb3xuXGmGUk9NoHR4XidybgVwcyA4LCJzcWxfdih3cpU4O4o5oFdoRVJFoHR4XidybgVwcymncp9lcF91ZCBJUyBOTlQ5T3VMTCA4LCJzcWxfZgJvdXA4O4o5oCosopZvcplzoj1beyJp6WVsZCoIopdybgVwXi3ko4w4YWx1YXM4O4J0Y39ncp9lcHM4LCJsYWJ3bCoIokdybgVwoE3ko4w4cpVxdW3yZWQ4O4owo4w4dp33dyoIMSw4Zp9ybV9ncp9lcCoIo4osonRmcGU4O4J26WRkZWa4LCJhZGQ4O4oxo4w4ZWR1dCoIojE4LCJzZWFyYi54OjEsonNvcnRs6XN0oj2wLCJz6X13oj24cgBhbjEyo4w4bgB06W9uoj17op9wdF90eXB3oj1udWxsLCJsbi9rdXBfcXV3cnk4OpmlbGwsopxvbitlcF90YWJsZSoIbnVsbCw4bG9v6gVwXit3eSoIbnVsbCw4bG9v6gVwXgZhbHV3oj1udWxsLCJ1cl9kZXB3bpR3bpNmoj1udWxsLCJsbi9rdXBfZGVwZWmkZWmjeV9rZXk4OpmlbGwsonBhdGhfdG9fdXBsbiFkoj24o4w4dXBsbiFkXgRmcGU4OpmlbGx9fSx7opZ1ZWxkoj24bpFtZSosopFs6WFzoj24dGJfZgJvdXBzo4w4bGF4ZWw4O4JOYWl3o4w4cpVxdW3yZWQ4O4JyZXFl6XJ3ZCosonZ1ZXc4OjEsopZvcplfZgJvdXA4O4o4LCJ0eXB3oj24dGVadCosopFkZCoIZpFsciUsopVk6XQ4OpZhbHN3LCJzZWFyYi54OjEsonNvcnRs6XN0oj2xLCJz6X13oj24cgBhbjEyo4w4bgB06W9uoj17op9wdF90eXB3oj1pYWxzZSw4bG9v6gVwXgFlZXJmoj24o4w4bG9v6gVwXgRhYpx3oj24o4w4bG9v6gVwXit3eSoIZpFsciUsopxvbitlcF9iYWxlZSoIZpFsciUsop3zXiR3cGVuZGVuYgk4OpZhbHN3LCJsbi9rdXBfZGVwZWmkZWmjeV9rZXk4OpZhbHN3LCJwYXR2XgRvXgVwbG9hZCoIo4osonVwbG9hZF90eXB3oj1pYWxzZXl9LHs4Zp33bGQ4O4JkZXNjcp3wdG3vb4osopFs6WFzoj24dGJfZgJvdXBzo4w4bGF4ZWw4O4JEZXNjcp3wdG3vb4osonJ3cXV1cpVkoj24MCosonZ1ZXc4OjEsopZvcplfZgJvdXA4O4o4LCJ0eXB3oj24dGVadGFyZWE4LCJhZGQ4O4o4LCJ3ZG30oj24o4w4ciVhcpN2oj2xLCJzbgJ0bG3zdCoIM4w4ci3IZSoIonNwYWaxM4osop9wdG3vb4oIeyJvcHRfdH3wZSoIo4osopxvbitlcF9xdWVyeSoIo4osopxvbitlcF90YWJsZSoIo4osopxvbitlcF9rZXk4O4o4LCJsbi9rdXBfdpFsdWU4O4o4LCJ1cl9kZXB3bpR3bpNmoj24o4w4bG9v6gVwXiR3cGVuZGVuYg3f6iVmoj24o4w4cGF06F90bl9lcGxvYWQ4O4o4LCJlcGxvYWRfdH3wZSoIo4J9fSx7opZ1ZWxkoj24bGViZWw4LCJhbG3hcyoIonR4XidybgVwcyosopxhYpVsoj24TGViZWw4LCJyZXFl6XJ3ZCoIonJ3cXV1cpVko4w4dp33dyoIMSw4Zp9ybV9ncp9lcCoIo4osonRmcGU4O4J0ZXh0XimlbWJ3c4osopFkZCoIZpFsciUsopVk6XQ4OpZhbHN3LCJzZWFyYi54OjEsonNvcnRs6XN0oj2zLCJz6X13oj24cgBhbjEyo4w4bgB06W9uoj17op9wdF90eXB3oj1pYWxzZSw4bG9v6gVwXgFlZXJmoj24o4w4bG9v6gVwXgRhYpx3oj24o4w4bG9v6gVwXit3eSoIZpFsciUsopxvbitlcF9iYWxlZSoIZpFsciUsop3zXiR3cGVuZGVuYgk4OpZhbHN3LCJsbi9rdXBfZGVwZWmkZWmjeV9rZXk4OpZhbHN3LCJwYXR2XgRvXgVwbG9hZCoIo4osonVwbG9hZF90eXB3oj1pYWxzZXl9XSw4ZgJ1ZCoIWgs4Zp33bGQ4O4Jncp9lcF91ZCosopFs6WFzoj24dGJfZgJvdXBzo4w4bGF4ZWw4O4JJRCosonZ1ZXc4OjEsopR3dGF1bCoIMSw4ci9ydGF4bGU4OjEsonN3YXJj6CoIMSw4ZG9gbpxvYWQ4OjEsopZybg13b4oIMSw4di3kdG54O4oxMDA4LCJhbG3nb4oIopx3ZnQ4LCJzbgJ0bG3zdCoIojA4LCJhdHRy6WJldGU4Ons46H3wZXJs6Wmroj17opFjdG3iZSoIMCw4bG3u6yoIo4osonRhcpd3dCoIo39zZWxpo4w46HRtbCoIo4J9LCJ1bWFnZSoIeyJhYgR1dpU4OjAsonBhdG54O4o4LCJz6X13Xg54O4o4LCJz6X13Xgk4O4o4LCJ2dGlsoj24onl9fSx7opZ1ZWxkoj24bpFtZSosopFs6WFzoj24dGJfZgJvdXBzo4w4bGF4ZWw4O4JOYWl3o4w4dp33dyoIMSw4ZGV0YW3soj2xLCJzbgJ0YWJsZSoIMSw4ciVhcpN2oj2xLCJkbgdubG9hZCoIMSw4ZnJvepVuoj2xLCJg6WR06CoIojEwMCosopFs6Wduoj24o4w4ci9ydGx1cgQ4O4oxo4w4YXR0cp34dXR3oj17ophmcGVybG3u6yoIeyJhYgR1dpU4OjAsopx1bps4O4o4LCJ0YXJnZXQ4O4JfciVsZ4osoph0bWw4O4o4fSw46WlhZiU4Ons4YWN06XZ3oj2wLCJwYXR2oj24o4w4ci3IZV9aoj24o4w4ci3IZV9moj24o4w46HRtbCoIo4J9fX0seyJp6WVsZCoIopR3ciNy6XB06W9uo4w4YWx1YXM4O4J0Y39ncp9lcHM4LCJsYWJ3bCoIokR3ciNy6XB06W9uo4w4dp33dyoIMSw4ZGV0YW3soj2xLCJzbgJ0YWJsZSoIMSw4ciVhcpN2oj2xLCJkbgdubG9hZCoIMSw4ZnJvepVuoj2xLCJg6WR06CoIojEwMCosopFs6Wduoj24o4w4ci9ydGx1cgQ4O4oyo4w4YXR0cp34dXR3oj17ophmcGVybG3u6yoIeyJhYgR1dpU4OjAsopx1bps4O4o4LCJ0YXJnZXQ4O4JfciVsZ4osoph0bWw4O4o4fSw46WlhZiU4Ons4YWN06XZ3oj2wLCJwYXR2oj24o4w4ci3IZV9aoj24o4w4ci3IZV9moj24o4w46HRtbCoIo4J9fX0seyJp6WVsZCoIopx3dpVso4w4YWx1YXM4O4J0Y39ncp9lcHM4LCJsYWJ3bCoIokx3dpVso4w4dp33dyoIMSw4ZGV0YW3soj2xLCJzbgJ0YWJsZSoIMSw4ciVhcpN2oj2xLCJkbgdubG9hZCoIMSw4ZnJvepVuoj2xLCJg6WR06CoIojEwMCosopFs6Wduoj24bGVpdCosonNvcnRs6XN0oj24MyosopF0dHJ1YnV0ZSoIeyJ2eXB3cpx1bps4Ons4YWN06XZ3oj2wLCJs6Wmroj24o4w4dGFyZiV0oj24XgN3bGY4LCJ2dGlsoj24on0sop3tYWd3oj17opFjdG3iZSoIMCw4cGF06CoIo4osonN1epVfeCoIo4osonN1epVfeSoIo4osoph0bWw4O4o4fXl9XX0=',	NULL),
(4,	'module',	'Module Management',	'All module applications',	'Mango Tm',	'2013-08-24 12:28:43',	NULL,	'tb_module',	'module_id',	'core',	'eyJ0YWJsZV9kY4oIonR4XilvZHVsZSosonBy6Wlhcn3f6iVmoj24bW9kdWx3Xi3ko4w4cgFsXgN3bGVjdCoIo3NFTEVDVCB0Y39tbiRlbGUubW9kdWx3Xi3kLHR4XilvZHVsZSmtbiRlbGVfbpFtZSx0Y39tbiRlbGUubW9kdWx3XgR1dGx3LHR4XilvZHVsZSmtbiRlbGVfbp90ZSx0Y39tbiRlbGUubW9kdWx3XiFldGhvc4x0Y39tbiRlbGUubW9kdWx3XiNyZWF0ZWQsdGJfbW9kdWx3LplvZHVsZV9kZXNjLHR4XilvZHVsZSmtbiRlbGVfZGosdGJfbW9kdWx3LplvZHVsZV9kY39rZXksdGJfbW9kdWx3LplvZHVsZV90eXB3LHR4XilvZHVsZSmncp9lcF91ZCx0Y39tbiRlbGUubW9kdWx3XgBhdG55oEZST005dGJfbW9kdWx3oCosonNxbF9g6GVyZSoIo4A5oFdoRVJFoHR4XilvZHVsZSmtbiRlbGVf6WQ5SVM5Tk9UoEmVTEw5QUmEoGlvZHVsZV9uYWl3oCE9JilvZHVsZSc5oCosonNxbF9ncp9lcCoIo4A5oCA4LCJpbgJtcyoIWgs4Zp33bGQ4O4JtbiRlbGVf6WQ4LCJhbG3hcyoIonR4XilvZHVsZSosopxhYpVsoj24TW9kdWx3oE3ko4w4Zp9ybV9ncp9lcCoIo4osonJ3cXV1cpVkoj24MCosonZ1ZXc4OjEsonRmcGU4O4J26WRkZWa4LCJhZGQ4OpZhbHN3LCJ3ZG30oj1pYWxzZSw4ciVhcpN2oj2wLCJz6X13oj24cgBhbjEyo4w4ci9ydGx1cgQ4O4owo4w4bgB06W9uoj17op9wdF90eXB3oj1pYWxzZSw4bG9v6gVwXgFlZXJmoj24o4w4bG9v6gVwXgRhYpx3oj24o4w4bG9v6gVwXit3eSoIZpFsciUsopxvbitlcF9iYWxlZSoIZpFsciUsop3zXiR3cGVuZGVuYgk4OpZhbHN3LCJsbi9rdXBfZGVwZWmkZWmjeV9rZXk4OpZhbHN3LCJwYXR2XgRvXgVwbG9hZCoIo4osonVwbG9hZF90eXB3oj1pYWxzZSw4dG9vbHR1cCoIo4osopF0dHJ1YnV0ZSoIo4osopVadGVuZF9jbGFzcyoIo4J9fSx7opZ1ZWxkoj24bW9kdWx3XimhbWU4LCJhbG3hcyoIonR4XilvZHVsZSosopxhYpVsoj24TW9kdWx3oEmhbWU4LCJpbgJtXidybgVwoj24o4w4cpVxdW3yZWQ4O4owo4w4dp33dyoIMCw4dH3wZSoIonR3eHQ4LCJhZGQ4O4o4LCJ3ZG30oj24o4w4ciVhcpN2oj2xLCJz6X13oj24cgBhbjEyo4w4ci9ydGx1cgQ4OjEsop9wdG3vb4oIeyJvcHRfdH3wZSoIo4osopxvbitlcF9xdWVyeSoIo4osopxvbitlcF90YWJsZSoIojA4LCJsbi9rdXBf6iVmoj24o4w4bG9v6gVwXgZhbHV3oj24o4w46XNfZGVwZWmkZWmjeSoIo4osopxvbitlcF9kZXB3bpR3bpNmXit3eSoIo4osonBhdGhfdG9fdXBsbiFkoj24o4w4dXBsbiFkXgRmcGU4O4o4LCJ0bi9sdG3woj24o4w4YXR0cp34dXR3oj24o4w4ZXh0ZWmkXiNsYXNzoj24onl9LHs4Zp33bGQ4O4JtbiRlbGVfdG30bGU4LCJhbG3hcyoIonR4XilvZHVsZSosopxhYpVsoj24TW9kdWx3oFR1dGx3o4w4Zp9ybV9ncp9lcCoIo4osonJ3cXV1cpVkoj24MSosonZ1ZXc4OjEsonRmcGU4O4J0ZXh0o4w4YWRkoj24o4w4ZWR1dCoIo4osonN3YXJj6CoIMSw4ci3IZSoIonNwYWaxM4osonNvcnRs6XN0oj2yLCJvcHR1bia4Ons4bgB0XgRmcGU4O4o4LCJsbi9rdXBfcXV3cnk4O4o4LCJsbi9rdXBfdGF4bGU4O4owo4w4bG9v6gVwXit3eSoIo4osopxvbitlcF9iYWxlZSoIo4osop3zXiR3cGVuZGVuYgk4O4o4LCJsbi9rdXBfZGVwZWmkZWmjeV9rZXk4O4o4LCJwYXR2XgRvXgVwbG9hZCoIo4osonVwbG9hZF90eXB3oj24o4w4dG9vbHR1cCoIo4osopF0dHJ1YnV0ZSoIo4osopVadGVuZF9jbGFzcyoIo4J9fSx7opZ1ZWxkoj24bW9kdWx3XimvdGU4LCJhbG3hcyoIonR4XilvZHVsZSosopxhYpVsoj24TW9kdWx3oEmvdGU4LCJpbgJtXidybgVwoj24o4w4cpVxdW3yZWQ4O4o4LCJi6WVgoj24MSosonRmcGU4O4J0ZXh0o4w4YWRkoj24MSosopVk6XQ4O4oxo4w4ciVhcpN2oj24MSosonN1epU4O4JzcGFuMTo4LCJzbgJ0bG3zdCoIMyw4bgB06W9uoj17op9wdF90eXB3oj24o4w4bG9v6gVwXgFlZXJmoj24o4w4bG9v6gVwXgRhYpx3oj24o4w4bG9v6gVwXit3eSoIo4osopxvbitlcF9iYWxlZSoIo4osop3zXiR3cGVuZGVuYgk4O4o4LCJsbi9rdXBfZGVwZWmkZWmjeV9rZXk4O4o4LCJwYXR2XgRvXgVwbG9hZCoIo4osonVwbG9hZF90eXB3oj24o4w4dG9vbHR1cCoIo4osopF0dHJ1YnV0ZSoIo4osopVadGVuZF9jbGFzcyoIo4J9fSx7opZ1ZWxkoj24bW9kdWx3XiFldGhvc4osopFs6WFzoj24dGJfbW9kdWx3o4w4bGF4ZWw4O4JNbiRlbGU5QXV06G9yo4w4Zp9ybV9ncp9lcCoIo4osonJ3cXV1cpVkoj24MCosonZ1ZXc4OjAsonRmcGU4O4J0ZXh0o4w4YWRkoj24o4w4ZWR1dCoIo4osonN3YXJj6CoIMSw4ci3IZSoIonNwYWaxM4osonNvcnRs6XN0oj20LCJvcHR1bia4Ons4bgB0XgRmcGU4O4o4LCJsbi9rdXBfcXV3cnk4O4o4LCJsbi9rdXBfdGF4bGU4O4owo4w4bG9v6gVwXit3eSoIo4osopxvbitlcF9iYWxlZSoIo4osop3zXiR3cGVuZGVuYgk4O4o4LCJsbi9rdXBfZGVwZWmkZWmjeV9rZXk4O4o4LCJwYXR2XgRvXgVwbG9hZCoIo4osonVwbG9hZF90eXB3oj24o4w4dG9vbHR1cCoIo4osopF0dHJ1YnV0ZSoIo4osopVadGVuZF9jbGFzcyoIo4J9fSx7opZ1ZWxkoj24bW9kdWx3XiNyZWF0ZWQ4LCJhbG3hcyoIonR4XilvZHVsZSosopxhYpVsoj24TW9kdWx3oENyZWF0ZWQ4LCJpbgJtXidybgVwoj24o4w4cpVxdW3yZWQ4O4owo4w4dp33dyoIMCw4dH3wZSoIonR3eHRfZGF0ZXR1bWU4LCJhZGQ4O4o4LCJ3ZG30oj24o4w4ciVhcpN2oj2xLCJz6X13oj24cgBhbjEyo4w4ci9ydGx1cgQ4OjUsop9wdG3vb4oIeyJvcHRfdH3wZSoIo4osopxvbitlcF9xdWVyeSoIo4osopxvbitlcF90YWJsZSoIojA4LCJsbi9rdXBf6iVmoj24o4w4bG9v6gVwXgZhbHV3oj24o4w46XNfZGVwZWmkZWmjeSoIo4osopxvbitlcF9kZXB3bpR3bpNmXit3eSoIo4osonBhdGhfdG9fdXBsbiFkoj24o4w4dXBsbiFkXgRmcGU4O4o4LCJ0bi9sdG3woj24o4w4YXR0cp34dXR3oj24o4w4ZXh0ZWmkXiNsYXNzoj24onl9LHs4Zp33bGQ4O4JtbiRlbGVfZGVzYyosopFs6WFzoj24dGJfbW9kdWx3o4w4bGF4ZWw4O4JNbiRlbGU5RGVzYyosopZvcplfZgJvdXA4O4o4LCJyZXFl6XJ3ZCoIojA4LCJi6WVgoj2wLCJ0eXB3oj24dGVadGFyZWE4LCJhZGQ4O4o4LCJ3ZG30oj24o4w4ciVhcpN2oj2xLCJz6X13oj24cgBhbjEyo4w4ci9ydGx1cgQ4OjYsop9wdG3vb4oIeyJvcHRfdH3wZSoIo4osopxvbitlcF9xdWVyeSoIo4osopxvbitlcF90YWJsZSoIojA4LCJsbi9rdXBf6iVmoj24o4w4bG9v6gVwXgZhbHV3oj24o4w46XNfZGVwZWmkZWmjeSoIo4osopxvbitlcF9kZXB3bpR3bpNmXit3eSoIo4osonBhdGhfdG9fdXBsbiFkoj24o4w4dXBsbiFkXgRmcGU4O4o4LCJ0bi9sdG3woj24o4w4YXR0cp34dXR3oj24o4w4ZXh0ZWmkXiNsYXNzoj24onl9LHs4Zp33bGQ4O4JtbiRlbGVfZGo4LCJhbG3hcyoIonR4XilvZHVsZSosopxhYpVsoj24TW9kdWx3oER4o4w4Zp9ybV9ncp9lcCoIo4osonJ3cXV1cpVkoj24MCosonZ1ZXc4OjAsonRmcGU4O4J0ZXh0o4w4YWRkoj24o4w4ZWR1dCoIo4osonN3YXJj6CoIMSw4ci3IZSoIonNwYWaxM4osonNvcnRs6XN0oj2gLCJvcHR1bia4Ons4bgB0XgRmcGU4O4o4LCJsbi9rdXBfcXV3cnk4O4o4LCJsbi9rdXBfdGF4bGU4O4owo4w4bG9v6gVwXit3eSoIo4osopxvbitlcF9iYWxlZSoIo4osop3zXiR3cGVuZGVuYgk4O4o4LCJsbi9rdXBfZGVwZWmkZWmjeV9rZXk4O4o4LCJwYXR2XgRvXgVwbG9hZCoIo4osonVwbG9hZF90eXB3oj24o4w4dG9vbHR1cCoIo4osopF0dHJ1YnV0ZSoIo4osopVadGVuZF9jbGFzcyoIo4J9fSx7opZ1ZWxkoj24bW9kdWx3XiR4Xit3eSosopFs6WFzoj24dGJfbW9kdWx3o4w4bGF4ZWw4O4JNbiRlbGU5RGo5SiVmo4w4Zp9ybV9ncp9lcCoIo4osonJ3cXV1cpVkoj24MCosonZ1ZXc4OjAsonRmcGU4O4J0ZXh0o4w4YWRkoj24o4w4ZWR1dCoIo4osonN3YXJj6CoIMSw4ci3IZSoIonNwYWaxM4osonNvcnRs6XN0oj2aLCJvcHR1bia4Ons4bgB0XgRmcGU4O4o4LCJsbi9rdXBfcXV3cnk4O4o4LCJsbi9rdXBfdGF4bGU4O4owo4w4bG9v6gVwXit3eSoIo4osopxvbitlcF9iYWxlZSoIo4osop3zXiR3cGVuZGVuYgk4O4o4LCJsbi9rdXBfZGVwZWmkZWmjeV9rZXk4O4o4LCJwYXR2XgRvXgVwbG9hZCoIo4osonVwbG9hZF90eXB3oj24o4w4dG9vbHR1cCoIo4osopF0dHJ1YnV0ZSoIo4osopVadGVuZF9jbGFzcyoIo4J9fSx7opZ1ZWxkoj24bW9kdWx3XgRmcGU4LCJhbG3hcyoIonR4XilvZHVsZSosopxhYpVsoj24TW9kdWx3oFRmcGU4LCJpbgJtXidybgVwoj24o4w4cpVxdW3yZWQ4O4owo4w4dp33dyoIMCw4dH3wZSoIonR3eHQ4LCJhZGQ4O4o4LCJ3ZG30oj24o4w4ciVhcpN2oj2xLCJz6X13oj24cgBhbjEyo4w4ci9ydGx1cgQ4Ojksop9wdG3vb4oIeyJvcHRfdH3wZSoIo4osopxvbitlcF9xdWVyeSoIo4osopxvbitlcF90YWJsZSoIojA4LCJsbi9rdXBf6iVmoj24o4w4bG9v6gVwXgZhbHV3oj24o4w46XNfZGVwZWmkZWmjeSoIo4osopxvbitlcF9kZXB3bpR3bpNmXit3eSoIo4osonBhdGhfdG9fdXBsbiFkoj24o4w4dXBsbiFkXgRmcGU4O4o4LCJ0bi9sdG3woj24o4w4YXR0cp34dXR3oj24o4w4ZXh0ZWmkXiNsYXNzoj24onl9LHs4Zp33bGQ4O4Jncp9lcF91ZCosopFs6WFzoj24dGJfbW9kdWx3o4w4bGF4ZWw4O4JNbiRlbGU5RgJvdXA4LCJpbgJtXidybgVwoj24o4w4cpVxdW3yZWQ4O4owo4w4dp33dyoIMSw4dH3wZSoIonN3bGVjdCosopFkZCoIo4osopVk6XQ4O4o4LCJzZWFyYi54OjEsonN1epU4O4JzcGFuMTo4LCJzbgJ0bG3zdCoIMTAsop9wdG3vb4oIeyJvcHRfdH3wZSoIopVadGVybpFso4w4bG9v6gVwXgFlZXJmoj24o4w4bG9v6gVwXgRhYpx3oj24dGJfbW9kdWx3XidybgVwcyosopxvbitlcF9rZXk4O4Jncp9lcF91ZCosopxvbitlcF9iYWxlZSoIopdybgVwXimhbWU4LCJ1cl9kZXB3bpR3bpNmoj24o4w4bG9v6gVwXiR3cGVuZGVuYg3f6iVmoj24o4w4cGF06F90bl9lcGxvYWQ4O4o4LCJlcGxvYWRfdH3wZSoIo4osonRvbix06XA4O4o4LCJhdHRy6WJldGU4O4o4LCJ3eHR3bpRfYixhcgM4O4o4fX0seyJp6WVsZCoIoplvZHVsZV9wYXR2o4w4YWx1YXM4O4J0Y39tbiRlbGU4LCJsYWJ3bCoIoklvZHVsZSBQYXR2o4w4Zp9ybV9ncp9lcCoIo4osonJ3cXV1cpVkoj24o4w4dp33dyoIojE4LCJ0eXB3oj24dGVadGFyZWE4LCJhZGQ4O4oxo4w4ZWR1dCoIojE4LCJzZWFyYi54O4oxo4w4ci3IZSoIonNwYWaxM4osonNvcnRs6XN0oj2xMSw4bgB06W9uoj17op9wdF90eXB3oj24o4w4bG9v6gVwXgFlZXJmoj24o4w4bG9v6gVwXgRhYpx3oj24o4w4bG9v6gVwXit3eSoIo4osopxvbitlcF9iYWxlZSoIo4osop3zXiR3cGVuZGVuYgk4O4o4LCJsbi9rdXBfZGVwZWmkZWmjeV9rZXk4O4o4LCJwYXR2XgRvXgVwbG9hZCoIo4osonVwbG9hZF90eXB3oj24o4w4dG9vbHR1cCoIo4osopF0dHJ1YnV0ZSoIo4osopVadGVuZF9jbGFzcyoIo4J9fV0sopdy6WQ4O3t7opZ1ZWxkoj24bW9kdWx3Xi3ko4w4YWx1YXM4O4J0Y39tbiRlbGU4LCJsYWJ3bCoIoklvZHVsZSBJZCosonZ1ZXc4OjAsopR3dGF1bCoIMSw4ci9ydGF4bGU4OjEsonN3YXJj6CoIMSw4ZG9gbpxvYWQ4OjAsopZybg13b4oIMSw4di3kdG54O4oxMDA4LCJhbG3nb4oIopx3ZnQ4LCJzbgJ0bG3zdCoIojE4LCJhdHRy6WJldGU4Ons46H3wZXJs6Wmroj17opFjdG3iZSoIMCw4bG3u6yoIo4osonRhcpd3dCoIo39zZWxpo4w46HRtbCoIo4J9LCJ1bWFnZSoIeyJhYgR1dpU4OjAsonBhdG54O4o4LCJz6X13Xg54O4o4LCJz6X13Xgk4O4o4LCJ2dGlsoj24onl9fSx7opZ1ZWxkoj24bW9kdWx3XgBhdG54LCJhbG3hcyoIonR4XilvZHVsZSosopxhYpVsoj24QXBwcyosonZ1ZXc4OjEsopR3dGF1bCoIMSw4ci9ydGF4bGU4OjEsonN3YXJj6CoIMSw4ZG9gbpxvYWQ4OjEsopZybg13b4oIMSw4di3kdG54O4oxMDA4LCJhbG3nb4oIopx3ZnQ4LCJzbgJ0bG3zdCoIojo4LCJhdHRy6WJldGU4Ons46H3wZXJs6Wmroj17opFjdG3iZSoIMCw4bG3u6yoIo4osonRhcpd3dCoIo39zZWxpo4w46HRtbCoIo4J9LCJ1bWFnZSoIeyJhYgR1dpU4OjAsonBhdG54O4o4LCJz6X13Xg54O4o4LCJz6X13Xgk4O4o4LCJ2dGlsoj24onl9fSx7opZ1ZWxkoj24bW9kdWx3XimhbWU4LCJhbG3hcyoIonR4XilvZHVsZSosopxhYpVsoj24Qi9udHJvbGx3c4osonZ1ZXc4OjEsopR3dGF1bCoIMSw4ci9ydGF4bGU4OjEsonN3YXJj6CoIMSw4ZG9gbpxvYWQ4OjEsopZybg13b4oIMSw4di3kdG54O4oxMDA4LCJhbG3nb4oIopx3ZnQ4LCJzbgJ0bG3zdCoIojM4LCJhdHRy6WJldGU4Ons46H3wZXJs6Wmroj17opFjdG3iZSoIMCw4bG3u6yoIo4osonRhcpd3dCoIo39zZWxpo4w46HRtbCoIo4J9LCJ1bWFnZSoIeyJhYgR1dpU4OjAsonBhdG54O4o4LCJz6X13Xg54O4o4LCJz6X13Xgk4O4o4LCJ2dGlsoj24onl9fSx7opZ1ZWxkoj24bW9kdWx3XgR1dGx3o4w4YWx1YXM4O4J0Y39tbiRlbGU4LCJsYWJ3bCoIoklvZHVsZSBOYWl3o4w4dp33dyoIMSw4ZGV0YW3soj2xLCJzbgJ0YWJsZSoIMSw4ciVhcpN2oj2xLCJkbgdubG9hZCoIMSw4ZnJvepVuoj2xLCJg6WR06CoIojEyMCosopFs6Wduoj24bGVpdCosonNvcnRs6XN0oj24NCosopF0dHJ1YnV0ZSoIeyJ2eXB3cpx1bps4Ons4YWN06XZ3oj2wLCJs6Wmroj24o4w4dGFyZiV0oj24XgN3bGY4LCJ2dGlsoj24on0sop3tYWd3oj17opFjdG3iZSoIMCw4cGF06CoIo4osonN1epVfeCoIo4osonN1epVfeSoIo4osoph0bWw4O4o4fXl9LHs4Zp33bGQ4O4JtbiRlbGVfbp90ZSosopFs6WFzoj24dGJfbW9kdWx3o4w4bGF4ZWw4O4JObgR3o4w4dp33dyoIMSw4ZGV0YW3soj2xLCJzbgJ0YWJsZSoIMSw4ciVhcpN2oj2xLCJkbgdubG9hZCoIMSw4ZnJvepVuoj2xLCJg6WR06CoIojElMCosopFs6Wduoj24bGVpdCosonNvcnRs6XN0oj24NSosopF0dHJ1YnV0ZSoIeyJ2eXB3cpx1bps4Ons4YWN06XZ3oj2wLCJs6Wmroj24o4w4dGFyZiV0oj24XgN3bGY4LCJ2dGlsoj24on0sop3tYWd3oj17opFjdG3iZSoIMCw4cGF06CoIo4osonN1epVfeCoIo4osonN1epVfeSoIo4osoph0bWw4O4o4fXl9LHs4Zp33bGQ4O4JtbiRlbGVfYXV06G9yo4w4YWx1YXM4O4J0Y39tbiRlbGU4LCJsYWJ3bCoIokFldGhvc4osonZ1ZXc4OjEsopR3dGF1bCoIMSw4ci9ydGF4bGU4OjEsonN3YXJj6CoIMSw4ZG9gbpxvYWQ4OjEsopZybg13b4oIMSw4di3kdG54O4oxMDA4LCJhbG3nb4oIopx3ZnQ4LCJzbgJ0bG3zdCoIojY4LCJhdHRy6WJldGU4Ons46H3wZXJs6Wmroj17opFjdG3iZSoIMCw4bG3u6yoIo4osonRhcpd3dCoIo39zZWxpo4w46HRtbCoIo4J9LCJ1bWFnZSoIeyJhYgR1dpU4OjAsonBhdG54O4o4LCJz6X13Xg54O4o4LCJz6X13Xgk4O4o4LCJ2dGlsoj24onl9fSx7opZ1ZWxkoj24bW9kdWx3XiNyZWF0ZWQ4LCJhbG3hcyoIonR4XilvZHVsZSosopxhYpVsoj24QgJ3YXR3ZCosonZ1ZXc4OjAsopR3dGF1bCoIMSw4ci9ydGF4bGU4OjEsonN3YXJj6CoIMSw4ZG9gbpxvYWQ4OjAsopZybg13b4oIMSw4di3kdG54O4oxMDA4LCJhbG3nb4oIopx3ZnQ4LCJzbgJ0bG3zdCoIojc4LCJhdHRy6WJldGU4Ons46H3wZXJs6Wmroj17opFjdG3iZSoIMCw4bG3u6yoIo4osonRhcpd3dCoIo39zZWxpo4w46HRtbCoIo4J9LCJ1bWFnZSoIeyJhYgR1dpU4OjAsonBhdG54O4o4LCJz6X13Xg54O4o4LCJz6X13Xgk4O4o4LCJ2dGlsoj24onl9fSx7opZ1ZWxkoj24bW9kdWx3XiR3ciM4LCJhbG3hcyoIonR4XilvZHVsZSosopxhYpVsoj24TW9kdWx3oER3ciM4LCJi6WVgoj2wLCJkZXRh6Ww4OjEsonNvcnRhYpx3oj2xLCJzZWFyYi54OjEsopRvdimsbiFkoj2xLCJpcp9IZWa4OjEsond1ZHR2oj24MTAwo4w4YWx1Zia4O4JsZWZ0o4w4ci9ydGx1cgQ4O4oao4w4YXR0cp34dXR3oj17ophmcGVybG3u6yoIeyJhYgR1dpU4OjAsopx1bps4O4o4LCJ0YXJnZXQ4O4JfciVsZ4osoph0bWw4O4o4fSw46WlhZiU4Ons4YWN06XZ3oj2wLCJwYXR2oj24o4w4ci3IZV9aoj24o4w4ci3IZV9moj24o4w46HRtbCoIo4J9fX0seyJp6WVsZCoIoplvZHVsZV9kY4osopFs6WFzoj24dGJfbW9kdWx3o4w4bGF4ZWw4O4JNbiRlbGU5RGo4LCJi6WVgoj2wLCJkZXRh6Ww4OjEsonNvcnRhYpx3oj2xLCJzZWFyYi54OjEsopRvdimsbiFkoj2xLCJpcp9IZWa4OjEsond1ZHR2oj24MTAwo4w4YWx1Zia4O4JsZWZ0o4w4ci9ydGx1cgQ4O4omo4w4YXR0cp34dXR3oj17ophmcGVybG3u6yoIeyJhYgR1dpU4OjAsopx1bps4O4o4LCJ0YXJnZXQ4O4JfciVsZ4osoph0bWw4O4o4fSw46WlhZiU4Ons4YWN06XZ3oj2wLCJwYXR2oj24o4w4ci3IZV9aoj24o4w4ci3IZV9moj24o4w46HRtbCoIo4J9fX0seyJp6WVsZCoIoplvZHVsZV9kY39rZXk4LCJhbG3hcyoIonR4XilvZHVsZSosopxhYpVsoj24TW9kdWx3oER4oEt3eSosonZ1ZXc4OjAsopR3dGF1bCoIMSw4ci9ydGF4bGU4OjEsonN3YXJj6CoIMSw4ZG9gbpxvYWQ4OjEsopZybg13b4oIMSw4di3kdG54O4oxMDA4LCJhbG3nb4oIopx3ZnQ4LCJzbgJ0bG3zdCoIojEwo4w4YXR0cp34dXR3oj17ophmcGVybG3u6yoIeyJhYgR1dpU4OjAsopx1bps4O4o4LCJ0YXJnZXQ4O4JfciVsZ4osoph0bWw4O4o4fSw46WlhZiU4Ons4YWN06XZ3oj2wLCJwYXR2oj24o4w4ci3IZV9aoj24o4w4ci3IZV9moj24o4w46HRtbCoIo4J9fX0seyJp6WVsZCoIoplvZHVsZV90eXB3o4w4YWx1YXM4O4J0Y39tbiRlbGU4LCJsYWJ3bCoIo3RmcGU4LCJi6WVgoj2xLCJkZXRh6Ww4OjEsonNvcnRhYpx3oj2xLCJzZWFyYi54OjEsopRvdimsbiFkoj2xLCJpcp9IZWa4OjEsond1ZHR2oj24MTAwo4w4YWx1Zia4O4JsZWZ0o4w4ci9ydGx1cgQ4O4oxMSosopF0dHJ1YnV0ZSoIeyJ2eXB3cpx1bps4Ons4YWN06XZ3oj2wLCJs6Wmroj24o4w4dGFyZiV0oj24XgN3bGY4LCJ2dGlsoj24on0sop3tYWd3oj17opFjdG3iZSoIMCw4cGF06CoIo4osonN1epVfeCoIo4osonN1epVfeSoIo4osoph0bWw4O4o4fXl9LHs4Zp33bGQ4O4Jncp9lcF91ZCosopFs6WFzoj24dGJfbW9kdWx3o4w4bGF4ZWw4O4JHcp9lcCBJZCosonZ1ZXc4OjAsopR3dGF1bCoIMSw4ci9ydGF4bGU4OjEsonN3YXJj6CoIMSw4ZG9gbpxvYWQ4OjAsopZybg13b4oIMSw4di3kdG54O4oxMDA4LCJhbG3nb4oIopx3ZnQ4LCJzbgJ0bG3zdCoIojEyo4w4YXR0cp34dXR3oj17ophmcGVybG3u6yoIeyJhYgR1dpU4OjAsopx1bps4O4o4LCJ0YXJnZXQ4O4JfciVsZ4osoph0bWw4O4o4fSw46WlhZiU4Ons4YWN06XZ3oj2wLCJwYXR2oj24o4w4ci3IZV9aoj24o4w4ci3IZV9moj24o4w46HRtbCoIo4J9fXldfQ==',	NULL),
(7,	'menu',	'Menu Management',	'Manage All Menu',	'Mango Tm',	'2014-01-05 15:20:29',	NULL,	'tb_menu',	'menu_id',	'core',	'eyJ0YWJsZV9kY4oIonR4Xil3bnU4LCJwcp3tYXJmXit3eSoIopl3bnVf6WQ4LCJzcWxfciVsZWN0oj24U0VMRUNUoHR4Xil3bnUuK4A5R3JPTSB0Y39tZWmloCosonNxbF9g6GVyZSoIo4BXSEVSRSB0Y39tZWmlLpl3bnVf6WQ5SVM5Tk9UoEmVTEw4LCJzcWxfZgJvdXA4O4o4LCJncp3koj1beyJp6WVsZCoIopl3bnVf6WQ4LCJhbG3hcyoIonR4Xil3bnU4LCJsYWJ3bCoIokl3bnU5SWQ4LCJi6WVgoj24MCosopR3dGF1bCoIojA4LCJzbgJ0YWJsZSoIojE4LCJzZWFyYi54O4oxo4w4ZG9gbpxvYWQ4O4oxo4w4ZnJvepVuoj24MCosoph1ZGR3b4oIojA4LCJhbG3nb4oIopx3ZnQ4LCJg6WR06CoIojEwMCosonNvcnRs6XN0oj24MCosopF0dHJ1YnV0ZSoIeyJ2eXB3cpx1bps4Ons4YWN06XZ3oj1pYWxzZSw4bG3u6yoIo4osonRhcpd3dCoIo4osoph0bWw4O4o4fSw46WlhZiU4Ons4YWN06XZ3oj1pYWxzZSw4cGF06CoIo4osonN1epVfeCoIo4osonN1epVfeSoIo4osoph0bWw4O4o4fX0sonRmcGU4O4J0ZXh0on0seyJp6WVsZCoIonBhcpVudF91ZCosopFs6WFzoj24dGJfbWVudSosopxhYpVsoj24UGFyZWm0oE3ko4w4dp33dyoIojE4LCJkZXRh6Ww4O4oxo4w4ci9ydGF4bGU4O4oxo4w4ciVhcpN2oj24MSosopRvdimsbiFkoj24MSosopZybg13b4oIojA4LCJ26WRkZWa4O4oxo4w4YWx1Zia4O4JsZWZ0o4w4di3kdG54O4oxMDA4LCJzbgJ0bG3zdCoIojE4LCJhdHRy6WJldGU4Ons46H3wZXJs6Wmroj17opFjdG3iZSoIZpFsciUsopx1bps4O4o4LCJ0YXJnZXQ4O4o4LCJ2dGlsoj24on0sop3tYWd3oj17opFjdG3iZSoIZpFsciUsonBhdG54O4o4LCJz6X13Xg54O4o4LCJz6X13Xgk4O4o4LCJ2dGlsoj24onl9LCJ0eXB3oj24dGVadCJ9LHs4Zp33bGQ4O4JtbiRlbGU4LCJhbG3hcyoIonR4Xil3bnU4LCJsYWJ3bCoIoklvZHVsZSosonZ1ZXc4O4oxo4w4ZGV0YW3soj24MSosonNvcnRhYpx3oj24MSosonN3YXJj6CoIojE4LCJkbgdubG9hZCoIojE4LCJpcp9IZWa4O4owo4w46G3kZGVuoj24MCosopFs6Wduoj24bGVpdCosond1ZHR2oj24MTUwo4w4ci9ydGx1cgQ4O4ozo4w4YXR0cp34dXR3oj17ophmcGVybG3u6yoIeyJhYgR1dpU4OpZhbHN3LCJs6Wmroj24o4w4dGFyZiV0oj24o4w46HRtbCoIo4J9LCJ1bWFnZSoIeyJhYgR1dpU4OpZhbHN3LCJwYXR2oj24o4w4ci3IZV9aoj24o4w4ci3IZV9moj24o4w46HRtbCoIo4J9fSw4dH3wZSoIonR3eHQ4fSx7opZ1ZWxkoj24dXJso4w4YWx1YXM4O4J0Y39tZWmlo4w4bGF4ZWw4O4JVcpw4LCJi6WVgoj24MCosopR3dGF1bCoIojA4LCJzbgJ0YWJsZSoIojE4LCJzZWFyYi54O4oxo4w4ZG9gbpxvYWQ4O4oxo4w4ZnJvepVuoj24MCosoph1ZGR3b4oIojA4LCJhbG3nb4oIopx3ZnQ4LCJg6WR06CoIojEwMCosonNvcnRs6XN0oj24MyosopF0dHJ1YnV0ZSoIeyJ2eXB3cpx1bps4Ons4YWN06XZ3oj1pYWxzZSw4bG3u6yoIo4osonRhcpd3dCoIo4osoph0bWw4O4o4fSw46WlhZiU4Ons4YWN06XZ3oj1pYWxzZSw4cGF06CoIo4osonN1epVfeCoIo4osonN1epVfeSoIo4osoph0bWw4O4o4fX0sonRmcGU4O4J0ZXh0on0seyJp6WVsZCoIopl3bnVfbpFtZSosopFs6WFzoj24dGJfbWVudSosopxhYpVsoj24TWVudSBOYWl3o4w4dp33dyoIojE4LCJkZXRh6Ww4O4oxo4w4ci9ydGF4bGU4O4oxo4w4ciVhcpN2oj24MSosopRvdimsbiFkoj24MSosopZybg13b4oIojA4LCJ26WRkZWa4O4owo4w4YWx1Zia4O4JsZWZ0o4w4di3kdG54O4ozMDA4LCJzbgJ0bG3zdCoIojo4LCJhdHRy6WJldGU4Ons46H3wZXJs6Wmroj17opFjdG3iZSoIZpFsciUsopx1bps4O4o4LCJ0YXJnZXQ4O4o4LCJ2dGlsoj24on0sop3tYWd3oj17opFjdG3iZSoIZpFsciUsonBhdG54O4o4LCJz6X13Xg54O4o4LCJz6X13Xgk4O4o4LCJ2dGlsoj24onl9LCJ0eXB3oj24dGVadCJ9LHs4Zp33bGQ4O4JtZWmlXgRmcGU4LCJhbG3hcyoIonR4Xil3bnU4LCJsYWJ3bCoIokl3bnU5VH3wZSosonZ1ZXc4O4owo4w4ZGV0YW3soj24MCosonNvcnRhYpx3oj24MSosonN3YXJj6CoIojE4LCJkbgdubG9hZCoIojE4LCJpcp9IZWa4O4owo4w46G3kZGVuoj24MCosopFs6Wduoj24bGVpdCosond1ZHR2oj24MTAwo4w4ci9ydGx1cgQ4O4olo4w4YXR0cp34dXR3oj17ophmcGVybG3u6yoIeyJhYgR1dpU4OpZhbHN3LCJs6Wmroj24o4w4dGFyZiV0oj24o4w46HRtbCoIo4J9LCJ1bWFnZSoIeyJhYgR1dpU4OpZhbHN3LCJwYXR2oj24o4w4ci3IZV9aoj24o4w4ci3IZV9moj24o4w46HRtbCoIo4J9fSw4dH3wZSoIonR3eHQ4fSx7opZ1ZWxkoj24cp9sZV91ZCosopFs6WFzoj24dGJfbWVudSosopxhYpVsoj24Up9sZSBJZCosonZ1ZXc4O4owo4w4ZGV0YW3soj24MSosonNvcnRhYpx3oj24MSosonN3YXJj6CoIojE4LCJkbgdubG9hZCoIojE4LCJpcp9IZWa4O4owo4w46G3kZGVuoj24MCosopFs6Wduoj24bGVpdCosond1ZHR2oj24MTAwo4w4ci9ydGx1cgQ4O4oio4w4YXR0cp34dXR3oj17ophmcGVybG3u6yoIeyJhYgR1dpU4OpZhbHN3LCJs6Wmroj24o4w4dGFyZiV0oj24o4w46HRtbCoIo4J9LCJ1bWFnZSoIeyJhYgR1dpU4OpZhbHN3LCJwYXR2oj24o4w4ci3IZV9aoj24o4w4ci3IZV9moj24o4w46HRtbCoIo4J9fSw4dH3wZSoIonR3eHQ4fSx7opZ1ZWxkoj24ZGV3cCosopFs6WFzoj24dGJfbWVudSosopxhYpVsoj24RGV3cCosonZ1ZXc4O4owo4w4ZGV0YW3soj24MSosonNvcnRhYpx3oj24MSosonN3YXJj6CoIojE4LCJkbgdubG9hZCoIojE4LCJpcp9IZWa4O4owo4w46G3kZGVuoj24MCosopFs6Wduoj24bGVpdCosond1ZHR2oj24MTAwo4w4ci9ydGx1cgQ4O4ogo4w4YXR0cp34dXR3oj17ophmcGVybG3u6yoIeyJhYgR1dpU4OpZhbHN3LCJs6Wmroj24o4w4dGFyZiV0oj24o4w46HRtbCoIo4J9LCJ1bWFnZSoIeyJhYgR1dpU4OpZhbHN3LCJwYXR2oj24o4w4ci3IZV9aoj24o4w4ci3IZV9moj24o4w46HRtbCoIo4J9fSw4dH3wZSoIonR3eHQ4fSx7opZ1ZWxkoj24bgJkZXJ1bpc4LCJhbG3hcyoIonR4Xil3bnU4LCJsYWJ3bCoIok9yZCosonZ1ZXc4O4oxo4w4ZGV0YW3soj24MSosonNvcnRhYpx3oj24MSosonN3YXJj6CoIojE4LCJkbgdubG9hZCoIojE4LCJpcp9IZWa4O4owo4w46G3kZGVuoj24MCosopFs6Wduoj24bGVpdCosond1ZHR2oj24NTA4LCJzbgJ0bG3zdCoIoj54LCJhdHRy6WJldGU4Ons46H3wZXJs6Wmroj17opFjdG3iZSoIZpFsciUsopx1bps4O4o4LCJ0YXJnZXQ4O4o4LCJ2dGlsoj24on0sop3tYWd3oj17opFjdG3iZSoIZpFsciUsonBhdG54O4o4LCJz6X13Xg54O4o4LCJz6X13Xgk4O4o4LCJ2dGlsoj24onl9LCJ0eXB3oj24dGVadCJ9LHs4Zp33bGQ4O4JwbgN1dG3vb4osopFs6WFzoj24dGJfbWVudSosopxhYpVsoj24UG9z6XR1bia4LCJi6WVgoj24MCosopR3dGF1bCoIojA4LCJzbgJ0YWJsZSoIojE4LCJzZWFyYi54O4oxo4w4ZG9gbpxvYWQ4O4oxo4w4ZnJvepVuoj24MCosoph1ZGR3b4oIojA4LCJhbG3nb4oIopx3ZnQ4LCJg6WR06CoIojEwMCosonNvcnRs6XN0oj24OSosopF0dHJ1YnV0ZSoIeyJ2eXB3cpx1bps4Ons4YWN06XZ3oj1pYWxzZSw4bG3u6yoIo4osonRhcpd3dCoIo4osoph0bWw4O4o4fSw46WlhZiU4Ons4YWN06XZ3oj1pYWxzZSw4cGF06CoIo4osonN1epVfeCoIo4osonN1epVfeSoIo4osoph0bWw4O4o4fX0sonRmcGU4O4J0ZXh0on0seyJp6WVsZCoIopl3bnVf6WNvbnM4LCJhbG3hcyoIonR4Xil3bnU4LCJsYWJ3bCoIo4BJYi9uo4w4dp33dyoIojE4LCJkZXRh6Ww4O4oxo4w4ci9ydGF4bGU4O4oxo4w4ciVhcpN2oj24MSosopRvdimsbiFkoj24MSosopZybg13b4oIojA4LCJ26WRkZWa4O4owo4w4YWx1Zia4O4JsZWZ0o4w4di3kdG54O4olMCosonNvcnRs6XN0oj24MTA4LCJhdHRy6WJldGU4Ons46H3wZXJs6Wmroj17opFjdG3iZSoIZpFsciUsopx1bps4O4o4LCJ0YXJnZXQ4O4o4LCJ2dGlsoj24on0sop3tYWd3oj17opFjdG3iZSoIZpFsciUsonBhdG54O4o4LCJz6X13Xg54O4o4LCJz6X13Xgk4O4o4LCJ2dGlsoj24onl9LCJ0eXB3oj24dGVadCJ9LHs4Zp33bGQ4O4JhYgR1dpU4LCJhbG3hcyoIonR4Xil3bnU4LCJsYWJ3bCoIokFjdG3iZSosonZ1ZXc4O4oxo4w4ZGV0YW3soj24MSosonNvcnRhYpx3oj24MSosonN3YXJj6CoIojE4LCJkbgdubG9hZCoIojE4LCJpcp9IZWa4O4owo4w46G3kZGVuoj24MCosond1ZHR2oj24NTA4LCJhbG3nb4oIopN3bnR3c4osonNvcnRs6XN0oj24NyosopF0dHJ1YnV0ZSoIeyJ2eXB3cpx1bps4Ons4YWN06XZ3oj1pYWxzZSw4bG3u6yoIo4osonRhcpd3dCoIo4osoph0bWw4O4o4fSw46WlhZiU4Ons4YWN06XZ3oj1pYWxzZSw4cGF06CoIo4osonN1epVfeCoIo4osonN1epVfeSoIo4osoph0bWw4O4o4fX0sonRmcGU4O4J0ZXh0onldLCJpbgJtcyoIWgs4Zp33bGQ4O4JtZWmlXi3ko4w4YWx1YXM4O4J0Y39tZWmlo4w4bGF4ZWw4O4JNZWmloE3ko4w4cpVxdW3yZWQ4O4owo4w4dp33dyoIojE4LCJ0eXB3oj24dGVadCosopFkZCoIojE4LCJ3ZG30oj24MSosonN3YXJj6CoIojE4LCJz6X13oj24cgBhbjEyo4w4ci9ydGx1cgQ4OjAsopZvcplfZgJvdXA4O4o4LCJvcHR1bia4Ons4bgB0XgRmcGU4O4o4LCJsbi9rdXBfcXV3cnk4O4o4LCJsbi9rdXBfdGF4bGU4O4o4LCJsbi9rdXBf6iVmoj24o4w4bG9v6gVwXgZhbHV3oj24o4w46XNfZGVwZWmkZWmjeSoIo4osopxvbitlcF9kZXB3bpR3bpNmXit3eSoIo4osonBhdGhfdG9fdXBsbiFkoj24o4w4dXBsbiFkXgRmcGU4O4o4LCJ0bi9sdG3woj24o4w4YXR0cp34dXR3oj24o4w4ZXh0ZWmkXiNsYXNzoj24onl9LHs4Zp33bGQ4O4JwYXJ3bnRf6WQ4LCJhbG3hcyoIonR4Xil3bnU4LCJsYWJ3bCoIo3BhcpVudCBJZCosonJ3cXV1cpVkoj24MCosonZ1ZXc4O4oxo4w4dH3wZSoIonR3eHQ4LCJhZGQ4O4oxo4w4ZWR1dCoIojE4LCJzZWFyYi54O4oxo4w4ci3IZSoIonNwYWaxM4osonNvcnRs6XN0oj2xLCJpbgJtXidybgVwoj24o4w4bgB06W9uoj17op9wdF90eXB3oj24o4w4bG9v6gVwXgFlZXJmoj24o4w4bG9v6gVwXgRhYpx3oj24o4w4bG9v6gVwXit3eSoIo4osopxvbitlcF9iYWxlZSoIo4osop3zXiR3cGVuZGVuYgk4O4o4LCJsbi9rdXBfZGVwZWmkZWmjeV9rZXk4O4o4LCJwYXR2XgRvXgVwbG9hZCoIo4osonVwbG9hZF90eXB3oj24o4w4dG9vbHR1cCoIo4osopF0dHJ1YnV0ZSoIo4osopVadGVuZF9jbGFzcyoIo4J9fSx7opZ1ZWxkoj24bW9kdWx3o4w4YWx1YXM4O4J0Y39tZWmlo4w4bGF4ZWw4O4JNbiRlbGU4LCJyZXFl6XJ3ZCoIojA4LCJi6WVgoj24MSosonRmcGU4O4J0ZXh0o4w4YWRkoj24MSosopVk6XQ4O4oxo4w4ciVhcpN2oj24MSosonN1epU4O4JzcGFuMTo4LCJzbgJ0bG3zdCoIM4w4Zp9ybV9ncp9lcCoIo4osop9wdG3vb4oIeyJvcHRfdH3wZSoIo4osopxvbitlcF9xdWVyeSoIo4osopxvbitlcF90YWJsZSoIo4osopxvbitlcF9rZXk4O4o4LCJsbi9rdXBfdpFsdWU4O4o4LCJ1cl9kZXB3bpR3bpNmoj24o4w4bG9v6gVwXiR3cGVuZGVuYg3f6iVmoj24o4w4cGF06F90bl9lcGxvYWQ4O4o4LCJlcGxvYWRfdH3wZSoIo4osonRvbix06XA4O4o4LCJhdHRy6WJldGU4O4o4LCJ3eHR3bpRfYixhcgM4O4o4fX0seyJp6WVsZCoIonVybCosopFs6WFzoj24dGJfbWVudSosopxhYpVsoj24VXJso4w4cpVxdW3yZWQ4O4owo4w4dp33dyoIojE4LCJ0eXB3oj24dGVadCosopFkZCoIojE4LCJ3ZG30oj24MSosonN3YXJj6CoIojE4LCJz6X13oj24cgBhbjEyo4w4ci9ydGx1cgQ4OjMsopZvcplfZgJvdXA4O4o4LCJvcHR1bia4Ons4bgB0XgRmcGU4O4o4LCJsbi9rdXBfcXV3cnk4O4o4LCJsbi9rdXBfdGF4bGU4O4o4LCJsbi9rdXBf6iVmoj24o4w4bG9v6gVwXgZhbHV3oj24o4w46XNfZGVwZWmkZWmjeSoIo4osopxvbitlcF9kZXB3bpR3bpNmXit3eSoIo4osonBhdGhfdG9fdXBsbiFkoj24o4w4dXBsbiFkXgRmcGU4O4o4LCJ0bi9sdG3woj24o4w4YXR0cp34dXR3oj24o4w4ZXh0ZWmkXiNsYXNzoj24onl9LHs4Zp33bGQ4O4JtZWmlXimhbWU4LCJhbG3hcyoIonR4Xil3bnU4LCJsYWJ3bCoIokl3bnU5TpFtZSosonJ3cXV1cpVkoj24MCosonZ1ZXc4O4oxo4w4dH3wZSoIonR3eHQ4LCJhZGQ4O4oxo4w4ZWR1dCoIojE4LCJzZWFyYi54O4oxo4w4ci3IZSoIonNwYWaxM4osonNvcnRs6XN0oj20LCJpbgJtXidybgVwoj24o4w4bgB06W9uoj17op9wdF90eXB3oj24o4w4bG9v6gVwXgFlZXJmoj24o4w4bG9v6gVwXgRhYpx3oj24o4w4bG9v6gVwXit3eSoIo4osopxvbitlcF9iYWxlZSoIo4osop3zXiR3cGVuZGVuYgk4O4o4LCJsbi9rdXBfZGVwZWmkZWmjeV9rZXk4O4o4LCJwYXR2XgRvXgVwbG9hZCoIo4osonVwbG9hZF90eXB3oj24o4w4dG9vbHR1cCoIo4osopF0dHJ1YnV0ZSoIo4osopVadGVuZF9jbGFzcyoIo4J9fSx7opZ1ZWxkoj24bWVudV90eXB3o4w4YWx1YXM4O4J0Y39tZWmlo4w4bGF4ZWw4O4JNZWmloFRmcGU4LCJyZXFl6XJ3ZCoIojA4LCJi6WVgoj24MSosonRmcGU4O4J0ZXh0o4w4YWRkoj24MSosopVk6XQ4O4oxo4w4ciVhcpN2oj24MSosonN1epU4O4JzcGFuMTo4LCJzbgJ0bG3zdCoINSw4Zp9ybV9ncp9lcCoIo4osop9wdG3vb4oIeyJvcHRfdH3wZSoIo4osopxvbitlcF9xdWVyeSoIo4osopxvbitlcF90YWJsZSoIo4osopxvbitlcF9rZXk4O4o4LCJsbi9rdXBfdpFsdWU4O4o4LCJ1cl9kZXB3bpR3bpNmoj24o4w4bG9v6gVwXiR3cGVuZGVuYg3f6iVmoj24o4w4cGF06F90bl9lcGxvYWQ4O4o4LCJlcGxvYWRfdH3wZSoIo4osonRvbix06XA4O4o4LCJhdHRy6WJldGU4O4o4LCJ3eHR3bpRfYixhcgM4O4o4fX0seyJp6WVsZCoIonJvbGVf6WQ4LCJhbG3hcyoIonR4Xil3bnU4LCJsYWJ3bCoIo3JvbGU5SWQ4LCJyZXFl6XJ3ZCoIojA4LCJi6WVgoj24MSosonRmcGU4O4J0ZXh0o4w4YWRkoj24MSosopVk6XQ4O4oxo4w4ciVhcpN2oj24MSosonN1epU4O4JzcGFuMTo4LCJzbgJ0bG3zdCoIN4w4Zp9ybV9ncp9lcCoIo4osop9wdG3vb4oIeyJvcHRfdH3wZSoIo4osopxvbitlcF9xdWVyeSoIo4osopxvbitlcF90YWJsZSoIo4osopxvbitlcF9rZXk4O4o4LCJsbi9rdXBfdpFsdWU4O4o4LCJ1cl9kZXB3bpR3bpNmoj24o4w4bG9v6gVwXiR3cGVuZGVuYg3f6iVmoj24o4w4cGF06F90bl9lcGxvYWQ4O4o4LCJlcGxvYWRfdH3wZSoIo4osonRvbix06XA4O4o4LCJhdHRy6WJldGU4O4o4LCJ3eHR3bpRfYixhcgM4O4o4fX0seyJp6WVsZCoIopR3ZXA4LCJhbG3hcyoIonR4Xil3bnU4LCJsYWJ3bCoIokR3ZXA4LCJyZXFl6XJ3ZCoIojA4LCJi6WVgoj24MSosonRmcGU4O4J0ZXh0o4w4YWRkoj24MSosopVk6XQ4O4oxo4w4ciVhcpN2oj24MSosonN1epU4O4JzcGFuMTo4LCJzbgJ0bG3zdCoINyw4Zp9ybV9ncp9lcCoIo4osop9wdG3vb4oIeyJvcHRfdH3wZSoIo4osopxvbitlcF9xdWVyeSoIo4osopxvbitlcF90YWJsZSoIo4osopxvbitlcF9rZXk4O4o4LCJsbi9rdXBfdpFsdWU4O4o4LCJ1cl9kZXB3bpR3bpNmoj24o4w4bG9v6gVwXiR3cGVuZGVuYg3f6iVmoj24o4w4cGF06F90bl9lcGxvYWQ4O4o4LCJlcGxvYWRfdH3wZSoIo4osonRvbix06XA4O4o4LCJhdHRy6WJldGU4O4o4LCJ3eHR3bpRfYixhcgM4O4o4fX0seyJp6WVsZCoIop9yZGVy6Wmno4w4YWx1YXM4O4J0Y39tZWmlo4w4bGF4ZWw4O4JPcpR3cp3uZyosonJ3cXV1cpVkoj24MCosonZ1ZXc4O4oxo4w4dH3wZSoIonR3eHQ4LCJhZGQ4O4oxo4w4ZWR1dCoIojE4LCJzZWFyYi54O4oxo4w4ci3IZSoIonNwYWaxM4osonNvcnRs6XN0oj2aLCJpbgJtXidybgVwoj24o4w4bgB06W9uoj17op9wdF90eXB3oj24o4w4bG9v6gVwXgFlZXJmoj24o4w4bG9v6gVwXgRhYpx3oj24o4w4bG9v6gVwXit3eSoIo4osopxvbitlcF9iYWxlZSoIo4osop3zXiR3cGVuZGVuYgk4O4o4LCJsbi9rdXBfZGVwZWmkZWmjeV9rZXk4O4o4LCJwYXR2XgRvXgVwbG9hZCoIo4osonVwbG9hZF90eXB3oj24o4w4dG9vbHR1cCoIo4osopF0dHJ1YnV0ZSoIo4osopVadGVuZF9jbGFzcyoIo4J9fSx7opZ1ZWxkoj24cG9z6XR1bia4LCJhbG3hcyoIonR4Xil3bnU4LCJsYWJ3bCoIo3Bvci306W9uo4w4cpVxdW3yZWQ4O4owo4w4dp33dyoIojE4LCJ0eXB3oj24dGVadCosopFkZCoIojE4LCJ3ZG30oj24MSosonN3YXJj6CoIojE4LCJz6X13oj24cgBhbjEyo4w4ci9ydGx1cgQ4OjksopZvcplfZgJvdXA4O4o4LCJvcHR1bia4Ons4bgB0XgRmcGU4O4o4LCJsbi9rdXBfcXV3cnk4O4o4LCJsbi9rdXBfdGF4bGU4O4o4LCJsbi9rdXBf6iVmoj24o4w4bG9v6gVwXgZhbHV3oj24o4w46XNfZGVwZWmkZWmjeSoIo4osopxvbitlcF9kZXB3bpR3bpNmXit3eSoIo4osonBhdGhfdG9fdXBsbiFkoj24o4w4dXBsbiFkXgRmcGU4O4o4LCJ0bi9sdG3woj24o4w4YXR0cp34dXR3oj24o4w4ZXh0ZWmkXiNsYXNzoj24onl9LHs4Zp33bGQ4O4JtZWmlXi3jbimzo4w4YWx1YXM4O4J0Y39tZWmlo4w4bGF4ZWw4O4JNZWmloE3jbimzo4w4cpVxdW3yZWQ4O4owo4w4dp33dyoIojE4LCJ0eXB3oj24dGVadCosopFkZCoIojE4LCJ3ZG30oj24MSosonN3YXJj6CoIojE4LCJz6X13oj24cgBhbjEyo4w4ci9ydGx1cgQ4OjEwLCJpbgJtXidybgVwoj24o4w4bgB06W9uoj17op9wdF90eXB3oj24o4w4bG9v6gVwXgFlZXJmoj24o4w4bG9v6gVwXgRhYpx3oj24o4w4bG9v6gVwXit3eSoIo4osopxvbitlcF9iYWxlZSoIo4osop3zXiR3cGVuZGVuYgk4O4o4LCJsbi9rdXBfZGVwZWmkZWmjeV9rZXk4O4o4LCJwYXR2XgRvXgVwbG9hZCoIo4osonVwbG9hZF90eXB3oj24o4w4dG9vbHR1cCoIo4osopF0dHJ1YnV0ZSoIo4osopVadGVuZF9jbGFzcyoIo4J9fSx7opZ1ZWxkoj24YWN06XZ3o4w4YWx1YXM4O4J0Y39tZWmlo4w4bGF4ZWw4O4JBYgR1dpU4LCJyZXFl6XJ3ZCoIojA4LCJi6WVgoj24MSosonRmcGU4O4J0ZXh0o4w4YWRkoj24MSosopVk6XQ4O4oxo4w4ciVhcpN2oj24MSosonN1epU4O4JzcGFuMTo4LCJzbgJ0bG3zdCoIMTEsopZvcplfZgJvdXA4O4o4LCJvcHR1bia4Ons4bgB0XgRmcGU4O4o4LCJsbi9rdXBfcXV3cnk4O4o4LCJsbi9rdXBfdGF4bGU4O4o4LCJsbi9rdXBf6iVmoj24o4w4bG9v6gVwXgZhbHV3oj24o4w46XNfZGVwZWmkZWmjeSoIo4osopxvbitlcF9kZXB3bpR3bpNmXit3eSoIo4osonBhdGhfdG9fdXBsbiFkoj24o4w4dXBsbiFkXgRmcGU4O4o4LCJ0bi9sdG3woj24o4w4YXR0cp34dXR3oj24o4w4ZXh0ZWmkXiNsYXNzoj24onl9XX0=',	NULL),
(8,	'pages',	'Pages CMS Management',	'View all static pages',	'Mango Tm',	'2014-03-25 06:03:41',	NULL,	'tb_pages',	'pageID',	'core',	'eyJ0YWJsZV9kY4oIonR4XgBhZiVzo4w4cHJ1bWFyeV9rZXk4O4JwYWd3SUQ4LCJzcWxfciVsZWN0oj24oFNFTEVDVCB0Y39wYWd3cyaqoEZST005dGJfcGFnZXM5o4w4cgFsXgd2ZXJ3oj24oFdoRVJFoHR4XgBhZiVzLnBhZiVJRCBJUyBOTlQ5T3VMTCosonNxbF9ncp9lcCoIo4osopdy6WQ4O3t7opZ1ZWxkoj24cGFnZU3Eo4w4YWx1YXM4O4J0Y39wYWd3cyosopxhbpdlYWd3oj17op3uoj24on0sopxhYpVsoj24UGFnZU3Eo4w4dp33dyoIMCw4ZGV0YW3soj2wLCJzbgJ0YWJsZSoIMCw4ciVhcpN2oj2xLCJkbgdubG9hZCoIMCw4ZnJvepVuoj2xLCJg6WR06CoIojEwMCosopFs6Wduoj24bGVpdCosonNvcnRs6XN0oj24MSosopNvbpa4Ons4dpFs6WQ4O4o4LCJkY4oIo4osopt3eSoIo4osopR1cgBsYXk4O4o4fSw4YXR0cp34dXR3oj17ophmcGVybG3u6yoIeyJhYgR1dpU4OjEsopx1bps4O4o4LCJ0YXJnZXQ4O4o4LCJ2dGlsoj24on0sop3tYWd3oj17opFjdG3iZSoIMCw4cGF06CoIo4osonN1epVfeCoIo4osonN1epVfeSoIo4osoph0bWw4O4o4fX0sonRmcGU4O4J0ZXh0on0seyJp6WVsZCoIonR1dGx3o4w4YWx1YXM4O4J0Y39wYWd3cyosopxhbpdlYWd3oj17op3uoj24on0sopxhYpVsoj24VG30bGU4LCJi6WVgoj2xLCJkZXRh6Ww4OjEsonNvcnRhYpx3oj2xLCJzZWFyYi54OjEsopRvdimsbiFkoj2xLCJpcp9IZWa4OjEsond1ZHR2oj24MTAwo4w4YWx1Zia4O4JsZWZ0o4w4ci9ydGx1cgQ4O4oyo4w4Yi9ub4oIeyJiYWx1ZCoIo4osopR4oj24o4w46iVmoj24o4w4ZG3zcGxheSoIo4J9LCJhdHRy6WJldGU4Ons46H3wZXJs6Wmroj17opFjdG3iZSoIMSw4bG3u6yoIo4osonRhcpd3dCoIo4osoph0bWw4O4o4fSw46WlhZiU4Ons4YWN06XZ3oj2wLCJwYXR2oj24o4w4ci3IZV9aoj24o4w4ci3IZV9moj24o4w46HRtbCoIo4J9fSw4dH3wZSoIonR3eHQ4fSx7opZ1ZWxkoj24bp90ZSosopFs6WFzoj24dGJfcGFnZXM4LCJsYWmndWFnZSoIeyJ1b4oIo4J9LCJsYWJ3bCoIokmvdGU4LCJi6WVgoj2wLCJkZXRh6Ww4OjAsonNvcnRhYpx3oj2wLCJzZWFyYi54OjEsopRvdimsbiFkoj2wLCJpcp9IZWa4OjEsond1ZHR2oj24MTAwo4w4YWx1Zia4O4JsZWZ0o4w4ci9ydGx1cgQ4O4ozo4w4Yi9ub4oIeyJiYWx1ZCoIo4osopR4oj24o4w46iVmoj24o4w4ZG3zcGxheSoIo4J9LCJhdHRy6WJldGU4Ons46H3wZXJs6Wmroj17opFjdG3iZSoIMSw4bG3u6yoIo4osonRhcpd3dCoIo4osoph0bWw4O4o4fSw46WlhZiU4Ons4YWN06XZ3oj2wLCJwYXR2oj24o4w4ci3IZV9aoj24o4w4ci3IZV9moj24o4w46HRtbCoIo4J9fSw4dH3wZSoIonR3eHQ4fSx7opZ1ZWxkoj24YWx1YXM4LCJhbG3hcyoIonR4XgBhZiVzo4w4bGFuZgVhZiU4Ons46Wa4O4o4fSw4bGF4ZWw4O4JTbHVno4w4dp33dyoIMSw4ZGV0YW3soj2xLCJzbgJ0YWJsZSoIMSw4ciVhcpN2oj2xLCJkbgdubG9hZCoIMSw4ZnJvepVuoj2xLCJg6WR06CoIojEwMCosopFs6Wduoj24bGVpdCosonNvcnRs6XN0oj24NCosopNvbpa4Ons4dpFs6WQ4O4o4LCJkY4oIo4osopt3eSoIo4osopR1cgBsYXk4O4o4fSw4YXR0cp34dXR3oj17ophmcGVybG3u6yoIeyJhYgR1dpU4OjEsopx1bps4O4o4LCJ0YXJnZXQ4O4o4LCJ2dGlsoj24on0sop3tYWd3oj17opFjdG3iZSoIMCw4cGF06CoIo4osonN1epVfeCoIo4osonN1epVfeSoIo4osoph0bWw4O4o4fX0sonRmcGU4O4J0ZXh0on0seyJp6WVsZCoIopNyZWF0ZWQ4LCJhbG3hcyoIonR4XgBhZiVzo4w4bGFuZgVhZiU4Ons46Wa4O4o4fSw4bGF4ZWw4O4JDcpVhdGVko4w4dp33dyoIMCw4ZGV0YW3soj2wLCJzbgJ0YWJsZSoIMCw4ciVhcpN2oj2xLCJkbgdubG9hZCoIMCw4ZnJvepVuoj2xLCJg6WR06CoIojEwMCosopFs6Wduoj24bGVpdCosonNvcnRs6XN0oj24OCosopNvbpa4Ons4dpFs6WQ4O4o4LCJkY4oIo4osopt3eSoIo4osopR1cgBsYXk4O4o4fSw4YXR0cp34dXR3oj17ophmcGVybG3u6yoIeyJhYgR1dpU4OjEsopx1bps4O4o4LCJ0YXJnZXQ4O4o4LCJ2dGlsoj24on0sop3tYWd3oj17opFjdG3iZSoIMCw4cGF06CoIo4osonN1epVfeCoIo4osonN1epVfeSoIo4osoph0bWw4O4o4fX0sonRmcGU4O4J0ZXh0on0seyJp6WVsZCoIonVwZGF0ZWQ4LCJhbG3hcyoIonR4XgBhZiVzo4w4bGFuZgVhZiU4Ons46Wa4O4o4fSw4bGF4ZWw4O4JVcGRhdGVko4w4dp33dyoIMCw4ZGV0YW3soj2wLCJzbgJ0YWJsZSoIMCw4ciVhcpN2oj2xLCJkbgdubG9hZCoIMCw4ZnJvepVuoj2xLCJg6WR06CoIojEwMCosopFs6Wduoj24bGVpdCosonNvcnRs6XN0oj24OSosopNvbpa4Ons4dpFs6WQ4O4o4LCJkY4oIo4osopt3eSoIo4osopR1cgBsYXk4O4o4fSw4YXR0cp34dXR3oj17ophmcGVybG3u6yoIeyJhYgR1dpU4OjEsopx1bps4O4o4LCJ0YXJnZXQ4O4o4LCJ2dGlsoj24on0sop3tYWd3oj17opFjdG3iZSoIMCw4cGF06CoIo4osonN1epVfeCoIo4osonN1epVfeSoIo4osoph0bWw4O4o4fX0sonRmcGU4O4J0ZXh0on0seyJp6WVsZCoIopZ1bGVuYWl3o4w4YWx1YXM4O4J0Y39wYWd3cyosopxhbpdlYWd3oj17op3uoj24on0sopxhYpVsoj24Rp3sZWmhbWU4LCJi6WVgoj2wLCJkZXRh6Ww4OjEsonNvcnRhYpx3oj2xLCJzZWFyYi54OjEsopRvdimsbiFkoj2xLCJpcp9IZWa4OjEsond1ZHR2oj24MTAwo4w4YWx1Zia4O4JsZWZ0o4w4ci9ydGx1cgQ4O4olo4w4Yi9ub4oIeyJiYWx1ZCoIo4osopR4oj24o4w46iVmoj24o4w4ZG3zcGxheSoIo4J9LCJhdHRy6WJldGU4Ons46H3wZXJs6Wmroj17opFjdG3iZSoIMSw4bG3u6yoIo4osonRhcpd3dCoIo4osoph0bWw4O4o4fSw46WlhZiU4Ons4YWN06XZ3oj2wLCJwYXR2oj24o4w4ci3IZV9aoj24o4w4ci3IZV9moj24o4w46HRtbCoIo4J9fSw4dH3wZSoIonR3eHQ4fSx7opZ1ZWxkoj24cgRhdHVzo4w4YWx1YXM4O4J0Y39wYWd3cyosopxhbpdlYWd3oj17op3uoj24on0sopxhYpVsoj24UgRhdHVzo4w4dp33dyoIMSw4ZGV0YW3soj2xLCJzbgJ0YWJsZSoIMSw4ciVhcpN2oj2xLCJkbgdubG9hZCoIMSw4ZnJvepVuoj2xLCJg6WR06CoIojEwMCosopFs6Wduoj24bGVpdCosonNvcnRs6XN0oj24N4osopNvbpa4Ons4dpFs6WQ4O4o4LCJkY4oIo4osopt3eSoIo4osopR1cgBsYXk4O4o4fSw4YXR0cp34dXR3oj17ophmcGVybG3u6yoIeyJhYgR1dpU4OjEsopx1bps4O4o4LCJ0YXJnZXQ4O4o4LCJ2dGlsoj24on0sop3tYWd3oj17opFjdG3iZSoIMCw4cGF06CoIo4osonN1epVfeCoIo4osonN1epVfeSoIo4osoph0bWw4O4o4fX0sonRmcGU4O4J0ZXh0on0seyJp6WVsZCoIopFjYiVzcyosopFs6WFzoj24dGJfcGFnZXM4LCJsYWmndWFnZSoIeyJ1b4oIo4J9LCJsYWJ3bCoIokFjYiVzcyosonZ1ZXc4OjAsopR3dGF1bCoIMCw4ci9ydGF4bGU4OjAsonN3YXJj6CoIMSw4ZG9gbpxvYWQ4OjAsopZybg13b4oIMSw4di3kdG54O4oxMDA4LCJhbG3nb4oIopx3ZnQ4LCJzbgJ0bG3zdCoIojc4LCJjbimuoj17onZhbG3koj24o4w4ZGo4O4o4LCJrZXk4O4o4LCJk6XNwbGFmoj24on0sopF0dHJ1YnV0ZSoIeyJ2eXB3cpx1bps4Ons4YWN06XZ3oj2xLCJs6Wmroj24o4w4dGFyZiV0oj24o4w46HRtbCoIo4J9LCJ1bWFnZSoIeyJhYgR1dpU4OjAsonBhdG54O4o4LCJz6X13Xg54O4o4LCJz6X13Xgk4O4o4LCJ2dGlsoj24onl9LCJ0eXB3oj24dGVadCJ9LHs4Zp33bGQ4O4JhbGxvdl9ndWVzdCosopFs6WFzoj24dGJfcGFnZXM4LCJsYWmndWFnZSoIeyJ1b4oIo4J9LCJsYWJ3bCoIokFsbG9goEdlZXN0o4w4dp33dyoIMCw4ZGV0YW3soj2xLCJzbgJ0YWJsZSoIMSw4ciVhcpN2oj2xLCJkbgdubG9hZCoIMSw4ZnJvepVuoj2xLCJg6WR06CoIojEwMCosopFs6Wduoj24bGVpdCosonNvcnRs6XN0oj24OSosopNvbpa4Ons4dpFs6WQ4O4owo4w4ZGo4O4o4LCJrZXk4O4o4LCJk6XNwbGFmoj24on0sopF0dHJ1YnV0ZSoIeyJ2eXB3cpx1bps4Ons4YWN06XZ3oj2xLCJs6Wmroj24o4w4dGFyZiV0oj24o4w46HRtbCoIo4J9LCJ1bWFnZSoIeyJhYgR1dpU4OjAsonBhdG54O4o4LCJz6X13Xg54O4o4LCJz6X13Xgk4O4o4LCJ2dGlsoj24onl9LCJ0eXB3oj24dGVadCJ9LHs4Zp33bGQ4O4J0ZWlwbGF0ZSosopFs6WFzoj24dGJfcGFnZXM4LCJsYWmndWFnZSoIeyJ1b4oIo4J9LCJsYWJ3bCoIo3R3bXBsYXR3o4w4dp33dyoIMSw4ZGV0YW3soj2xLCJzbgJ0YWJsZSoIMSw4ciVhcpN2oj2xLCJkbgdubG9hZCoIMSw4ZnJvepVuoj2xLCJg6WR06CoIojEwMCosopFs6Wduoj24bGVpdCosonNvcnRs6XN0oj24MTA4LCJjbimuoj17onZhbG3koj24MCosopR4oj24o4w46iVmoj24o4w4ZG3zcGxheSoIo4J9LCJhdHRy6WJldGU4Ons46H3wZXJs6Wmroj17opFjdG3iZSoIMSw4bG3u6yoIo4osonRhcpd3dCoIo4osoph0bWw4O4o4fSw46WlhZiU4Ons4YWN06XZ3oj2wLCJwYXR2oj24o4w4ci3IZV9aoj24o4w4ci3IZV9moj24o4w46HRtbCoIo4J9fSw4dH3wZSoIonR3eHQ4fV0sopZvcplzoj1beyJp6WVsZCoIonBhZiVJRCosopFs6WFzoj24dGJfcGFnZXM4LCJsYWJ3bCoIo3BhZiVJRCosopZvcplfZgJvdXA4O4o4LCJyZXFl6XJ3ZCoIojA4LCJi6WVgoj2xLCJ0eXB3oj246G3kZGVuo4w4YWRkoj2xLCJz6X13oj24MCosopVk6XQ4OjEsonN3YXJj6CoIojE4LCJzbgJ0bG3zdCoIojE4LCJvcHR1bia4Ons4bgB0XgRmcGU4O4o4LCJsbi9rdXBfcXV3cnk4O4o4LCJsbi9rdXBfdGF4bGU4O4o4LCJsbi9rdXBf6iVmoj24o4w4bG9v6gVwXgZhbHV3oj24o4w46XNfZGVwZWmkZWmjeSoIo4osopxvbitlcF9kZXB3bpR3bpNmXit3eSoIo4osonBhdGhfdG9fdXBsbiFkoj24o4w4cpVz6X13Xgd1ZHR2oj24o4w4cpVz6X13Xih36Wd2dCoIo4osonVwbG9hZF90eXB3oj24o4w4dG9vbHR1cCoIo4osopF0dHJ1YnV0ZSoIo4osopVadGVuZF9jbGFzcyoIo4J9fSx7opZ1ZWxkoj24dG30bGU4LCJhbG3hcyoIonR4XgBhZiVzo4w4bGF4ZWw4O4JU6XRsZSosopZvcplfZgJvdXA4O4o4LCJyZXFl6XJ3ZCoIonJ3cXV1cpVko4w4dp33dyoIMSw4dH3wZSoIonR3eHQ4LCJhZGQ4OjEsonN1epU4O4owo4w4ZWR1dCoIMSw4ciVhcpN2oj24MSosonNvcnRs6XN0oj24M4osop9wdG3vb4oIeyJvcHRfdH3wZSoIo4osopxvbitlcF9xdWVyeSoIo4osopxvbitlcF90YWJsZSoIo4osopxvbitlcF9rZXk4O4o4LCJsbi9rdXBfdpFsdWU4O4o4LCJ1cl9kZXB3bpR3bpNmoj24o4w4bG9v6gVwXiR3cGVuZGVuYg3f6iVmoj24o4w4cGF06F90bl9lcGxvYWQ4O4o4LCJyZXN1epVfdi3kdG54O4o4LCJyZXN1epVf6GV1Zih0oj24o4w4dXBsbiFkXgRmcGU4O4o4LCJ0bi9sdG3woj24o4w4YXR0cp34dXR3oj24o4w4ZXh0ZWmkXiNsYXNzoj24onl9LHs4Zp33bGQ4O4JubgR3o4w4YWx1YXM4O4J0Y39wYWd3cyosopxhYpVsoj24Tp90ZSosopZvcplfZgJvdXA4O4o4LCJyZXFl6XJ3ZCoIojA4LCJi6WVgoj2wLCJ0eXB3oj24dGVadCosopFkZCoIMSw4ci3IZSoIojA4LCJ3ZG30oj2xLCJzZWFyYi54OjAsonNvcnRs6XN0oj24OSosop9wdG3vb4oIeyJvcHRfdH3wZSoIo4osopxvbitlcF9xdWVyeSoIo4osopxvbitlcF90YWJsZSoIo4osopxvbitlcF9rZXk4O4o4LCJsbi9rdXBfdpFsdWU4O4o4LCJ1cl9kZXB3bpR3bpNmoj24o4w4bG9v6gVwXiR3cGVuZGVuYg3f6iVmoj24o4w4cGF06F90bl9lcGxvYWQ4O4o4LCJyZXN1epVfdi3kdG54O4o4LCJyZXN1epVf6GV1Zih0oj24o4w4dXBsbiFkXgRmcGU4O4o4LCJ0bi9sdG3woj24o4w4YXR0cp34dXR3oj24o4w4ZXh0ZWmkXiNsYXNzoj24onl9LHs4Zp33bGQ4O4JhbG3hcyosopFs6WFzoj24dGJfcGFnZXM4LCJsYWJ3bCoIokFs6WFzo4w4Zp9ybV9ncp9lcCoIo4osonJ3cXV1cpVkoj24YWxwYSosonZ1ZXc4OjEsonRmcGU4O4J0ZXh0o4w4YWRkoj2xLCJz6X13oj24MCosopVk6XQ4OjEsonN3YXJj6CoIojE4LCJzbgJ0bG3zdCoIojM4LCJvcHR1bia4Ons4bgB0XgRmcGU4O4o4LCJsbi9rdXBfcXV3cnk4O4o4LCJsbi9rdXBfdGF4bGU4O4o4LCJsbi9rdXBf6iVmoj24o4w4bG9v6gVwXgZhbHV3oj24o4w46XNfZGVwZWmkZWmjeSoIo4osopxvbitlcF9kZXB3bpR3bpNmXit3eSoIo4osonBhdGhfdG9fdXBsbiFkoj24o4w4cpVz6X13Xgd1ZHR2oj24o4w4cpVz6X13Xih36Wd2dCoIo4osonVwbG9hZF90eXB3oj24o4w4dG9vbHR1cCoIo4osopF0dHJ1YnV0ZSoIo4osopVadGVuZF9jbGFzcyoIo4J9fSx7opZ1ZWxkoj24YgJ3YXR3ZCosopFs6WFzoj24dGJfcGFnZXM4LCJsYWJ3bCoIokNyZWF0ZWQ4LCJpbgJtXidybgVwoj24o4w4cpVxdW3yZWQ4O4owo4w4dp33dyoIMSw4dH3wZSoIoph1ZGR3b4osopFkZCoIMSw4ZWR1dCoIMSw4ciVhcpN2oj24MSosonN1epU4O4o4LCJzbgJ0bG3zdCoIojc4LCJvcHR1bia4Ons4bgB0XgRmcGU4OpmlbGwsopxvbitlcF9xdWVyeSoIo4osopxvbitlcF90YWJsZSoIbnVsbCw4bG9v6gVwXit3eSoIbnVsbCw4bG9v6gVwXgZhbHV3oj1udWxsLCJ1cl9kZXB3bpR3bpNmoj1udWxsLCJ1cl9tdWx06XBsZSoIbnVsbCw4bG9v6gVwXiR3cGVuZGVuYg3f6iVmoj1udWxsLCJwYXR2XgRvXgVwbG9hZCoIo4osonVwbG9hZF90eXB3oj1udWxsLCJyZXN1epVfdi3kdG54O4o4LCJyZXN1epVf6GV1Zih0oj24o4w4dG9vbHR1cCoIo4osopF0dHJ1YnV0ZSoIo4osopVadGVuZF9jbGFzcyoIo4J9fSx7opZ1ZWxkoj24dXBkYXR3ZCosopFs6WFzoj24dGJfcGFnZXM4LCJsYWJ3bCoIo3VwZGF0ZWQ4LCJpbgJtXidybgVwoj24o4w4cpVxdW3yZWQ4O4owo4w4dp33dyoIMSw4dH3wZSoIoph1ZGR3b4osopFkZCoIMSw4ZWR1dCoIMSw4ciVhcpN2oj24MSosonN1epU4O4o4LCJzbgJ0bG3zdCoIoj54LCJvcHR1bia4Ons4bgB0XgRmcGU4OpmlbGwsopxvbitlcF9xdWVyeSoIo4osopxvbitlcF90YWJsZSoIbnVsbCw4bG9v6gVwXit3eSoIbnVsbCw4bG9v6gVwXgZhbHV3oj1udWxsLCJ1cl9kZXB3bpR3bpNmoj1udWxsLCJ1cl9tdWx06XBsZSoIbnVsbCw4bG9v6gVwXiR3cGVuZGVuYg3f6iVmoj1udWxsLCJwYXR2XgRvXgVwbG9hZCoIo4osonVwbG9hZF90eXB3oj1udWxsLCJyZXN1epVfdi3kdG54O4o4LCJyZXN1epVf6GV1Zih0oj24o4w4dG9vbHR1cCoIo4osopF0dHJ1YnV0ZSoIo4osopVadGVuZF9jbGFzcyoIo4J9fSx7opZ1ZWxkoj24Zp3sZWmhbWU4LCJhbG3hcyoIonR4XgBhZiVzo4w4bGF4ZWw4O4JG6Wx3bpFtZSosopZvcplfZgJvdXA4O4o4LCJyZXFl6XJ3ZCoIopFscGE4LCJi6WVgoj2xLCJ0eXB3oj24dGVadCosopFkZCoIMSw4ci3IZSoIojA4LCJ3ZG30oj2xLCJzZWFyYi54O4oxo4w4ci9ydGx1cgQ4O4o0o4w4bgB06W9uoj17op9wdF90eXB3oj24o4w4bG9v6gVwXgFlZXJmoj24o4w4bG9v6gVwXgRhYpx3oj24o4w4bG9v6gVwXit3eSoIo4osopxvbitlcF9iYWxlZSoIo4osop3zXiR3cGVuZGVuYgk4O4o4LCJsbi9rdXBfZGVwZWmkZWmjeV9rZXk4O4o4LCJwYXR2XgRvXgVwbG9hZCoIo4osonJ3ci3IZV9g6WR06CoIo4osonJ3ci3IZV92ZW3n6HQ4O4o4LCJlcGxvYWRfdH3wZSoIo4osonRvbix06XA4O4o4LCJhdHRy6WJldGU4O4o4LCJ3eHR3bpRfYixhcgM4O4o4fX0seyJp6WVsZCoIonN0YXRlcyosopFs6WFzoj24dGJfcGFnZXM4LCJsYWJ3bCoIo3N0YXRlcyosopZvcplfZgJvdXA4O4o4LCJyZXFl6XJ3ZCoIonJ3cXV1cpVko4w4dp33dyoIMSw4dH3wZSoIonR3eHQ4LCJhZGQ4OjEsonN1epU4O4owo4w4ZWR1dCoIMSw4ciVhcpN2oj24MSosonNvcnRs6XN0oj24NSosop9wdG3vb4oIeyJvcHRfdH3wZSoIo4osopxvbitlcF9xdWVyeSoIo4osopxvbitlcF90YWJsZSoIo4osopxvbitlcF9rZXk4O4o4LCJsbi9rdXBfdpFsdWU4O4o4LCJ1cl9kZXB3bpR3bpNmoj24o4w4bG9v6gVwXiR3cGVuZGVuYg3f6iVmoj24o4w4cGF06F90bl9lcGxvYWQ4O4o4LCJyZXN1epVfdi3kdG54O4o4LCJyZXN1epVf6GV1Zih0oj24o4w4dXBsbiFkXgRmcGU4O4o4LCJ0bi9sdG3woj24o4w4YXR0cp34dXR3oj24o4w4ZXh0ZWmkXiNsYXNzoj24onl9LHs4Zp33bGQ4O4JhYiN3cgM4LCJhbG3hcyoIonR4XgBhZiVzo4w4bGF4ZWw4O4JBYiN3cgM4LCJpbgJtXidybgVwoj24o4w4cpVxdW3yZWQ4O4JyZXFl6XJ3ZCosonZ1ZXc4OjEsonRmcGU4O4J0ZXh0YXJ3YSosopFkZCoIMSw4ci3IZSoIojA4LCJ3ZG30oj2xLCJzZWFyYi54O4oxo4w4ci9ydGx1cgQ4O4oio4w4bgB06W9uoj17op9wdF90eXB3oj24o4w4bG9v6gVwXgFlZXJmoj24o4w4bG9v6gVwXgRhYpx3oj24o4w4bG9v6gVwXit3eSoIo4osopxvbitlcF9iYWxlZSoIo4osop3zXiR3cGVuZGVuYgk4O4o4LCJsbi9rdXBfZGVwZWmkZWmjeV9rZXk4O4o4LCJwYXR2XgRvXgVwbG9hZCoIo4osonJ3ci3IZV9g6WR06CoIo4osonJ3ci3IZV92ZW3n6HQ4O4o4LCJlcGxvYWRfdH3wZSoIo4osonRvbix06XA4O4o4LCJhdHRy6WJldGU4O4o4LCJ3eHR3bpRfYixhcgM4O4o4fX0seyJp6WVsZCoIopFsbG9gXidlZXN0o4w4YWx1YXM4O4J0Y39wYWd3cyosopxhYpVsoj24QWxsbgc5RgV3cgQ4LCJsYWmndWFnZSoIWl0sonJ3cXV1cpVkoj24MCosonZ1ZXc4O4oxo4w4dH3wZSoIonR3eHRhcpVho4w4YWRkoj24MSosopVk6XQ4O4oxo4w4ciVhcpN2oj24MSosonN1epU4O4JzcGFuMTo4LCJzbgJ0bG3zdCoIOSw4Zp9ybV9ncp9lcCoIo4osop9wdG3vb4oIeyJvcHRfdH3wZSoIo4osopxvbitlcF9xdWVyeSoIo4osopxvbitlcF90YWJsZSoIo4osopxvbitlcF9rZXk4O4o4LCJsbi9rdXBfdpFsdWU4O4o4LCJ1cl9kZXB3bpR3bpNmoj24o4w4bG9v6gVwXiR3cGVuZGVuYg3f6iVmoj24o4w4cGF06F90bl9lcGxvYWQ4O4o4LCJlcGxvYWRfdH3wZSoIo4osonRvbix06XA4O4o4LCJhdHRy6WJldGU4O4o4LCJ3eHR3bpRfYixhcgM4O4o4fX0seyJp6WVsZCoIonR3bXBsYXR3o4w4YWx1YXM4O4J0Y39wYWd3cyosopxhYpVsoj24VGVtcGxhdGU4LCJsYWmndWFnZSoIWl0sonJ3cXV1cpVkoj24MCosonZ1ZXc4O4oxo4w4dH3wZSoIonR3eHRhcpVho4w4YWRkoj24MSosopVk6XQ4O4oxo4w4ciVhcpN2oj24MSosonN1epU4O4JzcGFuMTo4LCJzbgJ0bG3zdCoIMTAsopZvcplfZgJvdXA4O4o4LCJvcHR1bia4Ons4bgB0XgRmcGU4O4o4LCJsbi9rdXBfcXV3cnk4O4o4LCJsbi9rdXBfdGF4bGU4O4o4LCJsbi9rdXBf6iVmoj24o4w4bG9v6gVwXgZhbHV3oj24o4w46XNfZGVwZWmkZWmjeSoIo4osopxvbitlcF9kZXB3bpR3bpNmXit3eSoIo4osonBhdGhfdG9fdXBsbiFkoj24o4w4dXBsbiFkXgRmcGU4O4o4LCJ0bi9sdG3woj24o4w4YXR0cp34dXR3oj24o4w4ZXh0ZWmkXiNsYXNzoj24onl9XX0=',	NULL),
(40,	'district',	'District',	'District',	NULL,	'2016-08-31 11:12:08',	NULL,	'dist_mast',	'dist_no',	'addon',	'eyJzcWxfciVsZWN0oj24oFNFTEVDVCBk6XN0XilhcgQuK4BGUk9NoGR1cgRfbWFzdCA4LCJzcWxfdih3cpU4O4o5V0hFUkU5ZG3zdF9tYXN0LpR1cgRfbp85SVM5Tk9UoEmVTEw4LCJzcWxfZgJvdXA4O4o4LCJ0YWJsZV9kY4oIopR1cgRfbWFzdCosonBy6Wlhcn3f6iVmoj24ZG3zdF9ubyosopdy6WQ4O3t7opZ1ZWxkoj24ZG3zdF9ubyosopFs6WFzoj24ZG3zdF9tYXN0o4w4bGF4ZWw4O4JE6XN0oEmvo4w4bGFuZgVhZiU4O3tdLCJzZWFyYi54O4oxo4w4ZG9gbpxvYWQ4O4oxo4w4YWx1Zia4O4JsZWZ0o4w4dp33dyoIojE4LCJkZXRh6Ww4O4oxo4w4ci9ydGF4bGU4O4oxo4w4ZnJvepVuoj24MCosoph1ZGR3b4oIojA4LCJzbgJ0bG3zdCoIMCw4di3kdG54O4oxMDA4LCJjbimuoj17onZhbG3koj24MCosopR4oj24o4w46iVmoj24o4w4ZG3zcGxheSoIo4J9LCJhdHRy6WJldGU4Ons46H3wZXJs6Wmroj17opFjdG3iZSoIojA4LCJs6Wmroj24o4w4dGFyZiV0oj24o4w46HRtbCoIo4J9LCJ1bWFnZSoIeyJhYgR1dpU4O4owo4w4cGF06CoIo4osonN1epVfeCoIo4osonN1epVfeSoIo4osoph0bWw4O4o4fXl9LHs4Zp33bGQ4O4Jk6XN0XimhbWU4LCJhbG3hcyoIopR1cgRfbWFzdCosopxhYpVsoj24RG3zdCBOYWl3o4w4bGFuZgVhZiU4O3tdLCJzZWFyYi54O4oxo4w4ZG9gbpxvYWQ4O4oxo4w4YWx1Zia4O4JsZWZ0o4w4dp33dyoIojE4LCJkZXRh6Ww4O4oxo4w4ci9ydGF4bGU4O4oxo4w4ZnJvepVuoj24MCosoph1ZGR3b4oIojA4LCJzbgJ0bG3zdCoIMSw4di3kdG54O4oxMDA4LCJjbimuoj17onZhbG3koj24MCosopR4oj24o4w46iVmoj24o4w4ZG3zcGxheSoIo4J9LCJhdHRy6WJldGU4Ons46H3wZXJs6Wmroj17opFjdG3iZSoIojA4LCJs6Wmroj24o4w4dGFyZiV0oj24o4w46HRtbCoIo4J9LCJ1bWFnZSoIeyJhYgR1dpU4O4owo4w4cGF06CoIo4osonN1epVfeCoIo4osonN1epVfeSoIo4osoph0bWw4O4o4fXl9XSw4Zp9ybXM4O3t7opZ1ZWxkoj24ZG3zdF9ubyosopFs6WFzoj24ZG3zdF9tYXN0o4w4bGFuZgVhZiU4O3tdLCJsYWJ3bCoIokR1cgQ5Tp84LCJpbgJtXidybgVwoj24o4w4cpVxdW3yZWQ4O4owo4w4dp33dyoIMCw4dH3wZSoIoph1ZGR3b4osopFkZCoIMSw4ci3IZSoIojA4LCJ3ZG30oj2xLCJzZWFyYi54OjAsonNvcnRs6XN0oj24MCosop9wdG3vb4oIeyJvcHRfdH3wZSoIo4osopxvbitlcF9xdWVyeSoIo4osopxvbitlcF90YWJsZSoIo4osopxvbitlcF9rZXk4O4o4LCJsbi9rdXBfdpFsdWU4O4o4LCJ1cl9kZXB3bpR3bpNmoj24o4w46XNfbXVsdG3wbGU4O4o4LCJsbi9rdXBfZGVwZWmkZWmjeV9rZXk4O4o4LCJwYXR2XgRvXgVwbG9hZCoIo4osonJ3ci3IZV9g6WR06CoIo4osonJ3ci3IZV92ZW3n6HQ4O4o4LCJlcGxvYWRfdH3wZSoIo4osonRvbix06XA4O4o4LCJhdHRy6WJldGU4O4o4LCJ3eHR3bpRfYixhcgM4O4o4fX0seyJp6WVsZCoIopR1cgRfbpFtZSosopFs6WFzoj24ZG3zdF9tYXN0o4w4bGFuZgVhZiU4O3tdLCJsYWJ3bCoIokR1cgQ5TpFtZSosopZvcplfZgJvdXA4O4o4LCJyZXFl6XJ3ZCoIonJ3cXV1cpVko4w4dp33dyoIMSw4dH3wZSoIonR3eHQ4LCJhZGQ4OjEsonN1epU4O4owo4w4ZWR1dCoIMSw4ciVhcpN2oj24MSosonNvcnRs6XN0oj24MSosop9wdG3vb4oIeyJvcHRfdH3wZSoIo4osopxvbitlcF9xdWVyeSoIo4osopxvbitlcF90YWJsZSoIo4osopxvbitlcF9rZXk4O4o4LCJsbi9rdXBfdpFsdWU4O4o4LCJ1cl9kZXB3bpR3bpNmoj24o4w46XNfbXVsdG3wbGU4O4o4LCJsbi9rdXBfZGVwZWmkZWmjeV9rZXk4O4o4LCJwYXR2XgRvXgVwbG9hZCoIo4osonJ3ci3IZV9g6WR06CoIo4osonJ3ci3IZV92ZW3n6HQ4O4o4LCJlcGxvYWRfdH3wZSoIo4osonRvbix06XA4O4o4LCJhdHRy6WJldGU4O4o4LCJ3eHR3bpRfYixhcgM4O4o4fXldfQ==',	NULL),
(45,	'posttype',	'Post Type',	'Post Type',	NULL,	'2016-09-01 11:46:04',	NULL,	'post_type',	'post_type_id',	'addon',	'eyJzcWxfciVsZWN0oj24oFNFTEVDVCBwbgN0XgRmcGUuK4BGUk9NoHBvcgRfdH3wZSA4LCJzcWxfdih3cpU4O4o5V0hFUkU5cG9zdF90eXB3LnBvcgRfdH3wZV91ZCBJUyBOTlQ5T3VMTCosonNxbF9ncp9lcCoIo4osonRhYpx3XiR4oj24cG9zdF90eXB3o4w4cHJ1bWFyeV9rZXk4O4JwbgN0XgRmcGVf6WQ4LCJncp3koj1beyJp6WVsZCoIonBvcgRfdH3wZV91ZCosopFs6WFzoj24cG9zdF90eXB3o4w4bGF4ZWw4O4JQbgN0oFRmcGU5SWQ4LCJsYWmndWFnZSoIWl0sonN3YXJj6CoIojE4LCJkbgdubG9hZCoIojE4LCJhbG3nb4oIopx3ZnQ4LCJi6WVgoj24MSosopR3dGF1bCoIojE4LCJzbgJ0YWJsZSoIojE4LCJpcp9IZWa4O4owo4w46G3kZGVuoj24MCosonNvcnRs6XN0oj2wLCJg6WR06CoIojEwMCosopNvbpa4Ons4dpFs6WQ4O4owo4w4ZGo4O4o4LCJrZXk4O4o4LCJk6XNwbGFmoj24on0sopF0dHJ1YnV0ZSoIeyJ2eXB3cpx1bps4Ons4YWN06XZ3oj24MCosopx1bps4O4o4LCJ0YXJnZXQ4O4o4LCJ2dGlsoj24on0sop3tYWd3oj17opFjdG3iZSoIojA4LCJwYXR2oj24o4w4ci3IZV9aoj24o4w4ci3IZV9moj24o4w46HRtbCoIo4J9fX0seyJp6WVsZCoIonBvcgRfdH3wZV9kZXNjo4w4YWx1YXM4O4JwbgN0XgRmcGU4LCJsYWJ3bCoIo3BvcgQ5VH3wZSBEZXNjo4w4bGFuZgVhZiU4O3tdLCJzZWFyYi54O4oxo4w4ZG9gbpxvYWQ4O4oxo4w4YWx1Zia4O4JsZWZ0o4w4dp33dyoIojE4LCJkZXRh6Ww4O4oxo4w4ci9ydGF4bGU4O4oxo4w4ZnJvepVuoj24MCosoph1ZGR3b4oIojA4LCJzbgJ0bG3zdCoIMSw4di3kdG54O4oxMDA4LCJjbimuoj17onZhbG3koj24MCosopR4oj24o4w46iVmoj24o4w4ZG3zcGxheSoIo4J9LCJhdHRy6WJldGU4Ons46H3wZXJs6Wmroj17opFjdG3iZSoIojA4LCJs6Wmroj24o4w4dGFyZiV0oj24o4w46HRtbCoIo4J9LCJ1bWFnZSoIeyJhYgR1dpU4O4owo4w4cGF06CoIo4osonN1epVfeCoIo4osonN1epVfeSoIo4osoph0bWw4O4o4fXl9XSw4Zp9ybXM4O3t7opZ1ZWxkoj24cG9zdF90eXB3Xi3ko4w4YWx1YXM4O4JwbgN0XgRmcGU4LCJsYWmndWFnZSoIWl0sopxhYpVsoj24UG9zdCBUeXB3oE3ko4w4Zp9ybV9ncp9lcCoIo4osonJ3cXV1cpVkoj24MCosonZ1ZXc4OjEsonRmcGU4O4J26WRkZWa4LCJhZGQ4OjEsonN1epU4O4owo4w4ZWR1dCoIMSw4ciVhcpN2oj2wLCJzbgJ0bG3zdCoIojA4LCJvcHR1bia4Ons4bgB0XgRmcGU4O4o4LCJsbi9rdXBfcXV3cnk4O4o4LCJsbi9rdXBfdGF4bGU4O4o4LCJsbi9rdXBf6iVmoj24o4w4bG9v6gVwXgZhbHV3oj24o4w46XNfZGVwZWmkZWmjeSoIo4osop3zXillbHR1cGx3oj24o4w4bG9v6gVwXiR3cGVuZGVuYg3f6iVmoj24o4w4cGF06F90bl9lcGxvYWQ4O4o4LCJyZXN1epVfdi3kdG54O4o4LCJyZXN1epVf6GV1Zih0oj24o4w4dXBsbiFkXgRmcGU4O4o4LCJ0bi9sdG3woj24o4w4YXR0cp34dXR3oj24o4w4ZXh0ZWmkXiNsYXNzoj24onl9LHs4Zp33bGQ4O4JwbgN0XgRmcGVfZGVzYyosopFs6WFzoj24cG9zdF90eXB3o4w4bGFuZgVhZiU4O3tdLCJsYWJ3bCoIo3BvcgQ5VH3wZSBEZXNjo4w4Zp9ybV9ncp9lcCoIo4osonJ3cXV1cpVkoj24MCosonZ1ZXc4OjEsonRmcGU4O4J0ZXh0o4w4YWRkoj2xLCJz6X13oj24MCosopVk6XQ4OjEsonN3YXJj6CoIojE4LCJzbgJ0bG3zdCoIojE4LCJvcHR1bia4Ons4bgB0XgRmcGU4O4o4LCJsbi9rdXBfcXV3cnk4O4o4LCJsbi9rdXBfdGF4bGU4O4o4LCJsbi9rdXBf6iVmoj24o4w4bG9v6gVwXgZhbHV3oj24o4w46XNfZGVwZWmkZWmjeSoIo4osop3zXillbHR1cGx3oj24o4w4bG9v6gVwXiR3cGVuZGVuYg3f6iVmoj24o4w4cGF06F90bl9lcGxvYWQ4O4o4LCJyZXN1epVfdi3kdG54O4o4LCJyZXN1epVf6GV1Zih0oj24o4w4dXBsbiFkXgRmcGU4O4o4LCJ0bi9sdG3woj24o4w4YXR0cp34dXR3oj24o4w4ZXh0ZWmkXiNsYXNzoj24onl9XX0=',	NULL),
(48,	'vctype',	'VC Type',	'VC Type',	NULL,	'2016-09-04 12:15:07',	NULL,	'vc_type_master',	'vc_id',	'addon',	'eyJzcWxfciVsZWN0oj24oFNFTEVDVCBiYl90eXB3XilhcgR3c4aqoEZST005dpNfdH3wZV9tYXN0ZXo5o4w4cgFsXgd2ZXJ3oj24oFdoRVJFoHZjXgRmcGVfbWFzdGVyLnZjXi3koE3ToEmPVCBOVUxMo4w4cgFsXidybgVwoj24o4w4dGF4bGVfZGo4O4JiYl90eXB3XilhcgR3c4osonBy6Wlhcn3f6iVmoj24dpNf6WQ4LCJncp3koj1beyJp6WVsZCoIonZjXi3ko4w4YWx1YXM4O4JiYl90eXB3XilhcgR3c4osopxhbpdlYWd3oj1bXSw4bGF4ZWw4O4JWYyBJZCosonZ1ZXc4OjAsopR3dGF1bCoIMCw4ci9ydGF4bGU4OjAsonN3YXJj6CoIMSw4ZG9gbpxvYWQ4OjAsopZybg13b4oIMSw4di3kdG54O4oxMDA4LCJhbG3nb4oIopx3ZnQ4LCJzbgJ0bG3zdCoIojA4LCJjbimuoj17onZhbG3koj24MCosopR4oj24o4w46iVmoj24o4w4ZG3zcGxheSoIo4J9LCJhdHRy6WJldGU4Ons46H3wZXJs6Wmroj17opFjdG3iZSoIMSw4bG3u6yoIo4osonRhcpd3dCoIo4osoph0bWw4O4o4fSw46WlhZiU4Ons4YWN06XZ3oj2wLCJwYXR2oj24o4w4ci3IZV9aoj24o4w4ci3IZV9moj24o4w46HRtbCoIo4J9fX0seyJp6WVsZCoIonZjXgRmcGU4LCJhbG3hcyoIonZjXgRmcGVfbWFzdGVyo4w4bGFuZgVhZiU4O3tdLCJsYWJ3bCoIo3ZjoFRmcGU4LCJi6WVgoj2xLCJkZXRh6Ww4OjEsonNvcnRhYpx3oj2xLCJzZWFyYi54OjEsopRvdimsbiFkoj2xLCJpcp9IZWa4OjEsond1ZHR2oj24MTAwo4w4YWx1Zia4O4JsZWZ0o4w4ci9ydGx1cgQ4O4oxo4w4Yi9ub4oIeyJiYWx1ZCoIojA4LCJkY4oIo4osopt3eSoIo4osopR1cgBsYXk4O4o4fSw4YXR0cp34dXR3oj17ophmcGVybG3u6yoIeyJhYgR1dpU4OjEsopx1bps4O4o4LCJ0YXJnZXQ4O4o4LCJ2dGlsoj24on0sop3tYWd3oj17opFjdG3iZSoIMCw4cGF06CoIo4osonN1epVfeCoIo4osonN1epVfeSoIo4osoph0bWw4O4o4fXl9XSw4Zp9ybXM4O3t7opZ1ZWxkoj24dpNf6WQ4LCJhbG3hcyoIonZjXgRmcGVfbWFzdGVyo4w4bGFuZgVhZiU4O3tdLCJsYWJ3bCoIo3ZjoE3ko4w4Zp9ybV9ncp9lcCoIo4osonJ3cXV1cpVkoj24MCosonZ1ZXc4OjAsonRmcGU4O4J0ZXh0o4w4YWRkoj2xLCJz6X13oj24MCosopVk6XQ4OjEsonN3YXJj6CoIMCw4ci9ydGx1cgQ4O4owo4w4bgB06W9uoj17op9wdF90eXB3oj24o4w4bG9v6gVwXgFlZXJmoj24o4w4bG9v6gVwXgRhYpx3oj24o4w4bG9v6gVwXit3eSoIo4osopxvbitlcF9iYWxlZSoIo4osop3zXiR3cGVuZGVuYgk4O4o4LCJ1cl9tdWx06XBsZSoIo4osopxvbitlcF9kZXB3bpR3bpNmXit3eSoIo4osonBhdGhfdG9fdXBsbiFkoj24o4w4cpVz6X13Xgd1ZHR2oj24o4w4cpVz6X13Xih36Wd2dCoIo4osonVwbG9hZF90eXB3oj24o4w4dG9vbHR1cCoIo4osopF0dHJ1YnV0ZSoIo4osopVadGVuZF9jbGFzcyoIo4J9fSx7opZ1ZWxkoj24dpNfdH3wZSosopFs6WFzoj24dpNfdH3wZV9tYXN0ZXo4LCJsYWmndWFnZSoIWl0sopxhYpVsoj24VpM5VH3wZSosopZvcplfZgJvdXA4O4o4LCJyZXFl6XJ3ZCoIonJ3cXV1cpVko4w4dp33dyoIMSw4dH3wZSoIonR3eHQ4LCJhZGQ4OjEsonN1epU4O4owo4w4ZWR1dCoIMSw4ciVhcpN2oj24MSosonNvcnRs6XN0oj24MSosop9wdG3vb4oIeyJvcHRfdH3wZSoIo4osopxvbitlcF9xdWVyeSoIo4osopxvbitlcF90YWJsZSoIo4osopxvbitlcF9rZXk4O4o4LCJsbi9rdXBfdpFsdWU4O4o4LCJ1cl9kZXB3bpR3bpNmoj24o4w46XNfbXVsdG3wbGU4O4o4LCJsbi9rdXBfZGVwZWmkZWmjeV9rZXk4O4o4LCJwYXR2XgRvXgVwbG9hZCoIo4osonJ3ci3IZV9g6WR06CoIo4osonJ3ci3IZV92ZW3n6HQ4O4o4LCJlcGxvYWRfdH3wZSoIo4osonRvbix06XA4O4o4LCJhdHRy6WJldGU4O4o4LCJ3eHR3bpRfYixhcgM4O4o4fXldfQ==',	NULL),
(60,	'pagepdf',	'Page Pdf',	'Page Pdf',	NULL,	'2016-09-19 10:37:07',	NULL,	'tb_page_pdf',	'tb_page_pdf_id',	'addon',	'eyJzcWxfciVsZWN0oj24oFNFTEVDVCB0Y39wYWd3XgBkZ4aqoEZST005dGJfcGFnZV9wZGY5o4w4cgFsXgd2ZXJ3oj24oFdoRVJFoHR4XgBhZiVfcGRpLnR4XgBhZiVfcGRpXi3koE3ToEmPVCBOVUxMo4w4cgFsXidybgVwoj24o4w4dGF4bGVfZGo4O4J0Y39wYWd3XgBkZ4osonBy6Wlhcn3f6iVmoj24dGJfcGFnZV9wZGZf6WQ4LCJpbgJtcyoIWgs4Zp33bGQ4O4J0Y39wYWd3XgBkZ391ZCosopFs6WFzoj24dGJfcGFnZV9wZGY4LCJsYWmndWFnZSoIWl0sopxhYpVsoj24SWQ4LCJpbgJtXidybgVwoj24o4w4cpVxdW3yZWQ4O4owo4w4dp33dyoIMSw4dH3wZSoIoph1ZGR3b4osopFkZCoIMSw4ci3IZSoIojA4LCJ3ZG30oj2xLCJzZWFyYi54OjAsonNvcnRs6XN0oj24MCosop9wdG3vb4oIeyJvcHRfdH3wZSoIo4osopxvbitlcF9xdWVyeSoIo4osopxvbitlcF90YWJsZSoIo4osopxvbitlcF9rZXk4O4o4LCJsbi9rdXBfdpFsdWU4O4o4LCJ1cl9kZXB3bpR3bpNmoj24o4w46XNfbXVsdG3wbGU4O4o4LCJsbi9rdXBfZGVwZWmkZWmjeV9rZXk4O4o4LCJwYXR2XgRvXgVwbG9hZCoIo4osonJ3ci3IZV9g6WR06CoIo4osonJ3ci3IZV92ZW3n6HQ4O4o4LCJlcGxvYWRfdH3wZSoIo4osonRvbix06XA4O4o4LCJhdHRy6WJldGU4O4o4LCJ3eHR3bpRfYixhcgM4O4o4fX0seyJp6WVsZCoIonR4XgBhZiVfcGRpXgR1dGx3o4w4YWx1YXM4O4J0Y39wYWd3XgBkZ4osopxhbpdlYWd3oj1bXSw4bGF4ZWw4O4JU6XRsZSosopZvcplfZgJvdXA4O4o4LCJyZXFl6XJ3ZCoIonJ3cXV1cpVko4w4dp33dyoIMSw4dH3wZSoIonR3eHQ4LCJhZGQ4OjEsonN1epU4O4owo4w4ZWR1dCoIMSw4ciVhcpN2oj24MSosonNvcnRs6XN0oj24MSosop9wdG3vb4oIeyJvcHRfdH3wZSoIo4osopxvbitlcF9xdWVyeSoIo4osopxvbitlcF90YWJsZSoIo4osopxvbitlcF9rZXk4O4o4LCJsbi9rdXBfdpFsdWU4O4o4LCJ1cl9kZXB3bpR3bpNmoj24o4w46XNfbXVsdG3wbGU4O4o4LCJsbi9rdXBfZGVwZWmkZWmjeV9rZXk4O4o4LCJwYXR2XgRvXgVwbG9hZCoIo4osonJ3ci3IZV9g6WR06CoIo4osonJ3ci3IZV92ZW3n6HQ4O4o4LCJlcGxvYWRfdH3wZSoIo4osonRvbix06XA4O4o4LCJhdHRy6WJldGU4O4o4LCJ3eHR3bpRfYixhcgM4O4o4fX0seyJp6WVsZCoIonR4XgBhZiVfcGRpXgBhdG54LCJhbG3hcyoIonR4XgBhZiVfcGRpo4w4bGFuZgVhZiU4O3tdLCJsYWJ3bCoIo3BhdG54LCJpbgJtXidybgVwoj24o4w4cpVxdW3yZWQ4O4owo4w4dp33dyoIMSw4dH3wZSoIopZ1bGU4LCJhZGQ4OjEsonN1epU4O4owo4w4ZWR1dCoIMSw4ciVhcpN2oj24MSosonNvcnRs6XN0oj24M4osop9wdG3vb4oIeyJvcHRfdH3wZSoIo4osopxvbitlcF9xdWVyeSoIo4osopxvbitlcF90YWJsZSoIo4osopxvbitlcF9rZXk4O4o4LCJsbi9rdXBfdpFsdWU4O4o4LCJ1cl9kZXB3bpR3bpNmoj24o4w46XNfbXVsdG3wbGU4O4o4LCJsbi9rdXBfZGVwZWmkZWmjeV9rZXk4O4o4LCJwYXR2XgRvXgVwbG9hZCoIo3wvdXBsbiFkclwvcGRpo4w4cpVz6X13Xgd1ZHR2oj24o4w4cpVz6X13Xih36Wd2dCoIo4osonVwbG9hZF90eXB3oj24Zp3sZSosonRvbix06XA4O4o4LCJhdHRy6WJldGU4O4o4LCJ3eHR3bpRfYixhcgM4O4o4fX0seyJp6WVsZCoIonR4XgBhZiVfcGRpXgN0YXRlcyosopFs6WFzoj24dGJfcGFnZV9wZGY4LCJsYWmndWFnZSoIWl0sopxhYpVsoj24UgRhdHVzo4w4Zp9ybV9ncp9lcCoIo4osonJ3cXV1cpVkoj24cpVxdW3yZWQ4LCJi6WVgoj2xLCJ0eXB3oj24ciVsZWN0o4w4YWRkoj2xLCJz6X13oj24MCosopVk6XQ4OjEsonN3YXJj6CoIojE4LCJzbgJ0bG3zdCoIojM4LCJvcHR1bia4Ons4bgB0XgRmcGU4O4JkYXRhbG3zdCosopxvbitlcF9xdWVyeSoIokR1ciF4bGVkOkR1ciF4bGVkfEVuYWJsZWQIRWmhYpx3ZCosopxvbitlcF90YWJsZSoIo4osopxvbitlcF9rZXk4O4o4LCJsbi9rdXBfdpFsdWU4O4o4LCJ1cl9kZXB3bpR3bpNmoj24o4w46XNfbXVsdG3wbGU4O4o4LCJsbi9rdXBfZGVwZWmkZWmjeV9rZXk4O4o4LCJwYXR2XgRvXgVwbG9hZCoIo4osonJ3ci3IZV9g6WR06CoIo4osonJ3ci3IZV92ZW3n6HQ4O4o4LCJlcGxvYWRfdH3wZSoIo4osonRvbix06XA4O4o4LCJhdHRy6WJldGU4O4o4LCJ3eHR3bpRfYixhcgM4O4o4fX0seyJp6WVsZCoIonR4XgBhZiVfcGRpXgBhZiVJZCosopFs6WFzoj24dGJfcGFnZV9wZGY4LCJsYWmndWFnZSoIWl0sopxhYpVsoj24UGFnZU3ko4w4Zp9ybV9ncp9lcCoIo4osonJ3cXV1cpVkoj24cpVxdW3yZWQ4LCJi6WVgoj2xLCJ0eXB3oj24ciVsZWN0o4w4YWRkoj2xLCJz6X13oj24MCosopVk6XQ4OjEsonN3YXJj6CoIojE4LCJzbgJ0bG3zdCoIojQ4LCJvcHR1bia4Ons4bgB0XgRmcGU4O4J3eHR3cpmhbCosopxvbitlcF9xdWVyeSoIo4osopxvbitlcF90YWJsZSoIonR4XgBhZiVzo4w4bG9v6gVwXit3eSoIonBhZiVJRCosopxvbitlcF9iYWxlZSoIonR1dGx3o4w46XNfZGVwZWmkZWmjeSoIo4osop3zXillbHR1cGx3oj24o4w4bG9v6gVwXiR3cGVuZGVuYg3f6iVmoj24o4w4cGF06F90bl9lcGxvYWQ4O4o4LCJyZXN1epVfdi3kdG54O4o4LCJyZXN1epVf6GV1Zih0oj24o4w4dXBsbiFkXgRmcGU4O4o4LCJ0bi9sdG3woj24o4w4YXR0cp34dXR3oj24o4w4ZXh0ZWmkXiNsYXNzoj24onl9LHs4Zp33bGQ4O4J0Y39wYWd3XgBkZ39jcpVhdGVkXiRhdGU4LCJhbG3hcyoIonR4XgBhZiVfcGRpo4w4bGFuZgVhZiU4O3tdLCJsYWJ3bCoIokNyZWF0ZWQ5RGF0ZSosopZvcplfZgJvdXA4O4o4LCJyZXFl6XJ3ZCoIojA4LCJi6WVgoj2xLCJ0eXB3oj24dGVadF9kYXR3dG3tZSosopFkZCoIMSw4ci3IZSoIojA4LCJ3ZG30oj2xLCJzZWFyYi54OjAsonNvcnRs6XN0oj24NSosop9wdG3vb4oIeyJvcHRfdH3wZSoIo4osopxvbitlcF9xdWVyeSoIo4osopxvbitlcF90YWJsZSoIo4osopxvbitlcF9rZXk4O4o4LCJsbi9rdXBfdpFsdWU4O4o4LCJ1cl9kZXB3bpR3bpNmoj24o4w46XNfbXVsdG3wbGU4O4o4LCJsbi9rdXBfZGVwZWmkZWmjeV9rZXk4O4o4LCJwYXR2XgRvXgVwbG9hZCoIo4osonJ3ci3IZV9g6WR06CoIo4osonJ3ci3IZV92ZW3n6HQ4O4o4LCJlcGxvYWRfdH3wZSoIo4osonRvbix06XA4O4o4LCJhdHRy6WJldGU4O4o4LCJ3eHR3bpRfYixhcgM4O4o4fX0seyJp6WVsZCoIonR4XgBhZiVfcGRpXgVwZGF0ZWRfZGF0ZSosopFs6WFzoj24dGJfcGFnZV9wZGY4LCJsYWmndWFnZSoIWl0sopxhYpVsoj24VXBkYXR3ZCBEYXR3o4w4Zp9ybV9ncp9lcCoIo4osonJ3cXV1cpVkoj24MCosonZ1ZXc4OjEsonRmcGU4O4J0ZXh0XiRhdGV06Wl3o4w4YWRkoj2xLCJz6X13oj24MCosopVk6XQ4OjEsonN3YXJj6CoIMCw4ci9ydGx1cgQ4O4oio4w4bgB06W9uoj17op9wdF90eXB3oj24o4w4bG9v6gVwXgFlZXJmoj24o4w4bG9v6gVwXgRhYpx3oj24o4w4bG9v6gVwXit3eSoIo4osopxvbitlcF9iYWxlZSoIo4osop3zXiR3cGVuZGVuYgk4O4o4LCJ1cl9tdWx06XBsZSoIo4osopxvbitlcF9kZXB3bpR3bpNmXit3eSoIo4osonBhdGhfdG9fdXBsbiFkoj24o4w4cpVz6X13Xgd1ZHR2oj24o4w4cpVz6X13Xih36Wd2dCoIo4osonVwbG9hZF90eXB3oj24o4w4dG9vbHR1cCoIo4osopF0dHJ1YnV0ZSoIo4osopVadGVuZF9jbGFzcyoIo4J9fSx7opZ1ZWxkoj24dGhfcGFnZV9wZGZfZG3zcGxheV90eXB3o4w4YWx1YXM4O4J0Y39wYWd3XgBkZ4osopxhbpdlYWd3oj1bXSw4bGF4ZWw4O4JE6XNwbGFmoFRmcGU4LCJpbgJtXidybgVwoj24o4w4cpVxdW3yZWQ4O4owo4w4dp33dyoIMSw4dH3wZSoIonN3bGVjdCosopFkZCoIMSw4ci3IZSoIojA4LCJ3ZG30oj2xLCJzZWFyYi54O4oxo4w4ci9ydGx1cgQ4O4ogo4w4bgB06W9uoj17op9wdF90eXB3oj24ZGF0YWx1cgQ4LCJsbi9rdXBfcXV3cnk4O4JOZXc5Vi3uZG9gOkm3dyBX6Wmkbgd8TgB3b4BQbgBlcD1PcGVuoFBvcHVwfFNhbWU5Vi3uZG9gO3NhbWU5Vi3uZG9go4w4bG9v6gVwXgRhYpx3oj24o4w4bG9v6gVwXit3eSoIo4osopxvbitlcF9iYWxlZSoIo4osop3zXiR3cGVuZGVuYgk4O4o4LCJ1cl9tdWx06XBsZSoIo4osopxvbitlcF9kZXB3bpR3bpNmXit3eSoIo4osonBhdGhfdG9fdXBsbiFkoj24o4w4cpVz6X13Xgd1ZHR2oj24o4w4cpVz6X13Xih36Wd2dCoIo4osonVwbG9hZF90eXB3oj24o4w4dG9vbHR1cCoIo4osopF0dHJ1YnV0ZSoIo4osopVadGVuZF9jbGFzcyoIo4J9fV0sopdy6WQ4O3t7opZ1ZWxkoj24dGJfcGFnZV9wZGZf6WQ4LCJhbG3hcyoIonR4XgBhZiVfcGRpo4w4bGFuZgVhZiU4O3tdLCJsYWJ3bCoIok3ko4w4dp33dyoIMSw4ZGV0YW3soj2xLCJzbgJ0YWJsZSoIMSw4ciVhcpN2oj2xLCJkbgdubG9hZCoIMSw4ZnJvepVuoj2xLCJg6WR06CoIojEwMCosopFs6Wduoj24bGVpdCosonNvcnRs6XN0oj24MCosopNvbpa4Ons4dpFs6WQ4O4owo4w4ZGo4O4o4LCJrZXk4O4o4LCJk6XNwbGFmoj24on0sopF0dHJ1YnV0ZSoIeyJ2eXB3cpx1bps4Ons4YWN06XZ3oj2xLCJs6Wmroj24o4w4dGFyZiV0oj24o4w46HRtbCoIo4J9LCJ1bWFnZSoIeyJhYgR1dpU4OjAsonBhdG54O4o4LCJz6X13Xg54O4o4LCJz6X13Xgk4O4o4LCJ2dGlsoj24onl9fSx7opZ1ZWxkoj24dGJfcGFnZV9wZGZfdG30bGU4LCJhbG3hcyoIonR4XgBhZiVfcGRpo4w4bGFuZgVhZiU4O3tdLCJsYWJ3bCoIo3R1dGx3o4w4dp33dyoIMSw4ZGV0YW3soj2xLCJzbgJ0YWJsZSoIMSw4ciVhcpN2oj2xLCJkbgdubG9hZCoIMSw4ZnJvepVuoj2xLCJg6WR06CoIojEwMCosopFs6Wduoj24bGVpdCosonNvcnRs6XN0oj24MSosopNvbpa4Ons4dpFs6WQ4O4owo4w4ZGo4O4o4LCJrZXk4O4o4LCJk6XNwbGFmoj24on0sopF0dHJ1YnV0ZSoIeyJ2eXB3cpx1bps4Ons4YWN06XZ3oj2xLCJs6Wmroj24o4w4dGFyZiV0oj24o4w46HRtbCoIo4J9LCJ1bWFnZSoIeyJhYgR1dpU4OjAsonBhdG54O4o4LCJz6X13Xg54O4o4LCJz6X13Xgk4O4o4LCJ2dGlsoj24onl9fSx7opZ1ZWxkoj24dGJfcGFnZV9wZGZfcGF06CosopFs6WFzoj24dGJfcGFnZV9wZGY4LCJsYWmndWFnZSoIWl0sopxhYpVsoj24UGF06CosonZ1ZXc4OjEsopR3dGF1bCoIMSw4ci9ydGF4bGU4OjEsonN3YXJj6CoIMSw4ZG9gbpxvYWQ4OjEsopZybg13b4oIMSw4di3kdG54O4oxMDA4LCJhbG3nb4oIopx3ZnQ4LCJzbgJ0bG3zdCoIojo4LCJjbimuoj17onZhbG3koj24MCosopR4oj24o4w46iVmoj24o4w4ZG3zcGxheSoIo4J9LCJhdHRy6WJldGU4Ons46H3wZXJs6Wmroj17opFjdG3iZSoIMSw4bG3u6yoIo4osonRhcpd3dCoIo4osoph0bWw4O4o4fSw46WlhZiU4Ons4YWN06XZ3oj2wLCJwYXR2oj24dXBsbiFkclwvcGRpXC84LCJz6X13Xg54O4o4LCJz6X13Xgk4O4o4LCJ2dGlsoj24onl9fSx7opZ1ZWxkoj24dGJfcGFnZV9wZGZfcgRhdHVzo4w4YWx1YXM4O4J0Y39wYWd3XgBkZ4osopxhbpdlYWd3oj1bXSw4bGF4ZWw4O4JTdGF0dXM4LCJi6WVgoj2xLCJkZXRh6Ww4OjEsonNvcnRhYpx3oj2xLCJzZWFyYi54OjEsopRvdimsbiFkoj2xLCJpcp9IZWa4OjEsond1ZHR2oj24MTAwo4w4YWx1Zia4O4JsZWZ0o4w4ci9ydGx1cgQ4O4ozo4w4Yi9ub4oIeyJiYWx1ZCoIojA4LCJkY4oIo4osopt3eSoIo4osopR1cgBsYXk4O4o4fSw4YXR0cp34dXR3oj17ophmcGVybG3u6yoIeyJhYgR1dpU4OjEsopx1bps4O4o4LCJ0YXJnZXQ4O4o4LCJ2dGlsoj24on0sop3tYWd3oj17opFjdG3iZSoIMCw4cGF06CoIo4osonN1epVfeCoIo4osonN1epVfeSoIo4osoph0bWw4O4o4fXl9LHs4Zp33bGQ4O4J0Y39wYWd3XgBkZ39wYWd3SWQ4LCJhbG3hcyoIonR4XgBhZiVfcGRpo4w4bGFuZgVhZiU4O3tdLCJsYWJ3bCoIo3BhZiVJZCosonZ1ZXc4OjEsopR3dGF1bCoIMSw4ci9ydGF4bGU4OjEsonN3YXJj6CoIMSw4ZG9gbpxvYWQ4OjEsopZybg13b4oIMSw4di3kdG54O4oxMDA4LCJhbG3nb4oIopx3ZnQ4LCJzbgJ0bG3zdCoIojQ4LCJjbimuoj17onZhbG3koj24MSosopR4oj24dGJfcGFnZXM4LCJrZXk4O4JwYWd3SUQ4LCJk6XNwbGFmoj24dG30bGU4fSw4YXR0cp34dXR3oj17ophmcGVybG3u6yoIeyJhYgR1dpU4OjEsopx1bps4O4o4LCJ0YXJnZXQ4O4o4LCJ2dGlsoj24on0sop3tYWd3oj17opFjdG3iZSoIMCw4cGF06CoIo4osonN1epVfeCoIo4osonN1epVfeSoIo4osoph0bWw4O4o4fXl9LHs4Zp33bGQ4O4J0Y39wYWd3XgBkZ39jcpVhdGVkXiRhdGU4LCJhbG3hcyoIonR4XgBhZiVfcGRpo4w4bGFuZgVhZiU4O3tdLCJsYWJ3bCoIokNyZWF0ZWQ5RGF0ZSosonZ1ZXc4OjEsopR3dGF1bCoIMSw4ci9ydGF4bGU4OjEsonN3YXJj6CoIMSw4ZG9gbpxvYWQ4OjEsopZybg13b4oIMSw4di3kdG54O4oxMDA4LCJhbG3nb4oIopx3ZnQ4LCJzbgJ0bG3zdCoIojU4LCJjbimuoj17onZhbG3koj24MCosopR4oj24o4w46iVmoj24o4w4ZG3zcGxheSoIo4J9LCJhdHRy6WJldGU4Ons46H3wZXJs6Wmroj17opFjdG3iZSoIMSw4bG3u6yoIo4osonRhcpd3dCoIo4osoph0bWw4O4o4fSw46WlhZiU4Ons4YWN06XZ3oj2wLCJwYXR2oj24o4w4ci3IZV9aoj24o4w4ci3IZV9moj24o4w46HRtbCoIo4J9fX0seyJp6WVsZCoIonR4XgBhZiVfcGRpXgVwZGF0ZWRfZGF0ZSosopFs6WFzoj24dGJfcGFnZV9wZGY4LCJsYWmndWFnZSoIWl0sopxhYpVsoj24VXBkYXR3ZCBEYXR3o4w4dp33dyoIMSw4ZGV0YW3soj2xLCJzbgJ0YWJsZSoIMSw4ciVhcpN2oj2xLCJkbgdubG9hZCoIMSw4ZnJvepVuoj2xLCJg6WR06CoIojEwMCosopFs6Wduoj24bGVpdCosonNvcnRs6XN0oj24N4osopNvbpa4Ons4dpFs6WQ4O4owo4w4ZGo4O4o4LCJrZXk4O4o4LCJk6XNwbGFmoj24on0sopF0dHJ1YnV0ZSoIeyJ2eXB3cpx1bps4Ons4YWN06XZ3oj2xLCJs6Wmroj24o4w4dGFyZiV0oj24o4w46HRtbCoIo4J9LCJ1bWFnZSoIeyJhYgR1dpU4OjAsonBhdG54O4o4LCJz6X13Xg54O4o4LCJz6X13Xgk4O4o4LCJ2dGlsoj24onl9fSx7opZ1ZWxkoj24dGhfcGFnZV9wZGZfZG3zcGxheV90eXB3o4w4YWx1YXM4O4J0Y39wYWd3XgBkZ4osopxhbpdlYWd3oj1bXSw4bGF4ZWw4O4JE6XNwbGFmoFRmcGU4LCJi6WVgoj2xLCJkZXRh6Ww4OjEsonNvcnRhYpx3oj2xLCJzZWFyYi54OjEsopRvdimsbiFkoj2xLCJpcp9IZWa4OjEsond1ZHR2oj24MTAwo4w4YWx1Zia4O4JsZWZ0o4w4ci9ydGx1cgQ4O4ogo4w4Yi9ub4oIeyJiYWx1ZCoIojA4LCJkY4oIo4osopt3eSoIo4osopR1cgBsYXk4O4o4fSw4YXR0cp34dXR3oj17ophmcGVybG3u6yoIeyJhYgR1dpU4OjEsopx1bps4O4o4LCJ0YXJnZXQ4O4o4LCJ2dGlsoj24on0sop3tYWd3oj17opFjdG3iZSoIMCw4cGF06CoIo4osonN1epVfeCoIo4osonN1epVfeSoIo4osoph0bWw4O4o4fXl9XX0=',	NULL),
(61,	'pagefile',	'Page File',	'Page File',	NULL,	'2016-09-19 10:57:37',	NULL,	'tb_page_file',	'tb_page_file_id',	'addon',	'eyJzcWxfciVsZWN0oj24oFNFTEVDVCB0Y39wYWd3XiZ1bGUuK4BGUk9NoHR4XgBhZiVfZp3sZSA4LCJzcWxfdih3cpU4O4o5V0hFUkU5dGJfcGFnZV9p6Wx3LnR4XgBhZiVfZp3sZV91ZCBJUyBOTlQ5T3VMTCosonNxbF9ncp9lcCoIo4osonRhYpx3XiR4oj24dGJfcGFnZV9p6Wx3o4w4cHJ1bWFyeV9rZXk4O4J0Y39wYWd3XiZ1bGVf6WQ4LCJncp3koj1beyJp6WVsZCoIonR4XgBhZiVfZp3sZV91ZCosopFs6WFzoj24dGJfcGFnZV9p6Wx3o4w4bGFuZgVhZiU4O3tdLCJsYWJ3bCoIokZ1bGU5SWQ4LCJi6WVgoj2xLCJkZXRh6Ww4OjEsonNvcnRhYpx3oj2xLCJzZWFyYi54OjEsopRvdimsbiFkoj2xLCJpcp9IZWa4OjEsond1ZHR2oj24MTAwo4w4YWx1Zia4O4JsZWZ0o4w4ci9ydGx1cgQ4O4owo4w4Yi9ub4oIeyJiYWx1ZCoIojA4LCJkY4oIo4osopt3eSoIo4osopR1cgBsYXk4O4o4fSw4YXR0cp34dXR3oj17ophmcGVybG3u6yoIeyJhYgR1dpU4OjEsopx1bps4O4o4LCJ0YXJnZXQ4O4o4LCJ2dGlsoj24on0sop3tYWd3oj17opFjdG3iZSoIMCw4cGF06CoIo4osonN1epVfeCoIo4osonN1epVfeSoIo4osoph0bWw4O4o4fXl9LHs4Zp33bGQ4O4J0Y39wYWd3XiZ1bGVfdG30bGU4LCJhbG3hcyoIonR4XgBhZiVfZp3sZSosopxhbpdlYWd3oj1bXSw4bGF4ZWw4O4JG6Wx3oFR1dGx3o4w4dp33dyoIMSw4ZGV0YW3soj2xLCJzbgJ0YWJsZSoIMSw4ciVhcpN2oj2xLCJkbgdubG9hZCoIMSw4ZnJvepVuoj2xLCJg6WR06CoIojEwMCosopFs6Wduoj24bGVpdCosonNvcnRs6XN0oj24MSosopNvbpa4Ons4dpFs6WQ4O4owo4w4ZGo4O4o4LCJrZXk4O4o4LCJk6XNwbGFmoj24on0sopF0dHJ1YnV0ZSoIeyJ2eXB3cpx1bps4Ons4YWN06XZ3oj2xLCJs6Wmroj24o4w4dGFyZiV0oj24o4w46HRtbCoIo4J9LCJ1bWFnZSoIeyJhYgR1dpU4OjAsonBhdG54O4o4LCJz6X13Xg54O4o4LCJz6X13Xgk4O4o4LCJ2dGlsoj24onl9fSx7opZ1ZWxkoj24dGJfcGFnZV9p6Wx3XgBhdG54LCJhbG3hcyoIonR4XgBhZiVfZp3sZSosopxhbpdlYWd3oj1bXSw4bGF4ZWw4O4JG6Wx3oFBhdG54LCJi6WVgoj2xLCJkZXRh6Ww4OjEsonNvcnRhYpx3oj2xLCJzZWFyYi54OjEsopRvdimsbiFkoj2xLCJpcp9IZWa4OjEsond1ZHR2oj24MTAwo4w4YWx1Zia4O4JsZWZ0o4w4ci9ydGx1cgQ4O4oyo4w4Yi9ub4oIeyJiYWx1ZCoIojA4LCJkY4oIo4osopt3eSoIo4osopR1cgBsYXk4O4o4fSw4YXR0cp34dXR3oj17ophmcGVybG3u6yoIeyJhYgR1dpU4OjEsopx1bps4O4o4LCJ0YXJnZXQ4O4o4LCJ2dGlsoj24on0sop3tYWd3oj17opFjdG3iZSoIMCw4cGF06CoIonVwbG9hZHNcLiZ1bGU4LCJz6X13Xg54O4o4LCJz6X13Xgk4O4o4LCJ2dGlsoj24onl9fSx7opZ1ZWxkoj24dGJfcGFnZV9p6Wx3XgN0YXRlcyosopFs6WFzoj24dGJfcGFnZV9p6Wx3o4w4bGFuZgVhZiU4O3tdLCJsYWJ3bCoIokZ1bGU5UgRhdHVzo4w4dp33dyoIMSw4ZGV0YW3soj2xLCJzbgJ0YWJsZSoIMSw4ciVhcpN2oj2xLCJkbgdubG9hZCoIMSw4ZnJvepVuoj2xLCJg6WR06CoIojEwMCosopFs6Wduoj24bGVpdCosonNvcnRs6XN0oj24MyosopNvbpa4Ons4dpFs6WQ4O4owo4w4ZGo4O4o4LCJrZXk4O4o4LCJk6XNwbGFmoj24on0sopF0dHJ1YnV0ZSoIeyJ2eXB3cpx1bps4Ons4YWN06XZ3oj2xLCJs6Wmroj24o4w4dGFyZiV0oj24o4w46HRtbCoIo4J9LCJ1bWFnZSoIeyJhYgR1dpU4OjAsonBhdG54O4o4LCJz6X13Xg54O4o4LCJz6X13Xgk4O4o4LCJ2dGlsoj24onl9fSx7opZ1ZWxkoj24dGJfcGFnZV9p6Wx3XgBhZiVJZCosopFs6WFzoj24dGJfcGFnZV9p6Wx3o4w4bGFuZgVhZiU4O3tdLCJsYWJ3bCoIokZ1bGU5UGFnZU3ko4w4dp33dyoIMSw4ZGV0YW3soj2xLCJzbgJ0YWJsZSoIMSw4ciVhcpN2oj2xLCJkbgdubG9hZCoIMSw4ZnJvepVuoj2xLCJg6WR06CoIojEwMCosopFs6Wduoj24bGVpdCosonNvcnRs6XN0oj24NCosopNvbpa4Ons4dpFs6WQ4O4oxo4w4ZGo4O4J0Y39wYWd3cyosopt3eSoIonBhZiVJRCosopR1cgBsYXk4O4J06XRsZSJ9LCJhdHRy6WJldGU4Ons46H3wZXJs6Wmroj17opFjdG3iZSoIMSw4bG3u6yoIo4osonRhcpd3dCoIo4osoph0bWw4O4o4fSw46WlhZiU4Ons4YWN06XZ3oj2wLCJwYXR2oj24o4w4ci3IZV9aoj24o4w4ci3IZV9moj24o4w46HRtbCoIo4J9fX0seyJp6WVsZCoIonR4XgBhZiVfZp3sZV9jcpVhdGVkXiRhdGU4LCJhbG3hcyoIonR4XgBhZiVfZp3sZSosopxhbpdlYWd3oj1bXSw4bGF4ZWw4O4JG6Wx3oENyZWF0ZWQ5RGF0ZSosonZ1ZXc4OjEsopR3dGF1bCoIMSw4ci9ydGF4bGU4OjEsonN3YXJj6CoIMSw4ZG9gbpxvYWQ4OjEsopZybg13b4oIMSw4di3kdG54O4oxMDA4LCJhbG3nb4oIopx3ZnQ4LCJzbgJ0bG3zdCoIojU4LCJjbimuoj17onZhbG3koj24MCosopR4oj24o4w46iVmoj24o4w4ZG3zcGxheSoIo4J9LCJhdHRy6WJldGU4Ons46H3wZXJs6Wmroj17opFjdG3iZSoIMSw4bG3u6yoIo4osonRhcpd3dCoIo4osoph0bWw4O4o4fSw46WlhZiU4Ons4YWN06XZ3oj2wLCJwYXR2oj24o4w4ci3IZV9aoj24o4w4ci3IZV9moj24o4w46HRtbCoIo4J9fX0seyJp6WVsZCoIonR4XgBhZiVfZp3sZV9lcGRhdGVkXiRhdGU4LCJhbG3hcyoIonR4XgBhZiVfZp3sZSosopxhbpdlYWd3oj1bXSw4bGF4ZWw4O4JG6Wx3oFVwZGF0ZWQ5RGF0ZSosonZ1ZXc4OjEsopR3dGF1bCoIMSw4ci9ydGF4bGU4OjEsonN3YXJj6CoIMSw4ZG9gbpxvYWQ4OjEsopZybg13b4oIMSw4di3kdG54O4oxMDA4LCJhbG3nb4oIopx3ZnQ4LCJzbgJ0bG3zdCoIojY4LCJjbimuoj17onZhbG3koj24MCosopR4oj24o4w46iVmoj24o4w4ZG3zcGxheSoIo4J9LCJhdHRy6WJldGU4Ons46H3wZXJs6Wmroj17opFjdG3iZSoIMSw4bG3u6yoIo4osonRhcpd3dCoIo4osoph0bWw4O4o4fSw46WlhZiU4Ons4YWN06XZ3oj2wLCJwYXR2oj24o4w4ci3IZV9aoj24o4w4ci3IZV9moj24o4w46HRtbCoIo4J9fX0seyJp6WVsZCoIonR2XgBhZiVfZp3sZV9k6XNwbGFmXgRmcGU4LCJhbG3hcyoIonR4XgBhZiVfZp3sZSosopxhbpdlYWd3oj1bXSw4bGF4ZWw4O4JG6Wx3oER1cgBsYXk5VH3wZSosonZ1ZXc4OjEsopR3dGF1bCoIMSw4ci9ydGF4bGU4OjEsonN3YXJj6CoIMSw4ZG9gbpxvYWQ4OjEsopZybg13b4oIMSw4di3kdG54O4oxMDA4LCJhbG3nb4oIopx3ZnQ4LCJzbgJ0bG3zdCoIojc4LCJjbimuoj17onZhbG3koj24MCosopR4oj24o4w46iVmoj24o4w4ZG3zcGxheSoIo4J9LCJhdHRy6WJldGU4Ons46H3wZXJs6Wmroj17opFjdG3iZSoIMSw4bG3u6yoIo4osonRhcpd3dCoIo4osoph0bWw4O4o4fSw46WlhZiU4Ons4YWN06XZ3oj2wLCJwYXR2oj24o4w4ci3IZV9aoj24o4w4ci3IZV9moj24o4w46HRtbCoIo4J9fXldLCJpbgJtcyoIWgs4Zp33bGQ4O4J0Y39wYWd3XiZ1bGVf6WQ4LCJhbG3hcyoIonR4XgBhZiVfZp3sZSosopxhbpdlYWd3oj1bXSw4bGF4ZWw4O4JG6Wx3oE3ko4w4Zp9ybV9ncp9lcCoIo4osonJ3cXV1cpVkoj24MCosonZ1ZXc4OjAsonRmcGU4O4J0ZXh0o4w4YWRkoj2xLCJz6X13oj24MCosopVk6XQ4OjEsonN3YXJj6CoIMCw4ci9ydGx1cgQ4O4owo4w4bgB06W9uoj17op9wdF90eXB3oj24o4w4bG9v6gVwXgFlZXJmoj24o4w4bG9v6gVwXgRhYpx3oj24o4w4bG9v6gVwXit3eSoIo4osopxvbitlcF9iYWxlZSoIo4osop3zXiR3cGVuZGVuYgk4O4o4LCJ1cl9tdWx06XBsZSoIo4osopxvbitlcF9kZXB3bpR3bpNmXit3eSoIo4osonBhdGhfdG9fdXBsbiFkoj24o4w4cpVz6X13Xgd1ZHR2oj24o4w4cpVz6X13Xih36Wd2dCoIo4osonVwbG9hZF90eXB3oj24o4w4dG9vbHR1cCoIo4osopF0dHJ1YnV0ZSoIo4osopVadGVuZF9jbGFzcyoIo4J9fSx7opZ1ZWxkoj24dGJfcGFnZV9p6Wx3XgR1dGx3o4w4YWx1YXM4O4J0Y39wYWd3XiZ1bGU4LCJsYWmndWFnZSoIWl0sopxhYpVsoj24Rp3sZSBU6XRsZSosopZvcplfZgJvdXA4O4o4LCJyZXFl6XJ3ZCoIonJ3cXV1cpVko4w4dp33dyoIMSw4dH3wZSoIonR3eHQ4LCJhZGQ4OjEsonN1epU4O4owo4w4ZWR1dCoIMSw4ciVhcpN2oj24MSosonNvcnRs6XN0oj24MSosop9wdG3vb4oIeyJvcHRfdH3wZSoIo4osopxvbitlcF9xdWVyeSoIo4osopxvbitlcF90YWJsZSoIo4osopxvbitlcF9rZXk4O4o4LCJsbi9rdXBfdpFsdWU4O4o4LCJ1cl9kZXB3bpR3bpNmoj24o4w46XNfbXVsdG3wbGU4O4o4LCJsbi9rdXBfZGVwZWmkZWmjeV9rZXk4O4o4LCJwYXR2XgRvXgVwbG9hZCoIo4osonJ3ci3IZV9g6WR06CoIo4osonJ3ci3IZV92ZW3n6HQ4O4o4LCJlcGxvYWRfdH3wZSoIo4osonRvbix06XA4O4o4LCJhdHRy6WJldGU4O4o4LCJ3eHR3bpRfYixhcgM4O4o4fX0seyJp6WVsZCoIonR4XgBhZiVfZp3sZV9wYXR2o4w4YWx1YXM4O4J0Y39wYWd3XiZ1bGU4LCJsYWmndWFnZSoIWl0sopxhYpVsoj24Rp3sZSBQYXR2o4w4Zp9ybV9ncp9lcCoIo4osonJ3cXV1cpVkoj24MCosonZ1ZXc4OjEsonRmcGU4O4Jp6Wx3o4w4YWRkoj2xLCJz6X13oj24MCosopVk6XQ4OjEsonN3YXJj6CoIojE4LCJzbgJ0bG3zdCoIojo4LCJvcHR1bia4Ons4bgB0XgRmcGU4O4o4LCJsbi9rdXBfcXV3cnk4O4o4LCJsbi9rdXBfdGF4bGU4O4o4LCJsbi9rdXBf6iVmoj24o4w4bG9v6gVwXgZhbHV3oj24o4w46XNfZGVwZWmkZWmjeSoIo4osop3zXillbHR1cGx3oj24o4w4bG9v6gVwXiR3cGVuZGVuYg3f6iVmoj24o4w4cGF06F90bl9lcGxvYWQ4O4JcLgVwbG9hZHNcLiZ1bGU4LCJyZXN1epVfdi3kdG54O4o4LCJyZXN1epVf6GV1Zih0oj24o4w4dXBsbiFkXgRmcGU4O4Jp6Wx3o4w4dG9vbHR1cCoIo4osopF0dHJ1YnV0ZSoIo4osopVadGVuZF9jbGFzcyoIo4J9fSx7opZ1ZWxkoj24dGJfcGFnZV9p6Wx3XgN0YXRlcyosopFs6WFzoj24dGJfcGFnZV9p6Wx3o4w4bGF4ZWw4O4JG6Wx3oFN0YXRlcyosopZvcplfZgJvdXA4O4o4LCJyZXFl6XJ3ZCoIonJ3cXV1cpVko4w4dp33dyoIMSw4dH3wZSoIonN3bGVjdCosopFkZCoIMSw4ZWR1dCoIMSw4ciVhcpN2oj24MSosonN1epU4O4o4LCJzbgJ0bG3zdCoIojM4LCJvcHR1bia4Ons4bgB0XgRmcGU4O4JkYXRhbG3zdCosopxvbitlcF9xdWVyeSoIokR1ciF4bGVkOkR1ciF4bGVkfEVuYWJsZWQIRWmhYpx3ZCosopxvbitlcF90YWJsZSoIo4osopxvbitlcF9rZXk4O4o4LCJsbi9rdXBfdpFsdWU4O4o4LCJ1cl9kZXB3bpR3bpNmoj1pYWxzZSw46XNfbXVsdG3wbGU4OpZhbHN3LCJsbi9rdXBfZGVwZWmkZWmjeV9rZXk4O4o4LCJwYXR2XgRvXgVwbG9hZCoIo4osonVwbG9hZF90eXB3oj1pYWxzZSw4cpVz6X13Xgd1ZHR2oj24o4w4cpVz6X13Xih36Wd2dCoIo4osonRvbix06XA4O4o4LCJhdHRy6WJldGU4O4o4LCJ3eHR3bpRfYixhcgM4O4o4fX0seyJp6WVsZCoIonR4XgBhZiVfZp3sZV9wYWd3SWQ4LCJhbG3hcyoIonR4XgBhZiVfZp3sZSosopxhbpdlYWd3oj1bXSw4bGF4ZWw4O4JG6Wx3oFBhZiVJZCosopZvcplfZgJvdXA4O4o4LCJyZXFl6XJ3ZCoIonJ3cXV1cpVko4w4dp33dyoIMSw4dH3wZSoIonN3bGVjdCosopFkZCoIMSw4ci3IZSoIojA4LCJ3ZG30oj2xLCJzZWFyYi54O4oxo4w4ci9ydGx1cgQ4O4o0o4w4bgB06W9uoj17op9wdF90eXB3oj24ZXh0ZXJuYWw4LCJsbi9rdXBfcXV3cnk4O4o4LCJsbi9rdXBfdGF4bGU4O4J0Y39wYWd3cyosopxvbitlcF9rZXk4O4JwYWd3SUQ4LCJsbi9rdXBfdpFsdWU4O4J06XRsZSosop3zXiR3cGVuZGVuYgk4O4o4LCJ1cl9tdWx06XBsZSoIo4osopxvbitlcF9kZXB3bpR3bpNmXit3eSoIo4osonBhdGhfdG9fdXBsbiFkoj24o4w4cpVz6X13Xgd1ZHR2oj24o4w4cpVz6X13Xih36Wd2dCoIo4osonVwbG9hZF90eXB3oj24o4w4dG9vbHR1cCoIo4osopF0dHJ1YnV0ZSoIo4osopVadGVuZF9jbGFzcyoIo4J9fSx7opZ1ZWxkoj24dGJfcGFnZV9p6Wx3XiNyZWF0ZWRfZGF0ZSosopFs6WFzoj24dGJfcGFnZV9p6Wx3o4w4bGFuZgVhZiU4O3tdLCJsYWJ3bCoIokZ1bGU5QgJ3YXR3ZCBEYXR3o4w4Zp9ybV9ncp9lcCoIo4osonJ3cXV1cpVkoj24MCosonZ1ZXc4OjEsonRmcGU4O4J0ZXh0XiRhdGV06Wl3o4w4YWRkoj2xLCJz6X13oj24MCosopVk6XQ4OjEsonN3YXJj6CoIojE4LCJzbgJ0bG3zdCoIojU4LCJvcHR1bia4Ons4bgB0XgRmcGU4O4o4LCJsbi9rdXBfcXV3cnk4O4o4LCJsbi9rdXBfdGF4bGU4O4o4LCJsbi9rdXBf6iVmoj24o4w4bG9v6gVwXgZhbHV3oj24o4w46XNfZGVwZWmkZWmjeSoIo4osop3zXillbHR1cGx3oj24o4w4bG9v6gVwXiR3cGVuZGVuYg3f6iVmoj24o4w4cGF06F90bl9lcGxvYWQ4O4o4LCJyZXN1epVfdi3kdG54O4o4LCJyZXN1epVf6GV1Zih0oj24o4w4dXBsbiFkXgRmcGU4O4o4LCJ0bi9sdG3woj24o4w4YXR0cp34dXR3oj24o4w4ZXh0ZWmkXiNsYXNzoj24onl9LHs4Zp33bGQ4O4J0Y39wYWd3XiZ1bGVfdXBkYXR3ZF9kYXR3o4w4YWx1YXM4O4J0Y39wYWd3XiZ1bGU4LCJsYWmndWFnZSoIWl0sopxhYpVsoj24Rp3sZSBVcGRhdGVkoERhdGU4LCJpbgJtXidybgVwoj24o4w4cpVxdW3yZWQ4O4owo4w4dp33dyoIMSw4dH3wZSoIonR3eHRfZGF0ZXR1bWU4LCJhZGQ4OjEsonN1epU4O4owo4w4ZWR1dCoIMSw4ciVhcpN2oj24MSosonNvcnRs6XN0oj24N4osop9wdG3vb4oIeyJvcHRfdH3wZSoIo4osopxvbitlcF9xdWVyeSoIo4osopxvbitlcF90YWJsZSoIo4osopxvbitlcF9rZXk4O4o4LCJsbi9rdXBfdpFsdWU4O4o4LCJ1cl9kZXB3bpR3bpNmoj24o4w46XNfbXVsdG3wbGU4O4o4LCJsbi9rdXBfZGVwZWmkZWmjeV9rZXk4O4o4LCJwYXR2XgRvXgVwbG9hZCoIo4osonJ3ci3IZV9g6WR06CoIo4osonJ3ci3IZV92ZW3n6HQ4O4o4LCJlcGxvYWRfdH3wZSoIo4osonRvbix06XA4O4o4LCJhdHRy6WJldGU4O4o4LCJ3eHR3bpRfYixhcgM4O4o4fX0seyJp6WVsZCoIonR2XgBhZiVfZp3sZV9k6XNwbGFmXgRmcGU4LCJhbG3hcyoIonR4XgBhZiVfZp3sZSosopxhYpVsoj24Rp3sZSBE6XNwbGFmoFRmcGU4LCJpbgJtXidybgVwoj24o4w4cpVxdW3yZWQ4O4owo4w4dp33dyoIMSw4dH3wZSoIonN3bGVjdCosopFkZCoIMSw4ZWR1dCoIMSw4ciVhcpN2oj24MSosonN1epU4O4o4LCJzbgJ0bG3zdCoIojc4LCJvcHR1bia4Ons4bgB0XgRmcGU4O4JkYXRhbG3zdCosopxvbitlcF9xdWVyeSoIokm3dyBX6WmkbgcITpVgoFd1bpRvdgxPcGVuoFBvcHVwOk9wZWa5UG9wdXB8UiFtZSBX6WmkbgcIUiFtZSBX6Wmkbgc4LCJsbi9rdXBfdGF4bGU4O4o4LCJsbi9rdXBf6iVmoj24o4w4bG9v6gVwXgZhbHV3oj24o4w46XNfZGVwZWmkZWmjeSoIZpFsciUsop3zXillbHR1cGx3oj1pYWxzZSw4bG9v6gVwXiR3cGVuZGVuYg3f6iVmoj24o4w4cGF06F90bl9lcGxvYWQ4O4o4LCJlcGxvYWRfdH3wZSoIZpFsciUsonJ3ci3IZV9g6WR06CoIo4osonJ3ci3IZV92ZW3n6HQ4O4o4LCJ0bi9sdG3woj24o4w4YXR0cp34dXR3oj24o4w4ZXh0ZWmkXiNsYXNzoj24onl9XX0=',	NULL),
(62,	'pageimage',	'Page Image',	'Page Image',	NULL,	'2016-09-20 13:55:07',	NULL,	'tb_page_image',	'tb_page_image_id',	'addon',	'eyJzcWxfciVsZWN0oj24oFNFTEVDVCB0Y39wYWd3Xi3tYWd3L425R3JPTSB0Y39wYWd3Xi3tYWd3oCosonNxbF9g6GVyZSoIo4BXSEVSRSB0Y39wYWd3Xi3tYWd3LnR4XgBhZiVf6WlhZiVf6WQ5SVM5Tk9UoEmVTEw4LCJzcWxfZgJvdXA4O4o4LCJ0YWJsZV9kY4oIonR4XgBhZiVf6WlhZiU4LCJwcp3tYXJmXit3eSoIonR4XgBhZiVf6WlhZiVf6WQ4LCJncp3koj1beyJp6WVsZCoIonR4XgBhZiVf6WlhZiVf6WQ4LCJhbG3hcyoIonR4XgBhZiVf6WlhZiU4LCJsYWJ3bCoIo3R4oFBhZiU5SWlhZiU5SWQ4LCJsYWmndWFnZSoIWl0sonN3YXJj6CoIojE4LCJkbgdubG9hZCoIojE4LCJhbG3nb4oIopx3ZnQ4LCJi6WVgoj24MSosopR3dGF1bCoIojE4LCJzbgJ0YWJsZSoIojE4LCJpcp9IZWa4O4owo4w46G3kZGVuoj24MCosonNvcnRs6XN0oj2wLCJg6WR06CoIojEwMCosopNvbpa4Ons4dpFs6WQ4O4owo4w4ZGo4O4o4LCJrZXk4O4o4LCJk6XNwbGFmoj24on0sopF0dHJ1YnV0ZSoIeyJ2eXB3cpx1bps4Ons4YWN06XZ3oj24MCosopx1bps4O4o4LCJ0YXJnZXQ4O4o4LCJ2dGlsoj24on0sop3tYWd3oj17opFjdG3iZSoIojA4LCJwYXR2oj24o4w4ci3IZV9aoj24o4w4ci3IZV9moj24o4w46HRtbCoIo4J9fX0seyJp6WVsZCoIonR4XgBhZiVf6WlhZiVfdG30bGU4LCJhbG3hcyoIonR4XgBhZiVf6WlhZiU4LCJsYWJ3bCoIo3R4oFBhZiU5SWlhZiU5VG30bGU4LCJsYWmndWFnZSoIWl0sonN3YXJj6CoIojE4LCJkbgdubG9hZCoIojE4LCJhbG3nb4oIopx3ZnQ4LCJi6WVgoj24MSosopR3dGF1bCoIojE4LCJzbgJ0YWJsZSoIojE4LCJpcp9IZWa4O4owo4w46G3kZGVuoj24MCosonNvcnRs6XN0oj2xLCJg6WR06CoIojEwMCosopNvbpa4Ons4dpFs6WQ4O4owo4w4ZGo4O4o4LCJrZXk4O4o4LCJk6XNwbGFmoj24on0sopF0dHJ1YnV0ZSoIeyJ2eXB3cpx1bps4Ons4YWN06XZ3oj24MCosopx1bps4O4o4LCJ0YXJnZXQ4O4o4LCJ2dGlsoj24on0sop3tYWd3oj17opFjdG3iZSoIojA4LCJwYXR2oj24o4w4ci3IZV9aoj24o4w4ci3IZV9moj24o4w46HRtbCoIo4J9fX0seyJp6WVsZCoIonR4XgBhZiVf6WlhZiVfcGF06CosopFs6WFzoj24dGJfcGFnZV91bWFnZSosopxhYpVsoj24VGo5UGFnZSBJbWFnZSBQYXR2o4w4bGFuZgVhZiU4O3tdLCJzZWFyYi54O4oxo4w4ZG9gbpxvYWQ4O4oxo4w4YWx1Zia4O4JsZWZ0o4w4dp33dyoIojE4LCJkZXRh6Ww4O4oxo4w4ci9ydGF4bGU4O4oxo4w4ZnJvepVuoj24MCosoph1ZGR3b4oIojA4LCJzbgJ0bG3zdCoIM4w4di3kdG54O4oxMDA4LCJjbimuoj17onZhbG3koj24MCosopR4oj24o4w46iVmoj24o4w4ZG3zcGxheSoIo4J9LCJhdHRy6WJldGU4Ons46H3wZXJs6Wmroj17opFjdG3iZSoIojA4LCJs6Wmroj24o4w4dGFyZiV0oj24o4w46HRtbCoIo4J9LCJ1bWFnZSoIeyJhYgR1dpU4O4owo4w4cGF06CoIo4osonN1epVfeCoIo4osonN1epVfeSoIo4osoph0bWw4O4o4fXl9LHs4Zp33bGQ4O4J0Y39wYWd3Xi3tYWd3XgN0YXRlcyosopFs6WFzoj24dGJfcGFnZV91bWFnZSosopxhYpVsoj24VGo5UGFnZSBJbWFnZSBTdGF0dXM4LCJsYWmndWFnZSoIWl0sonN3YXJj6CoIojE4LCJkbgdubG9hZCoIojE4LCJhbG3nb4oIopx3ZnQ4LCJi6WVgoj24MSosopR3dGF1bCoIojE4LCJzbgJ0YWJsZSoIojE4LCJpcp9IZWa4O4owo4w46G3kZGVuoj24MCosonNvcnRs6XN0oj2zLCJg6WR06CoIojEwMCosopNvbpa4Ons4dpFs6WQ4O4owo4w4ZGo4O4o4LCJrZXk4O4o4LCJk6XNwbGFmoj24on0sopF0dHJ1YnV0ZSoIeyJ2eXB3cpx1bps4Ons4YWN06XZ3oj24MCosopx1bps4O4o4LCJ0YXJnZXQ4O4o4LCJ2dGlsoj24on0sop3tYWd3oj17opFjdG3iZSoIojA4LCJwYXR2oj24o4w4ci3IZV9aoj24o4w4ci3IZV9moj24o4w46HRtbCoIo4J9fX0seyJp6WVsZCoIonR4XgBhZiVf6WlhZiVfcGFnZU3ko4w4YWx1YXM4O4J0Y39wYWd3Xi3tYWd3o4w4bGF4ZWw4O4JUY4BQYWd3oE3tYWd3oFBhZiVJZCosopxhbpdlYWd3oj1bXSw4ciVhcpN2oj24MSosopRvdimsbiFkoj24MSosopFs6Wduoj24bGVpdCosonZ1ZXc4O4oxo4w4ZGV0YW3soj24MSosonNvcnRhYpx3oj24MSosopZybg13b4oIojA4LCJ26WRkZWa4O4owo4w4ci9ydGx1cgQ4OjQsond1ZHR2oj24MTAwo4w4Yi9ub4oIeyJiYWx1ZCoIojA4LCJkY4oIo4osopt3eSoIo4osopR1cgBsYXk4O4o4fSw4YXR0cp34dXR3oj17ophmcGVybG3u6yoIeyJhYgR1dpU4O4owo4w4bG3u6yoIo4osonRhcpd3dCoIo4osoph0bWw4O4o4fSw46WlhZiU4Ons4YWN06XZ3oj24MCosonBhdG54O4o4LCJz6X13Xg54O4o4LCJz6X13Xgk4O4o4LCJ2dGlsoj24onl9fSx7opZ1ZWxkoj24dGJfcGFnZV91bWFnZV9jcpVhdGVkXiRhdGU4LCJhbG3hcyoIonR4XgBhZiVf6WlhZiU4LCJsYWJ3bCoIo3R4oFBhZiU5SWlhZiU5QgJ3YXR3ZCBEYXR3o4w4bGFuZgVhZiU4O3tdLCJzZWFyYi54O4oxo4w4ZG9gbpxvYWQ4O4oxo4w4YWx1Zia4O4JsZWZ0o4w4dp33dyoIojE4LCJkZXRh6Ww4O4oxo4w4ci9ydGF4bGU4O4oxo4w4ZnJvepVuoj24MCosoph1ZGR3b4oIojA4LCJzbgJ0bG3zdCoINSw4di3kdG54O4oxMDA4LCJjbimuoj17onZhbG3koj24MCosopR4oj24o4w46iVmoj24o4w4ZG3zcGxheSoIo4J9LCJhdHRy6WJldGU4Ons46H3wZXJs6Wmroj17opFjdG3iZSoIojA4LCJs6Wmroj24o4w4dGFyZiV0oj24o4w46HRtbCoIo4J9LCJ1bWFnZSoIeyJhYgR1dpU4O4owo4w4cGF06CoIo4osonN1epVfeCoIo4osonN1epVfeSoIo4osoph0bWw4O4o4fXl9LHs4Zp33bGQ4O4J0Y39wYWd3Xi3tYWd3XgVwZGF0ZWRfZGF0ZSosopFs6WFzoj24dGJfcGFnZV91bWFnZSosopxhYpVsoj24VGo5UGFnZSBJbWFnZSBVcGRhdGVkoERhdGU4LCJsYWmndWFnZSoIWl0sonN3YXJj6CoIojE4LCJkbgdubG9hZCoIojE4LCJhbG3nb4oIopx3ZnQ4LCJi6WVgoj24MSosopR3dGF1bCoIojE4LCJzbgJ0YWJsZSoIojE4LCJpcp9IZWa4O4owo4w46G3kZGVuoj24MCosonNvcnRs6XN0oj2iLCJg6WR06CoIojEwMCosopNvbpa4Ons4dpFs6WQ4O4owo4w4ZGo4O4o4LCJrZXk4O4o4LCJk6XNwbGFmoj24on0sopF0dHJ1YnV0ZSoIeyJ2eXB3cpx1bps4Ons4YWN06XZ3oj24MCosopx1bps4O4o4LCJ0YXJnZXQ4O4o4LCJ2dGlsoj24on0sop3tYWd3oj17opFjdG3iZSoIojA4LCJwYXR2oj24o4w4ci3IZV9aoj24o4w4ci3IZV9moj24o4w46HRtbCoIo4J9fX0seyJp6WVsZCoIonR2XgBhZiVf6WlhZiVfZG3zcGxheV90eXB3o4w4YWx1YXM4O4J0Y39wYWd3Xi3tYWd3o4w4bGF4ZWw4O4JU6CBQYWd3oE3tYWd3oER1cgBsYXk5VH3wZSosopxhbpdlYWd3oj1bXSw4ciVhcpN2oj24MSosopRvdimsbiFkoj24MSosopFs6Wduoj24bGVpdCosonZ1ZXc4O4oxo4w4ZGV0YW3soj24MSosonNvcnRhYpx3oj24MSosopZybg13b4oIojA4LCJ26WRkZWa4O4owo4w4ci9ydGx1cgQ4Ojcsond1ZHR2oj24MTAwo4w4Yi9ub4oIeyJiYWx1ZCoIojA4LCJkY4oIo4osopt3eSoIo4osopR1cgBsYXk4O4o4fSw4YXR0cp34dXR3oj17ophmcGVybG3u6yoIeyJhYgR1dpU4O4owo4w4bG3u6yoIo4osonRhcpd3dCoIo4osoph0bWw4O4o4fSw46WlhZiU4Ons4YWN06XZ3oj24MCosonBhdG54O4o4LCJz6X13Xg54O4o4LCJz6X13Xgk4O4o4LCJ2dGlsoj24onl9fV0sopZvcplzoj1beyJp6WVsZCoIonR4XgBhZiVf6WlhZiVf6WQ4LCJhbG3hcyoIonR4XgBhZiVf6WlhZiU4LCJsYWmndWFnZSoIWl0sopxhYpVsoj24SWQ4LCJpbgJtXidybgVwoj24o4w4cpVxdW3yZWQ4O4owo4w4dp33dyoIMCw4dH3wZSoIoph1ZGR3b4osopFkZCoIMSw4ci3IZSoIojA4LCJ3ZG30oj2xLCJzZWFyYi54OjAsonNvcnRs6XN0oj24MCosop9wdG3vb4oIeyJvcHRfdH3wZSoIo4osopxvbitlcF9xdWVyeSoIo4osopxvbitlcF90YWJsZSoIo4osopxvbitlcF9rZXk4O4o4LCJsbi9rdXBfdpFsdWU4O4o4LCJ1cl9kZXB3bpR3bpNmoj24o4w46XNfbXVsdG3wbGU4O4o4LCJsbi9rdXBfZGVwZWmkZWmjeV9rZXk4O4o4LCJwYXR2XgRvXgVwbG9hZCoIo4osonJ3ci3IZV9g6WR06CoIo4osonJ3ci3IZV92ZW3n6HQ4O4o4LCJlcGxvYWRfdH3wZSoIo4osonRvbix06XA4O4o4LCJhdHRy6WJldGU4O4o4LCJ3eHR3bpRfYixhcgM4O4o4fX0seyJp6WVsZCoIonR4XgBhZiVf6WlhZiVfdG30bGU4LCJhbG3hcyoIonR4XgBhZiVf6WlhZiU4LCJsYWmndWFnZSoIWl0sopxhYpVsoj24VG30bGU4LCJpbgJtXidybgVwoj24o4w4cpVxdW3yZWQ4O4JyZXFl6XJ3ZCosonZ1ZXc4OjEsonRmcGU4O4J0ZXh0o4w4YWRkoj2xLCJz6X13oj24MCosopVk6XQ4OjEsonN3YXJj6CoIojE4LCJzbgJ0bG3zdCoIojE4LCJvcHR1bia4Ons4bgB0XgRmcGU4O4o4LCJsbi9rdXBfcXV3cnk4O4o4LCJsbi9rdXBfdGF4bGU4O4o4LCJsbi9rdXBf6iVmoj24o4w4bG9v6gVwXgZhbHV3oj24o4w46XNfZGVwZWmkZWmjeSoIo4osop3zXillbHR1cGx3oj24o4w4bG9v6gVwXiR3cGVuZGVuYg3f6iVmoj24o4w4cGF06F90bl9lcGxvYWQ4O4o4LCJyZXN1epVfdi3kdG54O4o4LCJyZXN1epVf6GV1Zih0oj24o4w4dXBsbiFkXgRmcGU4O4o4LCJ0bi9sdG3woj24o4w4YXR0cp34dXR3oj24o4w4ZXh0ZWmkXiNsYXNzoj24onl9LHs4Zp33bGQ4O4J0Y39wYWd3Xi3tYWd3XgBhdG54LCJhbG3hcyoIonR4XgBhZiVf6WlhZiU4LCJsYWmndWFnZSoIWl0sopxhYpVsoj24UGF06CosopZvcplfZgJvdXA4O4o4LCJyZXFl6XJ3ZCoIojA4LCJi6WVgoj2xLCJ0eXB3oj24Zp3sZSosopFkZCoIMSw4ci3IZSoIojA4LCJ3ZG30oj2xLCJzZWFyYi54O4oxo4w4ci9ydGx1cgQ4O4oyo4w4bgB06W9uoj17op9wdF90eXB3oj24o4w4bG9v6gVwXgFlZXJmoj24o4w4bG9v6gVwXgRhYpx3oj24o4w4bG9v6gVwXit3eSoIo4osopxvbitlcF9iYWxlZSoIo4osop3zXiR3cGVuZGVuYgk4O4o4LCJ1cl9tdWx06XBsZSoIo4osopxvbitlcF9kZXB3bpR3bpNmXit3eSoIo4osonBhdGhfdG9fdXBsbiFkoj24XC9lcGxvYWRzXC91bWFnZVwvo4w4cpVz6X13Xgd1ZHR2oj24o4w4cpVz6X13Xih36Wd2dCoIo4osonVwbG9hZF90eXB3oj246WlhZiU4LCJ0bi9sdG3woj24o4w4YXR0cp34dXR3oj24o4w4ZXh0ZWmkXiNsYXNzoj24onl9LHs4Zp33bGQ4O4J0Y39wYWd3Xi3tYWd3XgN0YXRlcyosopFs6WFzoj24dGJfcGFnZV91bWFnZSosopxhbpdlYWd3oj1bXSw4bGF4ZWw4O4JTdGF0dXM4LCJpbgJtXidybgVwoj24o4w4cpVxdW3yZWQ4O4JyZXFl6XJ3ZCosonZ1ZXc4OjEsonRmcGU4O4JzZWx3YgQ4LCJhZGQ4OjEsonN1epU4O4owo4w4ZWR1dCoIMSw4ciVhcpN2oj24MSosonNvcnRs6XN0oj24Myosop9wdG3vb4oIeyJvcHRfdH3wZSoIopRhdGFs6XN0o4w4bG9v6gVwXgFlZXJmoj24RG3zYWJsZWQIRG3zYWJsZWR8RWmhYpx3ZD1FbpF4bGVko4w4bG9v6gVwXgRhYpx3oj24o4w4bG9v6gVwXit3eSoIo4osopxvbitlcF9iYWxlZSoIo4osop3zXiR3cGVuZGVuYgk4O4o4LCJ1cl9tdWx06XBsZSoIo4osopxvbitlcF9kZXB3bpR3bpNmXit3eSoIo4osonBhdGhfdG9fdXBsbiFkoj24o4w4cpVz6X13Xgd1ZHR2oj24o4w4cpVz6X13Xih36Wd2dCoIo4osonVwbG9hZF90eXB3oj24o4w4dG9vbHR1cCoIo4osopF0dHJ1YnV0ZSoIo4osopVadGVuZF9jbGFzcyoIo4J9fSx7opZ1ZWxkoj24dGJfcGFnZV91bWFnZV9wYWd3SWQ4LCJhbG3hcyoIonR4XgBhZiVf6WlhZiU4LCJsYWmndWFnZSoIWl0sopxhYpVsoj24UGFnZU3ko4w4Zp9ybV9ncp9lcCoIo4osonJ3cXV1cpVkoj24cpVxdW3yZWQ4LCJi6WVgoj2xLCJ0eXB3oj24ciVsZWN0o4w4YWRkoj2xLCJz6X13oj24MCosopVk6XQ4OjEsonN3YXJj6CoIojE4LCJzbgJ0bG3zdCoIojQ4LCJvcHR1bia4Ons4bgB0XgRmcGU4O4J3eHR3cpmhbCosopxvbitlcF9xdWVyeSoIo4osopxvbitlcF90YWJsZSoIonR4XgBhZiVzo4w4bG9v6gVwXit3eSoIonBhZiVJRCosopxvbitlcF9iYWxlZSoIonR1dGx3o4w46XNfZGVwZWmkZWmjeSoIo4osop3zXillbHR1cGx3oj24o4w4bG9v6gVwXiR3cGVuZGVuYg3f6iVmoj24o4w4cGF06F90bl9lcGxvYWQ4O4o4LCJyZXN1epVfdi3kdG54O4o4LCJyZXN1epVf6GV1Zih0oj24o4w4dXBsbiFkXgRmcGU4O4o4LCJ0bi9sdG3woj24o4w4YXR0cp34dXR3oj24o4w4ZXh0ZWmkXiNsYXNzoj24onl9LHs4Zp33bGQ4O4J0Y39wYWd3Xi3tYWd3XiNyZWF0ZWRfZGF0ZSosopFs6WFzoj24dGJfcGFnZV91bWFnZSosopxhbpdlYWd3oj1bXSw4bGF4ZWw4O4JDcpVhdGVkoERhdGU4LCJpbgJtXidybgVwoj24o4w4cpVxdW3yZWQ4O4owo4w4dp33dyoIMCw4dH3wZSoIonR3eHRfZGF0ZXR1bWU4LCJhZGQ4OjEsonN1epU4O4owo4w4ZWR1dCoIMSw4ciVhcpN2oj2wLCJzbgJ0bG3zdCoIojU4LCJvcHR1bia4Ons4bgB0XgRmcGU4O4o4LCJsbi9rdXBfcXV3cnk4O4o4LCJsbi9rdXBfdGF4bGU4O4o4LCJsbi9rdXBf6iVmoj24o4w4bG9v6gVwXgZhbHV3oj24o4w46XNfZGVwZWmkZWmjeSoIo4osop3zXillbHR1cGx3oj24o4w4bG9v6gVwXiR3cGVuZGVuYg3f6iVmoj24o4w4cGF06F90bl9lcGxvYWQ4O4o4LCJyZXN1epVfdi3kdG54O4o4LCJyZXN1epVf6GV1Zih0oj24o4w4dXBsbiFkXgRmcGU4O4o4LCJ0bi9sdG3woj24o4w4YXR0cp34dXR3oj24o4w4ZXh0ZWmkXiNsYXNzoj24onl9LHs4Zp33bGQ4O4J0Y39wYWd3Xi3tYWd3XgVwZGF0ZWRfZGF0ZSosopFs6WFzoj24dGJfcGFnZV91bWFnZSosopxhbpdlYWd3oj1bXSw4bGF4ZWw4O4JVcGRhdGVkoERhdGU4LCJpbgJtXidybgVwoj24o4w4cpVxdW3yZWQ4O4owo4w4dp33dyoIMCw4dH3wZSoIonR3eHRfZGF0ZXR1bWU4LCJhZGQ4OjEsonN1epU4O4owo4w4ZWR1dCoIMSw4ciVhcpN2oj2wLCJzbgJ0bG3zdCoIojY4LCJvcHR1bia4Ons4bgB0XgRmcGU4O4o4LCJsbi9rdXBfcXV3cnk4O4o4LCJsbi9rdXBfdGF4bGU4O4o4LCJsbi9rdXBf6iVmoj24o4w4bG9v6gVwXgZhbHV3oj24o4w46XNfZGVwZWmkZWmjeSoIo4osop3zXillbHR1cGx3oj24o4w4bG9v6gVwXiR3cGVuZGVuYg3f6iVmoj24o4w4cGF06F90bl9lcGxvYWQ4O4o4LCJyZXN1epVfdi3kdG54O4o4LCJyZXN1epVf6GV1Zih0oj24o4w4dXBsbiFkXgRmcGU4O4o4LCJ0bi9sdG3woj24o4w4YXR0cp34dXR3oj24o4w4ZXh0ZWmkXiNsYXNzoj24onl9LHs4Zp33bGQ4O4J06F9wYWd3Xi3tYWd3XiR1cgBsYX3fdH3wZSosopFs6WFzoj24dGJfcGFnZV91bWFnZSosopxhbpdlYWd3oj1bXSw4bGF4ZWw4O4JE6XNwbGFmoFRmcGU4LCJpbgJtXidybgVwoj24o4w4cpVxdW3yZWQ4O4JyZXFl6XJ3ZCosonZ1ZXc4OjEsonRmcGU4O4JzZWx3YgQ4LCJhZGQ4OjEsonN1epU4O4owo4w4ZWR1dCoIMSw4ciVhcpN2oj24MSosonNvcnRs6XN0oj24Nyosop9wdG3vb4oIeyJvcHRfdH3wZSoIopRhdGFs6XN0o4w4bG9v6gVwXgFlZXJmoj24TpVgoFd1bpRvdz1OZXc5Vi3uZG9gfE9wZWa5UG9wdXAITgB3b4BQbgBlcHxTYWl3oFd1bpRvdz1TYWl3oFd1bpRvdyosopxvbitlcF90YWJsZSoIo4osopxvbitlcF9rZXk4O4o4LCJsbi9rdXBfdpFsdWU4O4o4LCJ1cl9kZXB3bpR3bpNmoj24o4w46XNfbXVsdG3wbGU4O4o4LCJsbi9rdXBfZGVwZWmkZWmjeV9rZXk4O4o4LCJwYXR2XgRvXgVwbG9hZCoIo4osonJ3ci3IZV9g6WR06CoIo4osonJ3ci3IZV92ZW3n6HQ4O4o4LCJlcGxvYWRfdH3wZSoIo4osonRvbix06XA4O4o4LCJhdHRy6WJldGU4O4o4LCJ3eHR3bpRfYixhcgM4O4o4fXldfQ==',	NULL),
(63,	'pagetext',	'Page Text',	'Page Text',	NULL,	'2016-09-20 14:28:33',	NULL,	'tb_page_text',	'tb_page_text_id',	'addon',	'eyJzcWxfciVsZWN0oj24oFNFTEVDVCB0Y39wYWd3XgR3eHQuK4BGUk9NoHR4XgBhZiVfdGVadCA4LCJzcWxfdih3cpU4O4o5V0hFUkU5dGJfcGFnZV90ZXh0LnR4XgBhZiVfdGVadF91ZCBJUyBOTlQ5T3VMTCosonNxbF9ncp9lcCoIo4osonRhYpx3XiR4oj24dGJfcGFnZV90ZXh0o4w4cHJ1bWFyeV9rZXk4O4J0Y39wYWd3XgR3eHRf6WQ4LCJncp3koj1beyJp6WVsZCoIonR4XgBhZiVfdGVadF91ZCosopFs6WFzoj24dGJfcGFnZV90ZXh0o4w4bGFuZgVhZiU4O3tdLCJsYWJ3bCoIok3ko4w4dp33dyoIMSw4ZGV0YW3soj2xLCJzbgJ0YWJsZSoIMSw4ciVhcpN2oj2xLCJkbgdubG9hZCoIMSw4ZnJvepVuoj2xLCJg6WR06CoIojEwMCosopFs6Wduoj24bGVpdCosonNvcnRs6XN0oj24MCosopNvbpa4Ons4dpFs6WQ4O4owo4w4ZGo4O4o4LCJrZXk4O4o4LCJk6XNwbGFmoj24on0sopF0dHJ1YnV0ZSoIeyJ2eXB3cpx1bps4Ons4YWN06XZ3oj2xLCJs6Wmroj24o4w4dGFyZiV0oj24o4w46HRtbCoIo4J9LCJ1bWFnZSoIeyJhYgR1dpU4OjAsonBhdG54O4o4LCJz6X13Xg54O4o4LCJz6X13Xgk4O4o4LCJ2dGlsoj24onl9fSx7opZ1ZWxkoj24dGJfcGFnZV90ZXh0XgR1dGx3o4w4YWx1YXM4O4J0Y39wYWd3XgR3eHQ4LCJsYWmndWFnZSoIWl0sopxhYpVsoj24VG30bGU4LCJi6WVgoj2xLCJkZXRh6Ww4OjEsonNvcnRhYpx3oj2xLCJzZWFyYi54OjEsopRvdimsbiFkoj2xLCJpcp9IZWa4OjEsond1ZHR2oj24MTAwo4w4YWx1Zia4O4JsZWZ0o4w4ci9ydGx1cgQ4O4oxo4w4Yi9ub4oIeyJiYWx1ZCoIojA4LCJkY4oIo4osopt3eSoIo4osopR1cgBsYXk4O4o4fSw4YXR0cp34dXR3oj17ophmcGVybG3u6yoIeyJhYgR1dpU4OjEsopx1bps4O4o4LCJ0YXJnZXQ4O4o4LCJ2dGlsoj24on0sop3tYWd3oj17opFjdG3iZSoIMCw4cGF06CoIo4osonN1epVfeCoIo4osonN1epVfeSoIo4osoph0bWw4O4o4fXl9LHs4Zp33bGQ4O4J0Y39wYWd3XgR3eHRfdGVadCosopFs6WFzoj24dGJfcGFnZV90ZXh0o4w4bGFuZgVhZiU4O3tdLCJsYWJ3bCoIo3R3eHQ4LCJi6WVgoj2xLCJkZXRh6Ww4OjEsonNvcnRhYpx3oj2xLCJzZWFyYi54OjEsopRvdimsbiFkoj2xLCJpcp9IZWa4OjEsond1ZHR2oj24MTAwo4w4YWx1Zia4O4JsZWZ0o4w4ci9ydGx1cgQ4O4oyo4w4Yi9ub4oIeyJiYWx1ZCoIojA4LCJkY4oIo4osopt3eSoIo4osopR1cgBsYXk4O4o4fSw4YXR0cp34dXR3oj17ophmcGVybG3u6yoIeyJhYgR1dpU4OjEsopx1bps4O4o4LCJ0YXJnZXQ4O4o4LCJ2dGlsoj24on0sop3tYWd3oj17opFjdG3iZSoIMCw4cGF06CoIo4osonN1epVfeCoIo4osonN1epVfeSoIo4osoph0bWw4O4o4fXl9LHs4Zp33bGQ4O4J0Y39wYWd3XgR3eHRfcgRhdHVzo4w4YWx1YXM4O4J0Y39wYWd3XgR3eHQ4LCJsYWmndWFnZSoIWl0sopxhYpVsoj24UgRhdHVzo4w4dp33dyoIMSw4ZGV0YW3soj2xLCJzbgJ0YWJsZSoIMSw4ciVhcpN2oj2xLCJkbgdubG9hZCoIMSw4ZnJvepVuoj2xLCJg6WR06CoIojEwMCosopFs6Wduoj24bGVpdCosonNvcnRs6XN0oj24MyosopNvbpa4Ons4dpFs6WQ4O4owo4w4ZGo4O4o4LCJrZXk4O4o4LCJk6XNwbGFmoj24on0sopF0dHJ1YnV0ZSoIeyJ2eXB3cpx1bps4Ons4YWN06XZ3oj2xLCJs6Wmroj24o4w4dGFyZiV0oj24o4w46HRtbCoIo4J9LCJ1bWFnZSoIeyJhYgR1dpU4OjAsonBhdG54O4o4LCJz6X13Xg54O4o4LCJz6X13Xgk4O4o4LCJ2dGlsoj24onl9fSx7opZ1ZWxkoj24dGJfcGFnZV90ZXh0XgBhZiVJZCosopFs6WFzoj24dGJfcGFnZV90ZXh0o4w4bGFuZgVhZiU4O3tdLCJsYWJ3bCoIo3BhZiU5TpFtZSosonZ1ZXc4OjEsopR3dGF1bCoIMSw4ci9ydGF4bGU4OjEsonN3YXJj6CoIMSw4ZG9gbpxvYWQ4OjEsopZybg13b4oIMSw4di3kdG54O4oxMDA4LCJhbG3nb4oIopx3ZnQ4LCJzbgJ0bG3zdCoIojQ4LCJjbimuoj17onZhbG3koj24MSosopR4oj24dGJfcGFnZXM4LCJrZXk4O4JwYWd3SUQ4LCJk6XNwbGFmoj24dG30bGU4fSw4YXR0cp34dXR3oj17ophmcGVybG3u6yoIeyJhYgR1dpU4OjEsopx1bps4O4o4LCJ0YXJnZXQ4O4o4LCJ2dGlsoj24on0sop3tYWd3oj17opFjdG3iZSoIMCw4cGF06CoIo4osonN1epVfeCoIo4osonN1epVfeSoIo4osoph0bWw4O4o4fXl9LHs4Zp33bGQ4O4J0Y39wYWd3XgR3eHRfYgJ3YXR3ZF9kYXR3o4w4YWx1YXM4O4J0Y39wYWd3XgR3eHQ4LCJsYWmndWFnZSoIWl0sopxhYpVsoj24QgJ3YXR3ZCBEYXR3o4w4dp33dyoIMSw4ZGV0YW3soj2xLCJzbgJ0YWJsZSoIMSw4ciVhcpN2oj2xLCJkbgdubG9hZCoIMSw4ZnJvepVuoj2xLCJg6WR06CoIojEwMCosopFs6Wduoj24bGVpdCosonNvcnRs6XN0oj24NSosopNvbpa4Ons4dpFs6WQ4O4owo4w4ZGo4O4o4LCJrZXk4O4o4LCJk6XNwbGFmoj24on0sopF0dHJ1YnV0ZSoIeyJ2eXB3cpx1bps4Ons4YWN06XZ3oj2xLCJs6Wmroj24o4w4dGFyZiV0oj24o4w46HRtbCoIo4J9LCJ1bWFnZSoIeyJhYgR1dpU4OjAsonBhdG54O4o4LCJz6X13Xg54O4o4LCJz6X13Xgk4O4o4LCJ2dGlsoj24onl9fSx7opZ1ZWxkoj24dGJfcGFnZV90ZXh0XgVwZGF0ZWRfZGF0ZSosopFs6WFzoj24dGJfcGFnZV90ZXh0o4w4bGFuZgVhZiU4O3tdLCJsYWJ3bCoIo3VwZGF0ZWQ5RGF0ZSosonZ1ZXc4OjEsopR3dGF1bCoIMSw4ci9ydGF4bGU4OjEsonN3YXJj6CoIMSw4ZG9gbpxvYWQ4OjEsopZybg13b4oIMSw4di3kdG54O4oxMDA4LCJhbG3nb4oIopx3ZnQ4LCJzbgJ0bG3zdCoIojY4LCJjbimuoj17onZhbG3koj24MCosopR4oj24o4w46iVmoj24o4w4ZG3zcGxheSoIo4J9LCJhdHRy6WJldGU4Ons46H3wZXJs6Wmroj17opFjdG3iZSoIMSw4bG3u6yoIo4osonRhcpd3dCoIo4osoph0bWw4O4o4fSw46WlhZiU4Ons4YWN06XZ3oj2wLCJwYXR2oj24o4w4ci3IZV9aoj24o4w4ci3IZV9moj24o4w46HRtbCoIo4J9fX0seyJp6WVsZCoIonR2XgBhZiVfdGVadF9k6XNwbGFmXgRmcGU4LCJhbG3hcyoIonR4XgBhZiVfdGVadCosopxhbpdlYWd3oj1bXSw4bGF4ZWw4O4JE6XNwbGFmoFRmcGU4LCJi6WVgoj2xLCJkZXRh6Ww4OjEsonNvcnRhYpx3oj2xLCJzZWFyYi54OjEsopRvdimsbiFkoj2xLCJpcp9IZWa4OjEsond1ZHR2oj24MTAwo4w4YWx1Zia4O4JsZWZ0o4w4ci9ydGx1cgQ4O4ogo4w4Yi9ub4oIeyJiYWx1ZCoIojA4LCJkY4oIo4osopt3eSoIo4osopR1cgBsYXk4O4o4fSw4YXR0cp34dXR3oj17ophmcGVybG3u6yoIeyJhYgR1dpU4OjEsopx1bps4O4o4LCJ0YXJnZXQ4O4o4LCJ2dGlsoj24on0sop3tYWd3oj17opFjdG3iZSoIMCw4cGF06CoIo4osonN1epVfeCoIo4osonN1epVfeSoIo4osoph0bWw4O4o4fXl9XSw4Zp9ybXM4O3t7opZ1ZWxkoj24dGJfcGFnZV90ZXh0Xi3ko4w4YWx1YXM4O4J0Y39wYWd3XgR3eHQ4LCJsYWmndWFnZSoIWl0sopxhYpVsoj24SWQ4LCJpbgJtXidybgVwoj24o4w4cpVxdW3yZWQ4O4owo4w4dp33dyoIMCw4dH3wZSoIoph1ZGR3b4osopFkZCoIMSw4ci3IZSoIojA4LCJ3ZG30oj2xLCJzZWFyYi54OjAsonNvcnRs6XN0oj24MCosop9wdG3vb4oIeyJvcHRfdH3wZSoIo4osopxvbitlcF9xdWVyeSoIo4osopxvbitlcF90YWJsZSoIo4osopxvbitlcF9rZXk4O4o4LCJsbi9rdXBfdpFsdWU4O4o4LCJ1cl9kZXB3bpR3bpNmoj24o4w46XNfbXVsdG3wbGU4O4o4LCJsbi9rdXBfZGVwZWmkZWmjeV9rZXk4O4o4LCJwYXR2XgRvXgVwbG9hZCoIo4osonJ3ci3IZV9g6WR06CoIo4osonJ3ci3IZV92ZW3n6HQ4O4o4LCJlcGxvYWRfdH3wZSoIo4osonRvbix06XA4O4o4LCJhdHRy6WJldGU4O4o4LCJ3eHR3bpRfYixhcgM4O4o4fX0seyJp6WVsZCoIonR4XgBhZiVfdGVadF906XRsZSosopFs6WFzoj24dGJfcGFnZV90ZXh0o4w4bGFuZgVhZiU4O3tdLCJsYWJ3bCoIo3R1dGx3o4w4Zp9ybV9ncp9lcCoIo4osonJ3cXV1cpVkoj24cpVxdW3yZWQ4LCJi6WVgoj2xLCJ0eXB3oj24dGVadCosopFkZCoIMSw4ci3IZSoIojA4LCJ3ZG30oj2xLCJzZWFyYi54O4oxo4w4ci9ydGx1cgQ4O4oxo4w4bgB06W9uoj17op9wdF90eXB3oj24o4w4bG9v6gVwXgFlZXJmoj24o4w4bG9v6gVwXgRhYpx3oj24o4w4bG9v6gVwXit3eSoIo4osopxvbitlcF9iYWxlZSoIo4osop3zXiR3cGVuZGVuYgk4O4o4LCJ1cl9tdWx06XBsZSoIo4osopxvbitlcF9kZXB3bpR3bpNmXit3eSoIo4osonBhdGhfdG9fdXBsbiFkoj24o4w4cpVz6X13Xgd1ZHR2oj24o4w4cpVz6X13Xih36Wd2dCoIo4osonVwbG9hZF90eXB3oj24o4w4dG9vbHR1cCoIo4osopF0dHJ1YnV0ZSoIo4osopVadGVuZF9jbGFzcyoIo4J9fSx7opZ1ZWxkoj24dGJfcGFnZV90ZXh0XgR3eHQ4LCJhbG3hcyoIonR4XgBhZiVfdGVadCosopxhbpdlYWd3oj1bXSw4bGF4ZWw4O4JUZXh0o4w4Zp9ybV9ncp9lcCoIo4osonJ3cXV1cpVkoj24cpVxdW3yZWQ4LCJi6WVgoj2xLCJ0eXB3oj24dGVadGFyZWFfZWR1dG9yo4w4YWRkoj2xLCJz6X13oj24MCosopVk6XQ4OjEsonN3YXJj6CoIojE4LCJzbgJ0bG3zdCoIojo4LCJvcHR1bia4Ons4bgB0XgRmcGU4O4o4LCJsbi9rdXBfcXV3cnk4O4o4LCJsbi9rdXBfdGF4bGU4O4o4LCJsbi9rdXBf6iVmoj24o4w4bG9v6gVwXgZhbHV3oj24o4w46XNfZGVwZWmkZWmjeSoIo4osop3zXillbHR1cGx3oj24o4w4bG9v6gVwXiR3cGVuZGVuYg3f6iVmoj24o4w4cGF06F90bl9lcGxvYWQ4O4o4LCJyZXN1epVfdi3kdG54O4o4LCJyZXN1epVf6GV1Zih0oj24o4w4dXBsbiFkXgRmcGU4O4o4LCJ0bi9sdG3woj24o4w4YXR0cp34dXR3oj24o4w4ZXh0ZWmkXiNsYXNzoj24onl9LHs4Zp33bGQ4O4J0Y39wYWd3XgR3eHRfcgRhdHVzo4w4YWx1YXM4O4J0Y39wYWd3XgR3eHQ4LCJsYWmndWFnZSoIWl0sopxhYpVsoj24UgRhdHVzo4w4Zp9ybV9ncp9lcCoIo4osonJ3cXV1cpVkoj24cpVxdW3yZWQ4LCJi6WVgoj2xLCJ0eXB3oj24ciVsZWN0o4w4YWRkoj2xLCJz6X13oj24MCosopVk6XQ4OjEsonN3YXJj6CoIojE4LCJzbgJ0bG3zdCoIojM4LCJvcHR1bia4Ons4bgB0XgRmcGU4O4JkYXRhbG3zdCosopxvbitlcF9xdWVyeSoIokR1ciF4bGVkOkR1ciF4bGVkfEVuYWJsZWQIRWmhYpx3ZCosopxvbitlcF90YWJsZSoIo4osopxvbitlcF9rZXk4O4o4LCJsbi9rdXBfdpFsdWU4O4o4LCJ1cl9kZXB3bpR3bpNmoj24o4w46XNfbXVsdG3wbGU4O4o4LCJsbi9rdXBfZGVwZWmkZWmjeV9rZXk4O4o4LCJwYXR2XgRvXgVwbG9hZCoIo4osonJ3ci3IZV9g6WR06CoIo4osonJ3ci3IZV92ZW3n6HQ4O4o4LCJlcGxvYWRfdH3wZSoIo4osonRvbix06XA4O4o4LCJhdHRy6WJldGU4O4o4LCJ3eHR3bpRfYixhcgM4O4o4fX0seyJp6WVsZCoIonR4XgBhZiVfdGVadF9wYWd3SWQ4LCJhbG3hcyoIonR4XgBhZiVfdGVadCosopxhbpdlYWd3oj1bXSw4bGF4ZWw4O4JQYWd3oEmhbWU4LCJpbgJtXidybgVwoj24o4w4cpVxdW3yZWQ4O4JyZXFl6XJ3ZCosonZ1ZXc4OjEsonRmcGU4O4JzZWx3YgQ4LCJhZGQ4OjEsonN1epU4O4owo4w4ZWR1dCoIMSw4ciVhcpN2oj24MSosonNvcnRs6XN0oj24NCosop9wdG3vb4oIeyJvcHRfdH3wZSoIopVadGVybpFso4w4bG9v6gVwXgFlZXJmoj24o4w4bG9v6gVwXgRhYpx3oj24dGJfcGFnZXM4LCJsbi9rdXBf6iVmoj24cGFnZU3Eo4w4bG9v6gVwXgZhbHV3oj24dG30bGU4LCJ1cl9kZXB3bpR3bpNmoj24o4w46XNfbXVsdG3wbGU4O4o4LCJsbi9rdXBfZGVwZWmkZWmjeV9rZXk4O4o4LCJwYXR2XgRvXgVwbG9hZCoIo4osonJ3ci3IZV9g6WR06CoIo4osonJ3ci3IZV92ZW3n6HQ4O4o4LCJlcGxvYWRfdH3wZSoIo4osonRvbix06XA4O4o4LCJhdHRy6WJldGU4O4o4LCJ3eHR3bpRfYixhcgM4O4o4fX0seyJp6WVsZCoIonR4XgBhZiVfdGVadF9jcpVhdGVkXiRhdGU4LCJhbG3hcyoIonR4XgBhZiVfdGVadCosopxhbpdlYWd3oj1bXSw4bGF4ZWw4O4JDcpVhdGVkoERhdGU4LCJpbgJtXidybgVwoj24o4w4cpVxdW3yZWQ4O4owo4w4dp33dyoIMCw4dH3wZSoIonR3eHRfZGF0ZXR1bWU4LCJhZGQ4OjEsonN1epU4O4owo4w4ZWR1dCoIMSw4ciVhcpN2oj2wLCJzbgJ0bG3zdCoIojU4LCJvcHR1bia4Ons4bgB0XgRmcGU4O4o4LCJsbi9rdXBfcXV3cnk4O4o4LCJsbi9rdXBfdGF4bGU4O4o4LCJsbi9rdXBf6iVmoj24o4w4bG9v6gVwXgZhbHV3oj24o4w46XNfZGVwZWmkZWmjeSoIo4osop3zXillbHR1cGx3oj24o4w4bG9v6gVwXiR3cGVuZGVuYg3f6iVmoj24o4w4cGF06F90bl9lcGxvYWQ4O4o4LCJyZXN1epVfdi3kdG54O4o4LCJyZXN1epVf6GV1Zih0oj24o4w4dXBsbiFkXgRmcGU4O4o4LCJ0bi9sdG3woj24o4w4YXR0cp34dXR3oj24o4w4ZXh0ZWmkXiNsYXNzoj24onl9LHs4Zp33bGQ4O4J0Y39wYWd3XgR3eHRfdXBkYXR3ZF9kYXR3o4w4YWx1YXM4O4J0Y39wYWd3XgR3eHQ4LCJsYWmndWFnZSoIWl0sopxhYpVsoj24VXBkYXR3ZCBEYXR3o4w4Zp9ybV9ncp9lcCoIo4osonJ3cXV1cpVkoj24MCosonZ1ZXc4OjAsonRmcGU4O4J0ZXh0XiRhdGV06Wl3o4w4YWRkoj2xLCJz6X13oj24MCosopVk6XQ4OjEsonN3YXJj6CoIMCw4ci9ydGx1cgQ4O4oio4w4bgB06W9uoj17op9wdF90eXB3oj24o4w4bG9v6gVwXgFlZXJmoj24o4w4bG9v6gVwXgRhYpx3oj24o4w4bG9v6gVwXit3eSoIo4osopxvbitlcF9iYWxlZSoIo4osop3zXiR3cGVuZGVuYgk4O4o4LCJ1cl9tdWx06XBsZSoIo4osopxvbitlcF9kZXB3bpR3bpNmXit3eSoIo4osonBhdGhfdG9fdXBsbiFkoj24o4w4cpVz6X13Xgd1ZHR2oj24o4w4cpVz6X13Xih36Wd2dCoIo4osonVwbG9hZF90eXB3oj24o4w4dG9vbHR1cCoIo4osopF0dHJ1YnV0ZSoIo4osopVadGVuZF9jbGFzcyoIo4J9fSx7opZ1ZWxkoj24dGhfcGFnZV90ZXh0XiR1cgBsYX3fdH3wZSosopFs6WFzoj24dGJfcGFnZV90ZXh0o4w4bGF4ZWw4O4JE6XNwbGFmoFRmcGU4LCJpbgJtXidybgVwoj24o4w4cpVxdW3yZWQ4O4JyZXFl6XJ3ZCosonZ1ZXc4OjEsonRmcGU4O4JzZWx3YgQ4LCJhZGQ4OjEsopVk6XQ4OjEsonN3YXJj6CoIojE4LCJz6X13oj24o4w4ci9ydGx1cgQ4O4ogo4w4bgB06W9uoj17op9wdF90eXB3oj24ZGF0YWx1cgQ4LCJsbi9rdXBfcXV3cnk4O4JBYiNvcpR1YWaIQWNjbgJk6WFufEmvb4BBYiNvcpR1YWaITp9uoEFjYi9yZG3hb4osopxvbitlcF90YWJsZSoIZpFsciUsopxvbitlcF9rZXk4OpZhbHN3LCJsbi9rdXBfdpFsdWU4O4o4LCJ1cl9kZXB3bpR3bpNmoj1pYWxzZSw46XNfbXVsdG3wbGU4OpZhbHN3LCJsbi9rdXBfZGVwZWmkZWmjeV9rZXk4OpZhbHN3LCJwYXR2XgRvXgVwbG9hZCoIo4osonVwbG9hZF90eXB3oj1pYWxzZSw4cpVz6X13Xgd1ZHR2oj24o4w4cpVz6X13Xih36Wd2dCoIo4osonRvbix06XA4O4o4LCJhdHRy6WJldGU4O4o4LCJ3eHR3bpRfYixhcgM4O4o4fXldfQ==',	NULL),
(64,	'sms',	'Sms',	'Sms',	NULL,	'2016-10-23 14:59:29',	NULL,	'tb_sms',	'sms_id',	'addon',	'eyJ0YWJsZV9kY4oIonR4XgNtcyosonBy6Wlhcn3f6iVmoj24cilzXi3ko4w4cgFsXgN3bGVjdCoIo4BTRUxFQlQ5dGJfcilzL425R3JPTSB0Y39zbXM5o4w4cgFsXgd2ZXJ3oj24oFdoRVJFoHR4XgNtcymzbXNf6WQ5SVM5Tk9UoEmVTEw5YWmkoCB0Y39zbXMucilzXgN0YXRlcyA9oDE4LCJzcWxfZgJvdXA4O4o4LCJpbgJtcyoIWgs4Zp33bGQ4O4JzbXNf6WQ4LCJhbG3hcyoIonR4XgNtcyosopxhbpdlYWd3oj1bXSw4bGF4ZWw4O4JTbXM5SWQ4LCJpbgJtXidybgVwoj24o4w4cpVxdW3yZWQ4O4owo4w4dp33dyoIMCw4dH3wZSoIonR3eHQ4LCJhZGQ4OjEsonN1epU4O4owo4w4ZWR1dCoIMSw4ciVhcpN2oj2wLCJzbgJ0bG3zdCoIojA4LCJvcHR1bia4Ons4bgB0XgRmcGU4O4o4LCJsbi9rdXBfcXV3cnk4O4o4LCJsbi9rdXBfdGF4bGU4O4o4LCJsbi9rdXBf6iVmoj24o4w4bG9v6gVwXgZhbHV3oj24o4w46XNfZGVwZWmkZWmjeSoIo4osop3zXillbHR1cGx3oj24o4w4bG9v6gVwXiR3cGVuZGVuYg3f6iVmoj24o4w4cGF06F90bl9lcGxvYWQ4O4o4LCJyZXN1epVfdi3kdG54O4o4LCJyZXN1epVf6GV1Zih0oj24o4w4dXBsbiFkXgRmcGU4O4o4LCJ0bi9sdG3woj24o4w4YXR0cp34dXR3oj24o4w4ZXh0ZWmkXiNsYXNzoj24onl9LHs4Zp33bGQ4O4JzbXNfbpFtZSosopFs6WFzoj24dGJfcilzo4w4bGFuZgVhZiU4O3tdLCJsYWJ3bCoIo3NtcyBOYWl3o4w4Zp9ybV9ncp9lcCoIo4osonJ3cXV1cpVkoj24cpVxdW3yZWQ4LCJi6WVgoj2xLCJ0eXB3oj24dGVadCosopFkZCoIMSw4ci3IZSoIojA4LCJ3ZG30oj2xLCJzZWFyYi54O4oxo4w4ci9ydGx1cgQ4O4oxo4w4bgB06W9uoj17op9wdF90eXB3oj24o4w4bG9v6gVwXgFlZXJmoj24o4w4bG9v6gVwXgRhYpx3oj24o4w4bG9v6gVwXit3eSoIo4osopxvbitlcF9iYWxlZSoIo4osop3zXiR3cGVuZGVuYgk4O4o4LCJ1cl9tdWx06XBsZSoIo4osopxvbitlcF9kZXB3bpR3bpNmXit3eSoIo4osonBhdGhfdG9fdXBsbiFkoj24o4w4cpVz6X13Xgd1ZHR2oj24o4w4cpVz6X13Xih36Wd2dCoIo4osonVwbG9hZF90eXB3oj24o4w4dG9vbHR1cCoIo4osopF0dHJ1YnV0ZSoIo4osopVadGVuZF9jbGFzcyoIo4J9fSx7opZ1ZWxkoj24cilzXiRhdGE4LCJhbG3hcyoIonR4XgNtcyosopxhbpdlYWd3oj1bXSw4bGF4ZWw4O4JTbXM5RGF0YSosopZvcplfZgJvdXA4O4o4LCJyZXFl6XJ3ZCoIonJ3cXV1cpVko4w4dp33dyoIMSw4dH3wZSoIonR3eHRhcpVho4w4YWRkoj2xLCJz6X13oj24MCosopVk6XQ4OjEsonN3YXJj6CoIojE4LCJzbgJ0bG3zdCoIojo4LCJvcHR1bia4Ons4bgB0XgRmcGU4O4o4LCJsbi9rdXBfcXV3cnk4O4o4LCJsbi9rdXBfdGF4bGU4O4o4LCJsbi9rdXBf6iVmoj24o4w4bG9v6gVwXgZhbHV3oj24o4w46XNfZGVwZWmkZWmjeSoIo4osop3zXillbHR1cGx3oj24o4w4bG9v6gVwXiR3cGVuZGVuYg3f6iVmoj24o4w4cGF06F90bl9lcGxvYWQ4O4o4LCJyZXN1epVfdi3kdG54O4o4LCJyZXN1epVf6GV1Zih0oj24o4w4dXBsbiFkXgRmcGU4O4o4LCJ0bi9sdG3woj24o4w4YXR0cp34dXR3oj24o4w4ZXh0ZWmkXiNsYXNzoj24onl9LHs4Zp33bGQ4O4JzbXNfcgRhdHVzo4w4YWx1YXM4O4J0Y39zbXM4LCJsYWmndWFnZSoIWl0sopxhYpVsoj24UilzoFN0YXRlcyosopZvcplfZgJvdXA4O4o4LCJyZXFl6XJ3ZCoIojA4LCJi6WVgoj2xLCJ0eXB3oj24ciVsZWN0o4w4YWRkoj2xLCJz6X13oj24MCosopVk6XQ4OjEsonN3YXJj6CoIojE4LCJzbgJ0bG3zdCoIojM4LCJvcHR1bia4Ons4bgB0XgRmcGU4O4JkYXRhbG3zdCosopxvbitlcF9xdWVyeSoIojEIRWmhYpx3fDoIRG3zYWJsZSosopxvbitlcF90YWJsZSoIo4osopxvbitlcF9rZXk4O4o4LCJsbi9rdXBfdpFsdWU4O4o4LCJ1cl9kZXB3bpR3bpNmoj24o4w46XNfbXVsdG3wbGU4O4o4LCJsbi9rdXBfZGVwZWmkZWmjeV9rZXk4O4o4LCJwYXR2XgRvXgVwbG9hZCoIo4osonJ3ci3IZV9g6WR06CoIo4osonJ3ci3IZV92ZW3n6HQ4O4o4LCJlcGxvYWRfdH3wZSoIo4osonRvbix06XA4O4o4LCJhdHRy6WJldGU4O4o4LCJ3eHR3bpRfYixhcgM4O4o4fXldLCJncp3koj1beyJp6WVsZCoIonNtcl91ZCosopFs6WFzoj24dGJfcilzo4w4bGFuZgVhZiU4O3tdLCJsYWJ3bCoIo3NtcyBJZCosonZ1ZXc4OjAsopR3dGF1bCoIMCw4ci9ydGF4bGU4OjAsonN3YXJj6CoIMSw4ZG9gbpxvYWQ4OjAsopZybg13b4oIMSw4di3kdG54O4oxMDA4LCJhbG3nb4oIopx3ZnQ4LCJzbgJ0bG3zdCoIojA4LCJjbimuoj17onZhbG3koj24MCosopR4oj24o4w46iVmoj24o4w4ZG3zcGxheSoIo4J9LCJhdHRy6WJldGU4Ons46H3wZXJs6Wmroj17opFjdG3iZSoIMSw4bG3u6yoIo4osonRhcpd3dCoIo4osoph0bWw4O4o4fSw46WlhZiU4Ons4YWN06XZ3oj2wLCJwYXR2oj24o4w4ci3IZV9aoj24o4w4ci3IZV9moj24o4w46HRtbCoIo4J9fX0seyJp6WVsZCoIonNtcl9uYWl3o4w4YWx1YXM4O4J0Y39zbXM4LCJsYWmndWFnZSoIWl0sopxhYpVsoj24UilzoEmhbWU4LCJi6WVgoj2xLCJkZXRh6Ww4OjEsonNvcnRhYpx3oj2xLCJzZWFyYi54OjEsopRvdimsbiFkoj2xLCJpcp9IZWa4OjEsond1ZHR2oj24MTAwo4w4YWx1Zia4O4JsZWZ0o4w4ci9ydGx1cgQ4O4oxo4w4Yi9ub4oIeyJiYWx1ZCoIojA4LCJkY4oIo4osopt3eSoIo4osopR1cgBsYXk4O4o4fSw4YXR0cp34dXR3oj17ophmcGVybG3u6yoIeyJhYgR1dpU4OjEsopx1bps4O4o4LCJ0YXJnZXQ4O4o4LCJ2dGlsoj24on0sop3tYWd3oj17opFjdG3iZSoIMCw4cGF06CoIo4osonN1epVfeCoIo4osonN1epVfeSoIo4osoph0bWw4O4o4fXl9LHs4Zp33bGQ4O4JzbXNfZGF0YSosopFs6WFzoj24dGJfcilzo4w4bGFuZgVhZiU4O3tdLCJsYWJ3bCoIo3NtcyBEYXRho4w4dp33dyoIMSw4ZGV0YW3soj2xLCJzbgJ0YWJsZSoIMSw4ciVhcpN2oj2xLCJkbgdubG9hZCoIMSw4ZnJvepVuoj2xLCJg6WR06CoIojEwMCosopFs6Wduoj24bGVpdCosonNvcnRs6XN0oj24M4osopNvbpa4Ons4dpFs6WQ4O4owo4w4ZGo4O4o4LCJrZXk4O4o4LCJk6XNwbGFmoj24on0sopF0dHJ1YnV0ZSoIeyJ2eXB3cpx1bps4Ons4YWN06XZ3oj2xLCJs6Wmroj24o4w4dGFyZiV0oj24o4w46HRtbCoIo4J9LCJ1bWFnZSoIeyJhYgR1dpU4OjAsonBhdG54O4o4LCJz6X13Xg54O4o4LCJz6X13Xgk4O4o4LCJ2dGlsoj24onl9fSx7opZ1ZWxkoj24cilzXgN0YXRlcyosopFs6WFzoj24dGJfcilzo4w4bGFuZgVhZiU4O3tdLCJsYWJ3bCoIo3NtcyBTdGF0dXM4LCJi6WVgoj2xLCJkZXRh6Ww4OjEsonNvcnRhYpx3oj2xLCJzZWFyYi54OjEsopRvdimsbiFkoj2xLCJpcp9IZWa4OjEsond1ZHR2oj24MTAwo4w4YWx1Zia4O4JsZWZ0o4w4ci9ydGx1cgQ4O4ozo4w4Yi9ub4oIeyJiYWx1ZCoIojE4LCJkY4oIonR4XgN0YXRlcyosopt3eSoIonN0YXRlcl91ZCosopR1cgBsYXk4O4JzdGF0dXNfbpFtZSJ9LCJhdHRy6WJldGU4Ons46H3wZXJs6Wmroj17opFjdG3iZSoIMSw4bG3u6yoIo4osonRhcpd3dCoIo4osoph0bWw4O4o4fSw46WlhZiU4Ons4YWN06XZ3oj2wLCJwYXR2oj24o4w4ci3IZV9aoj24o4w4ci3IZV9moj24o4w46HRtbCoIo4J9fXldfQ==',	NULL),
(65,	'email',	'Email',	'Email',	NULL,	'2016-10-23 15:21:18',	NULL,	'tb_email',	'email_id',	'addon',	'eyJ0YWJsZV9kY4oIonR4XiVtYW3so4w4cHJ1bWFyeV9rZXk4O4J3bWF1bF91ZCosonNxbF9zZWx3YgQ4O4o5U0VMRUNUoHR4XiVtYW3sL425R3JPTSB0Y393bWF1bCA4LCJzcWxfdih3cpU4O4o5V0hFUkU5dGJfZWlh6WwuZWlh6Wxf6WQ5SVM5Tk9UoEmVTEw4LCJzcWxfZgJvdXA4O4o4LCJpbgJtcyoIWgs4Zp33bGQ4O4J3bWF1bF91ZCosopFs6WFzoj24dGJfZWlh6Ww4LCJsYWmndWFnZSoIWl0sopxhYpVsoj24RWlh6Ww5SWQ4LCJpbgJtXidybgVwoj24o4w4cpVxdW3yZWQ4O4owo4w4dp33dyoIMCw4dH3wZSoIonR3eHQ4LCJhZGQ4OjEsonN1epU4O4owo4w4ZWR1dCoIMSw4ciVhcpN2oj2wLCJzbgJ0bG3zdCoIojA4LCJvcHR1bia4Ons4bgB0XgRmcGU4O4o4LCJsbi9rdXBfcXV3cnk4O4o4LCJsbi9rdXBfdGF4bGU4O4o4LCJsbi9rdXBf6iVmoj24o4w4bG9v6gVwXgZhbHV3oj24o4w46XNfZGVwZWmkZWmjeSoIo4osop3zXillbHR1cGx3oj24o4w4bG9v6gVwXiR3cGVuZGVuYg3f6iVmoj24o4w4cGF06F90bl9lcGxvYWQ4O4o4LCJyZXN1epVfdi3kdG54O4o4LCJyZXN1epVf6GV1Zih0oj24o4w4dXBsbiFkXgRmcGU4O4o4LCJ0bi9sdG3woj24o4w4YXR0cp34dXR3oj24o4w4ZXh0ZWmkXiNsYXNzoj24onl9LHs4Zp33bGQ4O4J3bWF1bF9uYWl3o4w4YWx1YXM4O4J0Y393bWF1bCosopxhbpdlYWd3oj1bXSw4bGF4ZWw4O4JFbWF1bCBOYWl3o4w4Zp9ybV9ncp9lcCoIo4osonJ3cXV1cpVkoj24cpVxdW3yZWQ4LCJi6WVgoj2xLCJ0eXB3oj24dGVadCosopFkZCoIMSw4ci3IZSoIojA4LCJ3ZG30oj2xLCJzZWFyYi54O4oxo4w4ci9ydGx1cgQ4O4oxo4w4bgB06W9uoj17op9wdF90eXB3oj24o4w4bG9v6gVwXgFlZXJmoj24o4w4bG9v6gVwXgRhYpx3oj24o4w4bG9v6gVwXit3eSoIo4osopxvbitlcF9iYWxlZSoIo4osop3zXiR3cGVuZGVuYgk4O4o4LCJ1cl9tdWx06XBsZSoIo4osopxvbitlcF9kZXB3bpR3bpNmXit3eSoIo4osonBhdGhfdG9fdXBsbiFkoj24o4w4cpVz6X13Xgd1ZHR2oj24o4w4cpVz6X13Xih36Wd2dCoIo4osonVwbG9hZF90eXB3oj24o4w4dG9vbHR1cCoIo4osopF0dHJ1YnV0ZSoIo4osopVadGVuZF9jbGFzcyoIo4J9fSx7opZ1ZWxkoj24ZWlh6WxfZGF0YSosopFs6WFzoj24dGJfZWlh6Ww4LCJsYWmndWFnZSoIWl0sopxhYpVsoj24RWlh6Ww5RGF0YSosopZvcplfZgJvdXA4O4o4LCJyZXFl6XJ3ZCoIonJ3cXV1cpVko4w4dp33dyoIMSw4dH3wZSoIonR3eHRhcpVho4w4YWRkoj2xLCJz6X13oj24MCosopVk6XQ4OjEsonN3YXJj6CoIojE4LCJzbgJ0bG3zdCoIojo4LCJvcHR1bia4Ons4bgB0XgRmcGU4O4o4LCJsbi9rdXBfcXV3cnk4O4o4LCJsbi9rdXBfdGF4bGU4O4o4LCJsbi9rdXBf6iVmoj24o4w4bG9v6gVwXgZhbHV3oj24o4w46XNfZGVwZWmkZWmjeSoIo4osop3zXillbHR1cGx3oj24o4w4bG9v6gVwXiR3cGVuZGVuYg3f6iVmoj24o4w4cGF06F90bl9lcGxvYWQ4O4o4LCJyZXN1epVfdi3kdG54O4o4LCJyZXN1epVf6GV1Zih0oj24o4w4dXBsbiFkXgRmcGU4O4o4LCJ0bi9sdG3woj24o4w4YXR0cp34dXR3oj24o4w4ZXh0ZWmkXiNsYXNzoj24onl9LHs4Zp33bGQ4O4J3bWF1bF9zdGF0dXM4LCJhbG3hcyoIonR4XiVtYW3so4w4bGF4ZWw4O4JFbWF1bCBTdGF0dXM4LCJpbgJtXidybgVwoj24o4w4cpVxdW3yZWQ4O4owo4w4dp33dyoIMSw4dH3wZSoIonN3bGVjdCosopFkZCoIMSw4ZWR1dCoIMSw4ciVhcpN2oj24MSosonN1epU4O4o4LCJzbgJ0bG3zdCoIojM4LCJvcHR1bia4Ons4bgB0XgRmcGU4O4JkYXRhbG3zdCosopxvbitlcF9xdWVyeSoIojEIRWmhYpx3fDoIRG3zYWJsZSosopxvbitlcF90YWJsZSoIZpFsciUsopxvbitlcF9rZXk4OpZhbHN3LCJsbi9rdXBfdpFsdWU4O4o4LCJ1cl9kZXB3bpR3bpNmoj1pYWxzZSw46XNfbXVsdG3wbGU4OpZhbHN3LCJsbi9rdXBfZGVwZWmkZWmjeV9rZXk4OpZhbHN3LCJwYXR2XgRvXgVwbG9hZCoIo4osonVwbG9hZF90eXB3oj1pYWxzZSw4cpVz6X13Xgd1ZHR2oj24o4w4cpVz6X13Xih36Wd2dCoIo4osonRvbix06XA4O4o4LCJhdHRy6WJldGU4O4o4LCJ3eHR3bpRfYixhcgM4O4o4fXldLCJncp3koj1beyJp6WVsZCoIopVtYW3sXi3ko4w4YWx1YXM4O4J0Y393bWF1bCosopxhbpdlYWd3oj1bXSw4bGF4ZWw4O4JFbWF1bCBJZCosonZ1ZXc4OjAsopR3dGF1bCoIMCw4ci9ydGF4bGU4OjAsonN3YXJj6CoIMSw4ZG9gbpxvYWQ4OjAsopZybg13b4oIMSw4di3kdG54O4oxMDA4LCJhbG3nb4oIopx3ZnQ4LCJzbgJ0bG3zdCoIojA4LCJjbimuoj17onZhbG3koj24MCosopR4oj24o4w46iVmoj24o4w4ZG3zcGxheSoIo4J9LCJhdHRy6WJldGU4Ons46H3wZXJs6Wmroj17opFjdG3iZSoIMSw4bG3u6yoIo4osonRhcpd3dCoIo4osoph0bWw4O4o4fSw46WlhZiU4Ons4YWN06XZ3oj2wLCJwYXR2oj24o4w4ci3IZV9aoj24o4w4ci3IZV9moj24o4w46HRtbCoIo4J9fSw4dH3wZSoIonR3eHQ4fSx7opZ1ZWxkoj24ZWlh6WxfbpFtZSosopFs6WFzoj24dGJfZWlh6Ww4LCJsYWmndWFnZSoIWl0sopxhYpVsoj24RWlh6Ww5TpFtZSosonZ1ZXc4OjEsopR3dGF1bCoIMSw4ci9ydGF4bGU4OjEsonN3YXJj6CoIMSw4ZG9gbpxvYWQ4OjEsopZybg13b4oIMSw4di3kdG54O4oxMDA4LCJhbG3nb4oIopx3ZnQ4LCJzbgJ0bG3zdCoIojE4LCJjbimuoj17onZhbG3koj24MCosopR4oj24o4w46iVmoj24o4w4ZG3zcGxheSoIo4J9LCJhdHRy6WJldGU4Ons46H3wZXJs6Wmroj17opFjdG3iZSoIMSw4bG3u6yoIo4osonRhcpd3dCoIo4osoph0bWw4O4o4fSw46WlhZiU4Ons4YWN06XZ3oj2wLCJwYXR2oj24o4w4ci3IZV9aoj24o4w4ci3IZV9moj24o4w46HRtbCoIo4J9fSw4dH3wZSoIonR3eHQ4fSx7opZ1ZWxkoj24ZWlh6WxfZGF0YSosopFs6WFzoj24dGJfZWlh6Ww4LCJsYWmndWFnZSoIWl0sopxhYpVsoj24RWlh6Ww5RGF0YSosonZ1ZXc4OjEsopR3dGF1bCoIMSw4ci9ydGF4bGU4OjEsonN3YXJj6CoIMSw4ZG9gbpxvYWQ4OjEsopZybg13b4oIMSw4di3kdG54O4oxMDA4LCJhbG3nb4oIopx3ZnQ4LCJzbgJ0bG3zdCoIojo4LCJjbimuoj17onZhbG3koj24MCosopR4oj24o4w46iVmoj24o4w4ZG3zcGxheSoIo4J9LCJhdHRy6WJldGU4Ons46H3wZXJs6Wmroj17opFjdG3iZSoIMSw4bG3u6yoIo4osonRhcpd3dCoIo4osoph0bWw4O4o4fSw46WlhZiU4Ons4YWN06XZ3oj2wLCJwYXR2oj24o4w4ci3IZV9aoj24o4w4ci3IZV9moj24o4w46HRtbCoIo4J9fSw4dH3wZSoIonR3eHQ4fSx7opZ1ZWxkoj24ZWlh6WxfcgRhdHVzo4w4YWx1YXM4O4J0Y393bWF1bCosopxhbpdlYWd3oj1bXSw4bGF4ZWw4O4JFbWF1bCBTdGF0dXM4LCJi6WVgoj2xLCJkZXRh6Ww4OjEsonNvcnRhYpx3oj2xLCJzZWFyYi54OjEsopRvdimsbiFkoj2xLCJpcp9IZWa4OjEsond1ZHR2oj24MTAwo4w4YWx1Zia4O4JsZWZ0o4w4ci9ydGx1cgQ4O4ozo4w4Yi9ub4oIeyJiYWx1ZCoIojE4LCJkY4oIonR4XgN0YXRlcyosopt3eSoIonN0YXRlcl91ZCosopR1cgBsYXk4O4JzdGF0dXNfbpFtZSJ9LCJhdHRy6WJldGU4Ons46H3wZXJs6Wmroj17opFjdG3iZSoIMSw4bG3u6yoIo4osonRhcpd3dCoIo4osoph0bWw4O4o4fSw46WlhZiU4Ons4YWN06XZ3oj2wLCJwYXR2oj24o4w4ci3IZV9aoj24o4w4ci3IZV9moj24o4w46HRtbCoIo4J9fSw4dH3wZSoIonR3eHQ4fVl9',	NULL),
(66,	'ticker',	'Ticker',	'Ticker',	NULL,	'2016-11-04 04:36:09',	NULL,	'tb_ticker',	'ticker_id',	'addon',	'eyJzcWxfciVsZWN0oj24oFNFTEVDVCB0Y3906WNrZXouK4BGUk9NoHR4XgR1Yit3c4A4LCJzcWxfdih3cpU4O4o5V0hFUkU5dGJfdG3j6iVyLnR1Yit3c391ZCBJUyBOTlQ5T3VMTCosonNxbF9ncp9lcCoIo4osonRhYpx3XiR4oj24dGJfdG3j6iVyo4w4cHJ1bWFyeV9rZXk4O4J06WNrZXJf6WQ4LCJpbgJtcyoIWgs4Zp33bGQ4O4J06WNrZXJf6WQ4LCJhbG3hcyoIonR4XgR1Yit3c4osopxhbpdlYWd3oj1bXSw4bGF4ZWw4O4JU6WNrZXo5SWQ4LCJpbgJtXidybgVwoj24o4w4cpVxdW3yZWQ4O4owo4w4dp33dyoIMCw4dH3wZSoIonR3eHQ4LCJhZGQ4OjEsonN1epU4O4owo4w4ZWR1dCoIMSw4ciVhcpN2oj2wLCJzbgJ0bG3zdCoIojA4LCJvcHR1bia4Ons4bgB0XgRmcGU4O4o4LCJsbi9rdXBfcXV3cnk4O4o4LCJsbi9rdXBfdGF4bGU4O4o4LCJsbi9rdXBf6iVmoj24o4w4bG9v6gVwXgZhbHV3oj24o4w46XNfZGVwZWmkZWmjeSoIo4osop3zXillbHR1cGx3oj24o4w4bG9v6gVwXiR3cGVuZGVuYg3f6iVmoj24o4w4cGF06F90bl9lcGxvYWQ4O4o4LCJyZXN1epVfdi3kdG54O4o4LCJyZXN1epVf6GV1Zih0oj24o4w4dXBsbiFkXgRmcGU4O4o4LCJ0bi9sdG3woj24o4w4YXR0cp34dXR3oj24o4w4ZXh0ZWmkXiNsYXNzoj24onl9LHs4Zp33bGQ4O4J06WNrZXJfdG30bGU4LCJhbG3hcyoIonR4XgR1Yit3c4osopxhbpdlYWd3oj1bXSw4bGF4ZWw4O4JU6WNrZXo5VG30bGU4LCJpbgJtXidybgVwoj24o4w4cpVxdW3yZWQ4O4JyZXFl6XJ3ZCosonZ1ZXc4OjEsonRmcGU4O4J0ZXh0o4w4YWRkoj2xLCJz6X13oj24MCosopVk6XQ4OjEsonN3YXJj6CoIojE4LCJzbgJ0bG3zdCoIojE4LCJvcHR1bia4Ons4bgB0XgRmcGU4O4o4LCJsbi9rdXBfcXV3cnk4O4o4LCJsbi9rdXBfdGF4bGU4O4o4LCJsbi9rdXBf6iVmoj24o4w4bG9v6gVwXgZhbHV3oj24o4w46XNfZGVwZWmkZWmjeSoIo4osop3zXillbHR1cGx3oj24o4w4bG9v6gVwXiR3cGVuZGVuYg3f6iVmoj24o4w4cGF06F90bl9lcGxvYWQ4O4o4LCJyZXN1epVfdi3kdG54O4o4LCJyZXN1epVf6GV1Zih0oj24o4w4dXBsbiFkXgRmcGU4O4o4LCJ0bi9sdG3woj24o4w4YXR0cp34dXR3oj24o4w4ZXh0ZWmkXiNsYXNzoj24onl9LHs4Zp33bGQ4O4J06WNrZXJfcGF06CosopFs6WFzoj24dGJfdG3j6iVyo4w4bGFuZgVhZiU4O3tdLCJsYWJ3bCoIo3R1Yit3c4BQYXR2o4w4Zp9ybV9ncp9lcCoIo4osonJ3cXV1cpVkoj24MCosonZ1ZXc4OjEsonRmcGU4O4Jp6Wx3o4w4YWRkoj2xLCJz6X13oj24MCosopVk6XQ4OjEsonN3YXJj6CoIojE4LCJzbgJ0bG3zdCoIojo4LCJvcHR1bia4Ons4bgB0XgRmcGU4O4JkYXRhbG3zdCosopxvbitlcF9xdWVyeSoIo4osopxvbitlcF90YWJsZSoIo4osopxvbitlcF9rZXk4O4o4LCJsbi9rdXBfdpFsdWU4O4o4LCJ1cl9kZXB3bpR3bpNmoj24o4w46XNfbXVsdG3wbGU4O4o4LCJsbi9rdXBfZGVwZWmkZWmjeV9rZXk4O4o4LCJwYXR2XgRvXgVwbG9hZCoIo3wvdXBsbiFkclwvdG3j6iVyXC84LCJyZXN1epVfdi3kdG54O4o4LCJyZXN1epVf6GV1Zih0oj24o4w4dXBsbiFkXgRmcGU4O4Jp6Wx3o4w4dG9vbHR1cCoIo4osopF0dHJ1YnV0ZSoIo4osopVadGVuZF9jbGFzcyoIo4J9fSx7opZ1ZWxkoj24dG3j6iVyXgN0YXRlcyosopFs6WFzoj24dGJfdG3j6iVyo4w4bGFuZgVhZiU4O3tdLCJsYWJ3bCoIo3R1Yit3c4BTdGF0dXM4LCJpbgJtXidybgVwoj24o4w4cpVxdW3yZWQ4O4JyZXFl6XJ3ZCosonZ1ZXc4OjEsonRmcGU4O4JzZWx3YgQ4LCJhZGQ4OjEsonN1epU4O4owo4w4ZWR1dCoIMSw4ciVhcpN2oj24MSosonNvcnRs6XN0oj24Myosop9wdG3vb4oIeyJvcHRfdH3wZSoIopRhdGFs6XN0o4w4bG9v6gVwXgFlZXJmoj24RWmhYpx3OkVuYWJsZXxE6XNhYpx3OkR1ciF4bGU4LCJsbi9rdXBfdGF4bGU4O4o4LCJsbi9rdXBf6iVmoj24o4w4bG9v6gVwXgZhbHV3oj24o4w46XNfZGVwZWmkZWmjeSoIo4osop3zXillbHR1cGx3oj24o4w4bG9v6gVwXiR3cGVuZGVuYg3f6iVmoj24o4w4cGF06F90bl9lcGxvYWQ4O4o4LCJyZXN1epVfdi3kdG54O4o4LCJyZXN1epVf6GV1Zih0oj24o4w4dXBsbiFkXgRmcGU4O4o4LCJ0bi9sdG3woj24o4w4YXR0cp34dXR3oj24o4w4ZXh0ZWmkXiNsYXNzoj24onl9XSw4ZgJ1ZCoIWgs4Zp33bGQ4O4J06WNrZXJf6WQ4LCJhbG3hcyoIonR4XgR1Yit3c4osopxhbpdlYWd3oj1bXSw4bGF4ZWw4O4JU6WNrZXo5SWQ4LCJi6WVgoj2wLCJkZXRh6Ww4OjAsonNvcnRhYpx3oj2wLCJzZWFyYi54OjEsopRvdimsbiFkoj2wLCJpcp9IZWa4OjEsond1ZHR2oj24MTAwo4w4YWx1Zia4O4JsZWZ0o4w4ci9ydGx1cgQ4O4owo4w4Yi9ub4oIeyJiYWx1ZCoIojA4LCJkY4oIo4osopt3eSoIo4osopR1cgBsYXk4O4o4fSw4YXR0cp34dXR3oj17ophmcGVybG3u6yoIeyJhYgR1dpU4OjEsopx1bps4O4o4LCJ0YXJnZXQ4O4o4LCJ2dGlsoj24on0sop3tYWd3oj17opFjdG3iZSoIMCw4cGF06CoIo4osonN1epVfeCoIo4osonN1epVfeSoIo4osoph0bWw4O4o4fXl9LHs4Zp33bGQ4O4J06WNrZXJfdG30bGU4LCJhbG3hcyoIonR4XgR1Yit3c4osopxhbpdlYWd3oj1bXSw4bGF4ZWw4O4JU6WNrZXo5VG30bGU4LCJi6WVgoj2xLCJkZXRh6Ww4OjEsonNvcnRhYpx3oj2xLCJzZWFyYi54OjEsopRvdimsbiFkoj2xLCJpcp9IZWa4OjEsond1ZHR2oj24MTAwo4w4YWx1Zia4O4JsZWZ0o4w4ci9ydGx1cgQ4O4oxo4w4Yi9ub4oIeyJiYWx1ZCoIojA4LCJkY4oIo4osopt3eSoIo4osopR1cgBsYXk4O4o4fSw4YXR0cp34dXR3oj17ophmcGVybG3u6yoIeyJhYgR1dpU4OjEsopx1bps4O4o4LCJ0YXJnZXQ4O4o4LCJ2dGlsoj24on0sop3tYWd3oj17opFjdG3iZSoIMCw4cGF06CoIo4osonN1epVfeCoIo4osonN1epVfeSoIo4osoph0bWw4O4o4fXl9LHs4Zp33bGQ4O4J06WNrZXJfcGF06CosopFs6WFzoj24dGJfdG3j6iVyo4w4bGFuZgVhZiU4O3tdLCJsYWJ3bCoIo3R1Yit3c4BQYXR2o4w4dp33dyoIMSw4ZGV0YW3soj2xLCJzbgJ0YWJsZSoIMSw4ciVhcpN2oj2xLCJkbgdubG9hZCoIMSw4ZnJvepVuoj2xLCJg6WR06CoIojEwMCosopFs6Wduoj24bGVpdCosonNvcnRs6XN0oj24M4osopNvbpa4Ons4dpFs6WQ4O4owo4w4ZGo4O4o4LCJrZXk4O4o4LCJk6XNwbGFmoj24on0sopF0dHJ1YnV0ZSoIeyJ2eXB3cpx1bps4Ons4YWN06XZ3oj2xLCJs6Wmroj24o4w4dGFyZiV0oj24o4w46HRtbCoIo4J9LCJ1bWFnZSoIeyJhYgR1dpU4OjEsonBhdG54O4JlcGxvYWRzXC906WNrZXJcLyosonN1epVfeCoIo4osonN1epVfeSoIo4osoph0bWw4O4o4fXl9LHs4Zp33bGQ4O4J06WNrZXJfcgRhdHVzo4w4YWx1YXM4O4J0Y3906WNrZXo4LCJsYWmndWFnZSoIWl0sopxhYpVsoj24VG3j6iVyoFN0YXRlcyosonZ1ZXc4OjEsopR3dGF1bCoIMSw4ci9ydGF4bGU4OjEsonN3YXJj6CoIMSw4ZG9gbpxvYWQ4OjEsopZybg13b4oIMSw4di3kdG54O4oxMDA4LCJhbG3nb4oIopx3ZnQ4LCJzbgJ0bG3zdCoIojM4LCJjbimuoj17onZhbG3koj24MCosopR4oj24o4w46iVmoj24o4w4ZG3zcGxheSoIo4J9LCJhdHRy6WJldGU4Ons46H3wZXJs6Wmroj17opFjdG3iZSoIMSw4bG3u6yoIo4osonRhcpd3dCoIo4osoph0bWw4O4o4fSw46WlhZiU4Ons4YWN06XZ3oj2wLCJwYXR2oj24o4w4ci3IZV9aoj24o4w4ci3IZV9moj24o4w46HRtbCoIo4J9fXldfQ==',	NULL),
(68,	'tblusers',	'Custom User',	'Public Users',	NULL,	'2017-12-13 21:36:15',	NULL,	'tb_users',	'id',	'addon',	'eyJzcWxfciVsZWN0oj24oFNFTEVDVCB0Y39lciVycyaqoEZST005dGJfdXN3cnM5o4w4cgFsXgd2ZXJ3oj24oFdoRVJFoHR4XgVzZXJzLp3koE3ToEmPVCBOVUxMo4w4cgFsXidybgVwoj24o4w4dGF4bGVfZGo4O4J0Y39lciVycyosonBy6Wlhcn3f6iVmoj246WQ4LCJncp3koj1beyJp6WVsZCoIop3ko4w4YWx1YXM4O4J0Y39lciVycyosopxhbpdlYWd3oj1bXSw4bGF4ZWw4O4JTeXN0ZW05oi3ko4w4dp33dyoIMSw4ZGV0YW3soj2xLCJzbgJ0YWJsZSoIMSw4ciVhcpN2oj2xLCJkbgdubG9hZCoIMSw4ZnJvepVuoj2xLCJg6WR06CoIojEwMCosopFs6Wduoj24bGVpdCosonNvcnRs6XN0oj24MCosopNvbpa4Ons4dpFs6WQ4O4owo4w4ZGo4O4o4LCJrZXk4O4o4LCJk6XNwbGFmoj24on0sopF0dHJ1YnV0ZSoIeyJ2eXB3cpx1bps4Ons4YWN06XZ3oj2xLCJs6Wmroj24o4w4dGFyZiV0oj24o4w46HRtbCoIo4J9LCJ1bWFnZSoIeyJhYgR1dpU4OjAsonBhdG54O4o4LCJz6X13Xg54O4o4LCJz6X13Xgk4O4o4LCJ2dGlsoj24onl9fSx7opZ1ZWxkoj24ZgJvdXBf6WQ4LCJhbG3hcyoIonR4XgVzZXJzo4w4bGFuZgVhZiU4O3tdLCJsYWJ3bCoIokdybgVwoCBOYWl3o4w4dp33dyoIMSw4ZGV0YW3soj2xLCJzbgJ0YWJsZSoIMSw4ciVhcpN2oj2xLCJkbgdubG9hZCoIMSw4ZnJvepVuoj2xLCJg6WR06CoIojEwMCosopFs6Wduoj24bGVpdCosonNvcnRs6XN0oj24MSosopNvbpa4Ons4dpFs6WQ4O4oxo4w4ZGo4O4J0Y39ncp9lcHM4LCJrZXk4O4Jncp9lcF91ZCosopR1cgBsYXk4O4JuYWl3on0sopF0dHJ1YnV0ZSoIeyJ2eXB3cpx1bps4Ons4YWN06XZ3oj2xLCJs6Wmroj24o4w4dGFyZiV0oj24o4w46HRtbCoIo4J9LCJ1bWFnZSoIeyJhYgR1dpU4OjAsonBhdG54O4o4LCJz6X13Xg54O4o4LCJz6X13Xgk4O4o4LCJ2dGlsoj24onl9fSx7opZ1ZWxkoj24dXN3cpmhbWU4LCJhbG3hcyoIonR4XgVzZXJzo4w4bGFuZgVhZiU4O3tdLCJsYWJ3bCoIo3VzZXJuYWl3o4w4dp33dyoIMSw4ZGV0YW3soj2xLCJzbgJ0YWJsZSoIMSw4ciVhcpN2oj2xLCJkbgdubG9hZCoIMSw4ZnJvepVuoj2xLCJg6WR06CoIojEwMCosopFs6Wduoj24bGVpdCosonNvcnRs6XN0oj24M4osopNvbpa4Ons4dpFs6WQ4O4owo4w4ZGo4O4o4LCJrZXk4O4o4LCJk6XNwbGFmoj24on0sopF0dHJ1YnV0ZSoIeyJ2eXB3cpx1bps4Ons4YWN06XZ3oj2xLCJs6Wmroj24o4w4dGFyZiV0oj24o4w46HRtbCoIo4J9LCJ1bWFnZSoIeyJhYgR1dpU4OjAsonBhdG54O4o4LCJz6X13Xg54O4o4LCJz6X13Xgk4O4o4LCJ2dGlsoj24onl9fSx7opZ1ZWxkoj24cGFzcgdvcpQ4LCJhbG3hcyoIonR4XgVzZXJzo4w4bGFuZgVhZiU4O3tdLCJsYWJ3bCoIo3BhcgNgbgJko4w4dp33dyoIMCw4ZGV0YW3soj2wLCJzbgJ0YWJsZSoIMCw4ciVhcpN2oj2xLCJkbgdubG9hZCoIMCw4ZnJvepVuoj2xLCJg6WR06CoIojEwMCosopFs6Wduoj24bGVpdCosonNvcnRs6XN0oj24MyosopNvbpa4Ons4dpFs6WQ4O4owo4w4ZGo4O4o4LCJrZXk4O4o4LCJk6XNwbGFmoj24on0sopF0dHJ1YnV0ZSoIeyJ2eXB3cpx1bps4Ons4YWN06XZ3oj2xLCJs6Wmroj24o4w4dGFyZiV0oj24o4w46HRtbCoIo4J9LCJ1bWFnZSoIeyJhYgR1dpU4OjAsonBhdG54O4o4LCJz6X13Xg54O4o4LCJz6X13Xgk4O4o4LCJ2dGlsoj24onl9fSx7opZ1ZWxkoj24ZWlh6Ww4LCJhbG3hcyoIonR4XgVzZXJzo4w4bGFuZgVhZiU4O3tdLCJsYWJ3bCoIokVtYW3so4w4dp33dyoIMSw4ZGV0YW3soj2xLCJzbgJ0YWJsZSoIMSw4ciVhcpN2oj2xLCJkbgdubG9hZCoIMSw4ZnJvepVuoj2xLCJg6WR06CoIojEwMCosopFs6Wduoj24bGVpdCosonNvcnRs6XN0oj24NCosopNvbpa4Ons4dpFs6WQ4O4owo4w4ZGo4O4o4LCJrZXk4O4o4LCJk6XNwbGFmoj24on0sopF0dHJ1YnV0ZSoIeyJ2eXB3cpx1bps4Ons4YWN06XZ3oj2xLCJs6Wmroj24o4w4dGFyZiV0oj24o4w46HRtbCoIo4J9LCJ1bWFnZSoIeyJhYgR1dpU4OjAsonBhdG54O4o4LCJz6X13Xg54O4o4LCJz6X13Xgk4O4o4LCJ2dGlsoj24onl9fSx7opZ1ZWxkoj24bpFtZSosopFs6WFzoj24dGJfdXN3cnM4LCJsYWmndWFnZSoIWl0sopxhYpVsoj24TpFtZSosonZ1ZXc4OjEsopR3dGF1bCoIMSw4ci9ydGF4bGU4OjEsonN3YXJj6CoIMSw4ZG9gbpxvYWQ4OjEsopZybg13b4oIMSw4di3kdG54O4oxMDA4LCJhbG3nb4oIopx3ZnQ4LCJzbgJ0bG3zdCoIojU4LCJjbimuoj17onZhbG3koj24MCosopR4oj24o4w46iVmoj24o4w4ZG3zcGxheSoIo4J9LCJhdHRy6WJldGU4Ons46H3wZXJs6Wmroj17opFjdG3iZSoIMSw4bG3u6yoIo4osonRhcpd3dCoIo4osoph0bWw4O4o4fSw46WlhZiU4Ons4YWN06XZ3oj2wLCJwYXR2oj24o4w4ci3IZV9aoj24o4w4ci3IZV9moj24o4w46HRtbCoIo4J9fX0seyJp6WVsZCoIopd3bpR3c4osopFs6WFzoj24dGJfdXN3cnM4LCJsYWmndWFnZSoIWl0sopxhYpVsoj24RiVuZGVyo4w4dp33dyoIMSw4ZGV0YW3soj2xLCJzbgJ0YWJsZSoIMSw4ciVhcpN2oj2xLCJkbgdubG9hZCoIMSw4ZnJvepVuoj2xLCJg6WR06CoIojEwMCosopFs6Wduoj24bGVpdCosonNvcnRs6XN0oj24N4osopNvbpa4Ons4dpFs6WQ4O4owo4w4ZGo4O4o4LCJrZXk4O4o4LCJk6XNwbGFmoj24on0sopF0dHJ1YnV0ZSoIeyJ2eXB3cpx1bps4Ons4YWN06XZ3oj2xLCJs6Wmroj24o4w4dGFyZiV0oj24o4w46HRtbCoIo4J9LCJ1bWFnZSoIeyJhYgR1dpU4OjAsonBhdG54O4o4LCJz6X13Xg54O4o4LCJz6X13Xgk4O4o4LCJ2dGlsoj24onl9fSx7opZ1ZWxkoj24ZpF06GVyXimhbWU4LCJhbG3hcyoIonR4XgVzZXJzo4w4bGFuZgVhZiU4O3tdLCJsYWJ3bCoIokZhdGh3c4BOYWl3o4w4dp33dyoIMSw4ZGV0YW3soj2xLCJzbgJ0YWJsZSoIMSw4ciVhcpN2oj2xLCJkbgdubG9hZCoIMSw4ZnJvepVuoj2xLCJg6WR06CoIojEwMCosopFs6Wduoj24bGVpdCosonNvcnRs6XN0oj24NyosopNvbpa4Ons4dpFs6WQ4O4owo4w4ZGo4O4o4LCJrZXk4O4o4LCJk6XNwbGFmoj24on0sopF0dHJ1YnV0ZSoIeyJ2eXB3cpx1bps4Ons4YWN06XZ3oj2xLCJs6Wmroj24o4w4dGFyZiV0oj24o4w46HRtbCoIo4J9LCJ1bWFnZSoIeyJhYgR1dpU4OjAsonBhdG54O4o4LCJz6X13Xg54O4o4LCJz6X13Xgk4O4o4LCJ2dGlsoj24onl9fSx7opZ1ZWxkoj24bW946Wx3o4w4YWx1YXM4O4J0Y39lciVycyosopxhbpdlYWd3oj1bXSw4bGF4ZWw4O4JNbiJ1bGU4LCJi6WVgoj2xLCJkZXRh6Ww4OjEsonNvcnRhYpx3oj2xLCJzZWFyYi54OjEsopRvdimsbiFkoj2xLCJpcp9IZWa4OjEsond1ZHR2oj24MTAwo4w4YWx1Zia4O4JsZWZ0o4w4ci9ydGx1cgQ4O4oao4w4Yi9ub4oIeyJiYWx1ZCoIojA4LCJkY4oIo4osopt3eSoIo4osopR1cgBsYXk4O4o4fSw4YXR0cp34dXR3oj17ophmcGVybG3u6yoIeyJhYgR1dpU4OjEsopx1bps4O4o4LCJ0YXJnZXQ4O4o4LCJ2dGlsoj24on0sop3tYWd3oj17opFjdG3iZSoIMCw4cGF06CoIo4osonN1epVfeCoIo4osonN1epVfeSoIo4osoph0bWw4O4o4fXl9LHs4Zp33bGQ4O4Jk6XN0cp3jdCosopFs6WFzoj24dGJfdXN3cnM4LCJsYWmndWFnZSoIWl0sopxhYpVsoj24RG3zdHJ1YgQ5TpFtZSosonZ1ZXc4OjEsopR3dGF1bCoIMSw4ci9ydGF4bGU4OjEsonN3YXJj6CoIMSw4ZG9gbpxvYWQ4OjEsopZybg13b4oIMSw4di3kdG54O4oxMDA4LCJhbG3nb4oIopx3ZnQ4LCJzbgJ0bG3zdCoIojk4LCJjbimuoj17onZhbG3koj24MSosopR4oj24dGJsXiR1cgRy6WN0cyosopt3eSoIopR1cgRfbp84LCJk6XNwbGFmoj24ZG3zdF9uYWl3on0sopF0dHJ1YnV0ZSoIeyJ2eXB3cpx1bps4Ons4YWN06XZ3oj2xLCJs6Wmroj24o4w4dGFyZiV0oj24o4w46HRtbCoIo4J9LCJ1bWFnZSoIeyJhYgR1dpU4OjAsonBhdG54O4o4LCJz6X13Xg54O4o4LCJz6X13Xgk4O4o4LCJ2dGlsoj24onl9fSx7opZ1ZWxkoj24cgRhdGU4LCJhbG3hcyoIonR4XgVzZXJzo4w4bGFuZgVhZiU4O3tdLCJsYWJ3bCoIo3N0YXR3oEmhbWU4LCJi6WVgoj2xLCJkZXRh6Ww4OjEsonNvcnRhYpx3oj2xLCJzZWFyYi54OjEsopRvdimsbiFkoj2xLCJpcp9IZWa4OjEsond1ZHR2oj24MTAwo4w4YWx1Zia4O4JsZWZ0o4w4ci9ydGx1cgQ4O4oxMCosopNvbpa4Ons4dpFs6WQ4O4oxo4w4ZGo4O4JzdGF0ZXNfbpFtZSosopt3eSoIonN0YXR3Xi3ko4w4ZG3zcGxheSoIonN0YXR3XimhbWU4fSw4YXR0cp34dXR3oj17ophmcGVybG3u6yoIeyJhYgR1dpU4OjEsopx1bps4O4o4LCJ0YXJnZXQ4O4o4LCJ2dGlsoj24on0sop3tYWd3oj17opFjdG3iZSoIMCw4cGF06CoIo4osonN1epVfeCoIo4osonN1epVfeSoIo4osoph0bWw4O4o4fXl9LHs4Zp33bGQ4O4JhZGRyZXNzMSosopFs6WFzoj24dGJfdXN3cnM4LCJsYWmndWFnZSoIWl0sopxhYpVsoj24QWRkcpVzczE4LCJi6WVgoj2wLCJkZXRh6Ww4OjAsonNvcnRhYpx3oj2wLCJzZWFyYi54OjEsopRvdimsbiFkoj2wLCJpcp9IZWa4OjEsond1ZHR2oj24MTAwo4w4YWx1Zia4O4JsZWZ0o4w4ci9ydGx1cgQ4O4oxMSosopNvbpa4Ons4dpFs6WQ4O4owo4w4ZGo4O4o4LCJrZXk4O4o4LCJk6XNwbGFmoj24on0sopF0dHJ1YnV0ZSoIeyJ2eXB3cpx1bps4Ons4YWN06XZ3oj2xLCJs6Wmroj24o4w4dGFyZiV0oj24o4w46HRtbCoIo4J9LCJ1bWFnZSoIeyJhYgR1dpU4OjAsonBhdG54O4o4LCJz6X13Xg54O4o4LCJz6X13Xgk4O4o4LCJ2dGlsoj24onl9fSx7opZ1ZWxkoj24YWRkcpVzczo4LCJhbG3hcyoIonR4XgVzZXJzo4w4bGFuZgVhZiU4O3tdLCJsYWJ3bCoIokFkZHJ3cgMyo4w4dp33dyoIMCw4ZGV0YW3soj2wLCJzbgJ0YWJsZSoIMCw4ciVhcpN2oj2xLCJkbgdubG9hZCoIMCw4ZnJvepVuoj2xLCJg6WR06CoIojEwMCosopFs6Wduoj24bGVpdCosonNvcnRs6XN0oj24MTo4LCJjbimuoj17onZhbG3koj24MCosopR4oj24o4w46iVmoj24o4w4ZG3zcGxheSoIo4J9LCJhdHRy6WJldGU4Ons46H3wZXJs6Wmroj17opFjdG3iZSoIMSw4bG3u6yoIo4osonRhcpd3dCoIo4osoph0bWw4O4o4fSw46WlhZiU4Ons4YWN06XZ3oj2wLCJwYXR2oj24o4w4ci3IZV9aoj24o4w4ci3IZV9moj24o4w46HRtbCoIo4J9fX0seyJp6WVsZCoIop9yZiFu6X1hdG3vb4osopFs6WFzoj24dGJfdXN3cnM4LCJsYWmndWFnZSoIWl0sopxhYpVsoj24TgJnYWm1epF06W9uo4w4dp33dyoIMSw4ZGV0YW3soj2xLCJzbgJ0YWJsZSoIMSw4ciVhcpN2oj2xLCJkbgdubG9hZCoIMSw4ZnJvepVuoj2xLCJg6WR06CoIojEwMCosopFs6Wduoj24bGVpdCosonNvcnRs6XN0oj24MTM4LCJjbimuoj17onZhbG3koj24MCosopR4oj24o4w46iVmoj24o4w4ZG3zcGxheSoIo4J9LCJhdHRy6WJldGU4Ons46H3wZXJs6Wmroj17opFjdG3iZSoIMSw4bG3u6yoIo4osonRhcpd3dCoIo4osoph0bWw4O4o4fSw46WlhZiU4Ons4YWN06XZ3oj2wLCJwYXR2oj24o4w4ci3IZV9aoj24o4w4ci3IZV9moj24o4w46HRtbCoIo4J9fX0seyJp6WVsZCoIopFiYXRhc4osopFs6WFzoj24dGJfdXN3cnM4LCJsYWmndWFnZSoIWl0sopxhYpVsoj24QXZhdGFyo4w4dp33dyoIMCw4ZGV0YW3soj2wLCJzbgJ0YWJsZSoIMCw4ciVhcpN2oj2xLCJkbgdubG9hZCoIMCw4ZnJvepVuoj2xLCJg6WR06CoIojEwMCosopFs6Wduoj24bGVpdCosonNvcnRs6XN0oj24MTQ4LCJjbimuoj17onZhbG3koj24MCosopR4oj24o4w46iVmoj24o4w4ZG3zcGxheSoIo4J9LCJhdHRy6WJldGU4Ons46H3wZXJs6Wmroj17opFjdG3iZSoIMSw4bG3u6yoIo4osonRhcpd3dCoIo4osoph0bWw4O4o4fSw46WlhZiU4Ons4YWN06XZ3oj2wLCJwYXR2oj24o4w4ci3IZV9aoj24o4w4ci3IZV9moj24o4w46HRtbCoIo4J9fX0seyJp6WVsZCoIopFjdG3iZSosopFs6WFzoj24dGJfdXN3cnM4LCJsYWmndWFnZSoIWl0sopxhYpVsoj24QWN06XZ3o4w4dp33dyoIMSw4ZGV0YW3soj2xLCJzbgJ0YWJsZSoIMSw4ciVhcpN2oj2xLCJkbgdubG9hZCoIMSw4ZnJvepVuoj2xLCJg6WR06CoIojEwMCosopFs6Wduoj24bGVpdCosonNvcnRs6XN0oj24MTU4LCJjbimuoj17onZhbG3koj24MCosopR4oj24o4w46iVmoj24o4w4ZG3zcGxheSoIo4J9LCJhdHRy6WJldGU4Ons46H3wZXJs6Wmroj17opFjdG3iZSoIMSw4bG3u6yoIo4osonRhcpd3dCoIo4osoph0bWw4O4o4fSw46WlhZiU4Ons4YWN06XZ3oj2wLCJwYXR2oj24o4w4ci3IZV9aoj24o4w4ci3IZV9moj24o4w46HRtbCoIo4J9fX0seyJp6WVsZCoIopxvZi3uXiF0dGVtcHQ4LCJhbG3hcyoIonR4XgVzZXJzo4w4bGFuZgVhZiU4O3tdLCJsYWJ3bCoIokxvZi3uoEF0dGVtcHQ4LCJi6WVgoj2wLCJkZXRh6Ww4OjAsonNvcnRhYpx3oj2wLCJzZWFyYi54OjEsopRvdimsbiFkoj2wLCJpcp9IZWa4OjEsond1ZHR2oj24MTAwo4w4YWx1Zia4O4JsZWZ0o4w4ci9ydGx1cgQ4O4oxN4osopNvbpa4Ons4dpFs6WQ4O4owo4w4ZGo4O4o4LCJrZXk4O4o4LCJk6XNwbGFmoj24on0sopF0dHJ1YnV0ZSoIeyJ2eXB3cpx1bps4Ons4YWN06XZ3oj2xLCJs6Wmroj24o4w4dGFyZiV0oj24o4w46HRtbCoIo4J9LCJ1bWFnZSoIeyJhYgR1dpU4OjAsonBhdG54O4o4LCJz6X13Xg54O4o4LCJz6X13Xgk4O4o4LCJ2dGlsoj24onl9fSx7opZ1ZWxkoj24bGFzdF9sbid1b4osopFs6WFzoj24dGJfdXN3cnM4LCJsYWmndWFnZSoIWl0sopxhYpVsoj24TGFzdCBMbid1b4osonZ1ZXc4OjAsopR3dGF1bCoIMCw4ci9ydGF4bGU4OjAsonN3YXJj6CoIMSw4ZG9gbpxvYWQ4OjAsopZybg13b4oIMSw4di3kdG54O4oxMDA4LCJhbG3nb4oIopx3ZnQ4LCJzbgJ0bG3zdCoIojEgo4w4Yi9ub4oIeyJiYWx1ZCoIojA4LCJkY4oIo4osopt3eSoIo4osopR1cgBsYXk4O4o4fSw4YXR0cp34dXR3oj17ophmcGVybG3u6yoIeyJhYgR1dpU4OjEsopx1bps4O4o4LCJ0YXJnZXQ4O4o4LCJ2dGlsoj24on0sop3tYWd3oj17opFjdG3iZSoIMCw4cGF06CoIo4osonN1epVfeCoIo4osonN1epVfeSoIo4osoph0bWw4O4o4fXl9LHs4Zp33bGQ4O4JjcpVhdGVkXiF0o4w4YWx1YXM4O4J0Y39lciVycyosopxhbpdlYWd3oj1bXSw4bGF4ZWw4O4JDcpVhdGVkoEF0o4w4dp33dyoIMSw4ZGV0YW3soj2xLCJzbgJ0YWJsZSoIMSw4ciVhcpN2oj2xLCJkbgdubG9hZCoIMSw4ZnJvepVuoj2xLCJg6WR06CoIojEwMCosopFs6Wduoj24bGVpdCosonNvcnRs6XN0oj24MT54LCJjbimuoj17onZhbG3koj24MCosopR4oj24o4w46iVmoj24o4w4ZG3zcGxheSoIo4J9LCJhdHRy6WJldGU4Ons46H3wZXJs6Wmroj17opFjdG3iZSoIMSw4bG3u6yoIo4osonRhcpd3dCoIo4osoph0bWw4O4o4fSw46WlhZiU4Ons4YWN06XZ3oj2wLCJwYXR2oj24o4w4ci3IZV9aoj24o4w4ci3IZV9moj24o4w46HRtbCoIo4J9fX0seyJp6WVsZCoIonVwZGF0ZWRfYXQ4LCJhbG3hcyoIonR4XgVzZXJzo4w4bGFuZgVhZiU4O3tdLCJsYWJ3bCoIo3VwZGF0ZWQ5QXQ4LCJi6WVgoj2xLCJkZXRh6Ww4OjEsonNvcnRhYpx3oj2xLCJzZWFyYi54OjEsopRvdimsbiFkoj2xLCJpcp9IZWa4OjEsond1ZHR2oj24MTAwo4w4YWx1Zia4O4JsZWZ0o4w4ci9ydGx1cgQ4O4oxOSosopNvbpa4Ons4dpFs6WQ4O4owo4w4ZGo4O4o4LCJrZXk4O4o4LCJk6XNwbGFmoj24on0sopF0dHJ1YnV0ZSoIeyJ2eXB3cpx1bps4Ons4YWN06XZ3oj2xLCJs6Wmroj24o4w4dGFyZiV0oj24o4w46HRtbCoIo4J9LCJ1bWFnZSoIeyJhYgR1dpU4OjAsonBhdG54O4o4LCJz6X13Xg54O4o4LCJz6X13Xgk4O4o4LCJ2dGlsoj24onl9fSx7opZ1ZWxkoj24cpVt6WmkZXo4LCJhbG3hcyoIonR4XgVzZXJzo4w4bGFuZgVhZiU4O3tdLCJsYWJ3bCoIo3J3bW3uZGVyo4w4dp33dyoIMCw4ZGV0YW3soj2wLCJzbgJ0YWJsZSoIMCw4ciVhcpN2oj2xLCJkbgdubG9hZCoIMCw4ZnJvepVuoj2xLCJg6WR06CoIojEwMCosopFs6Wduoj24bGVpdCosonNvcnRs6XN0oj24MjA4LCJjbimuoj17onZhbG3koj24MCosopR4oj24o4w46iVmoj24o4w4ZG3zcGxheSoIo4J9LCJhdHRy6WJldGU4Ons46H3wZXJs6Wmroj17opFjdG3iZSoIMSw4bG3u6yoIo4osonRhcpd3dCoIo4osoph0bWw4O4o4fSw46WlhZiU4Ons4YWN06XZ3oj2wLCJwYXR2oj24o4w4ci3IZV9aoj24o4w4ci3IZV9moj24o4w46HRtbCoIo4J9fX0seyJp6WVsZCoIopFjdG3iYXR1bia4LCJhbG3hcyoIonR4XgVzZXJzo4w4bGFuZgVhZiU4O3tdLCJsYWJ3bCoIokFjdG3iYXR1bia4LCJi6WVgoj2wLCJkZXRh6Ww4OjAsonNvcnRhYpx3oj2wLCJzZWFyYi54OjEsopRvdimsbiFkoj2wLCJpcp9IZWa4OjEsond1ZHR2oj24MTAwo4w4YWx1Zia4O4JsZWZ0o4w4ci9ydGx1cgQ4O4oyMSosopNvbpa4Ons4dpFs6WQ4O4owo4w4ZGo4O4o4LCJrZXk4O4o4LCJk6XNwbGFmoj24on0sopF0dHJ1YnV0ZSoIeyJ2eXB3cpx1bps4Ons4YWN06XZ3oj2xLCJs6Wmroj24o4w4dGFyZiV0oj24o4w46HRtbCoIo4J9LCJ1bWFnZSoIeyJhYgR1dpU4OjAsonBhdG54O4o4LCJz6X13Xg54O4o4LCJz6X13Xgk4O4o4LCJ2dGlsoj24onl9fSx7opZ1ZWxkoj24cpVtZWl4ZXJfdG9rZWa4LCJhbG3hcyoIonR4XgVzZXJzo4w4bGFuZgVhZiU4O3tdLCJsYWJ3bCoIo3J3bWVtYpVyoFRv6iVuo4w4dp33dyoIMCw4ZGV0YW3soj2wLCJzbgJ0YWJsZSoIMCw4ciVhcpN2oj2xLCJkbgdubG9hZCoIMCw4ZnJvepVuoj2xLCJg6WR06CoIojEwMCosopFs6Wduoj24bGVpdCosonNvcnRs6XN0oj24Mjo4LCJjbimuoj17onZhbG3koj24MCosopR4oj24o4w46iVmoj24o4w4ZG3zcGxheSoIo4J9LCJhdHRy6WJldGU4Ons46H3wZXJs6Wmroj17opFjdG3iZSoIMSw4bG3u6yoIo4osonRhcpd3dCoIo4osoph0bWw4O4o4fSw46WlhZiU4Ons4YWN06XZ3oj2wLCJwYXR2oj24o4w4ci3IZV9aoj24o4w4ci3IZV9moj24o4w46HRtbCoIo4J9fX0seyJp6WVsZCoIonRv6iVuo4w4YWx1YXM4O4J0Y39lciVycyosopxhbpdlYWd3oj1bXSw4bGF4ZWw4O4JUbit3b4osonZ1ZXc4OjAsopR3dGF1bCoIMCw4ci9ydGF4bGU4OjAsonN3YXJj6CoIMSw4ZG9gbpxvYWQ4OjAsopZybg13b4oIMSw4di3kdG54O4oxMDA4LCJhbG3nb4oIopx3ZnQ4LCJzbgJ0bG3zdCoIojozo4w4Yi9ub4oIeyJiYWx1ZCoIojA4LCJkY4oIo4osopt3eSoIo4osopR1cgBsYXk4O4o4fSw4YXR0cp34dXR3oj17ophmcGVybG3u6yoIeyJhYgR1dpU4OjEsopx1bps4O4o4LCJ0YXJnZXQ4O4o4LCJ2dGlsoj24on0sop3tYWd3oj17opFjdG3iZSoIMCw4cGF06CoIo4osonN1epVfeCoIo4osonN1epVfeSoIo4osoph0bWw4O4o4fXl9LHs4Zp33bGQ4O4JkZXZ1YiVfdG9rZWa4LCJhbG3hcyoIonR4XgVzZXJzo4w4bGFuZgVhZiU4O3tdLCJsYWJ3bCoIokR3dp3jZSBUbit3b4osonZ1ZXc4OjAsopR3dGF1bCoIMCw4ci9ydGF4bGU4OjAsonN3YXJj6CoIMSw4ZG9gbpxvYWQ4OjAsopZybg13b4oIMSw4di3kdG54O4oxMDA4LCJhbG3nb4oIopx3ZnQ4LCJzbgJ0bG3zdCoIojo0o4w4Yi9ub4oIeyJiYWx1ZCoIojA4LCJkY4oIo4osopt3eSoIo4osopR1cgBsYXk4O4o4fSw4YXR0cp34dXR3oj17ophmcGVybG3u6yoIeyJhYgR1dpU4OjEsopx1bps4O4o4LCJ0YXJnZXQ4O4o4LCJ2dGlsoj24on0sop3tYWd3oj17opFjdG3iZSoIMCw4cGF06CoIo4osonN1epVfeCoIo4osonN1epVfeSoIo4osoph0bWw4O4o4fXl9XSw4Zp9ybXM4O3t7opZ1ZWxkoj246WQ4LCJhbG3hcyoIonR4XgVzZXJzo4w4bGFuZgVhZiU4O3tdLCJsYWJ3bCoIok3ko4w4Zp9ybV9ncp9lcCoIo4osonJ3cXV1cpVkoj24MCosonZ1ZXc4OjEsonRmcGU4O4J26WRkZWa4LCJhZGQ4OjEsonN1epU4O4owo4w4ZWR1dCoIMSw4ciVhcpN2oj2wLCJzbgJ0bG3zdCoIojA4LCJvcHR1bia4Ons4bgB0XgRmcGU4O4o4LCJsbi9rdXBfcXV3cnk4O4o4LCJsbi9rdXBfdGF4bGU4O4o4LCJsbi9rdXBf6iVmoj24o4w4bG9v6gVwXgZhbHV3oj24o4w46XNfZGVwZWmkZWmjeSoIo4osop3zXillbHR1cGx3oj24o4w4bG9v6gVwXiR3cGVuZGVuYg3f6iVmoj24o4w4cGF06F90bl9lcGxvYWQ4O4o4LCJyZXN1epVfdi3kdG54O4o4LCJyZXN1epVf6GV1Zih0oj24o4w4dXBsbiFkXgRmcGU4O4o4LCJ0bi9sdG3woj24o4w4YXR0cp34dXR3oj24o4w4ZXh0ZWmkXiNsYXNzoj24onl9LHs4Zp33bGQ4O4Jncp9lcF91ZCosopFs6WFzoj24dGJfdXN3cnM4LCJsYWmndWFnZSoIWl0sopxhYpVsoj24RgJvdXA5SWQ4LCJpbgJtXidybgVwoj24o4w4cpVxdW3yZWQ4O4JyZXFl6XJ3ZCosonZ1ZXc4OjEsonRmcGU4O4JzZWx3YgQ4LCJhZGQ4OjEsonN1epU4O4owo4w4ZWR1dCoIMSw4ciVhcpN2oj24MSosonNvcnRs6XN0oj24MSosop9wdG3vb4oIeyJvcHRfdH3wZSoIopVadGVybpFso4w4bG9v6gVwXgFlZXJmoj24o4w4bG9v6gVwXgRhYpx3oj24dGJfZgJvdXBzo4w4bG9v6gVwXit3eSoIopdybgVwXi3ko4w4bG9v6gVwXgZhbHV3oj24bpFtZSosop3zXiR3cGVuZGVuYgk4O4oxo4w46XNfbXVsdG3wbGU4O4o4LCJsbi9rdXBfZGVwZWmkZWmjeV9rZXk4O4o4LCJwYXR2XgRvXgVwbG9hZCoIo4osonJ3ci3IZV9g6WR06CoIo4osonJ3ci3IZV92ZW3n6HQ4O4o4LCJlcGxvYWRfdH3wZSoIo4osonRvbix06XA4O4o4LCJhdHRy6WJldGU4O4o4LCJ3eHR3bpRfYixhcgM4O4o4fX0seyJp6WVsZCoIonVzZXJuYWl3o4w4YWx1YXM4O4J0Y39lciVycyosopxhbpdlYWd3oj1bXSw4bGF4ZWw4O4JVciVybpFtZSosopZvcplfZgJvdXA4O4o4LCJyZXFl6XJ3ZCoIonJ3cXV1cpVko4w4dp33dyoIMSw4dH3wZSoIonR3eHQ4LCJhZGQ4OjEsonN1epU4O4owo4w4ZWR1dCoIMSw4ciVhcpN2oj2wLCJzbgJ0bG3zdCoIojo4LCJvcHR1bia4Ons4bgB0XgRmcGU4O4o4LCJsbi9rdXBfcXV3cnk4O4o4LCJsbi9rdXBfdGF4bGU4O4o4LCJsbi9rdXBf6iVmoj24o4w4bG9v6gVwXgZhbHV3oj24o4w46XNfZGVwZWmkZWmjeSoIo4osop3zXillbHR1cGx3oj24o4w4bG9v6gVwXiR3cGVuZGVuYg3f6iVmoj24o4w4cGF06F90bl9lcGxvYWQ4O4o4LCJyZXN1epVfdi3kdG54O4o4LCJyZXN1epVf6GV1Zih0oj24o4w4dXBsbiFkXgRmcGU4O4o4LCJ0bi9sdG3woj24o4w4YXR0cp34dXR3oj24o4w4ZXh0ZWmkXiNsYXNzoj24onl9LHs4Zp33bGQ4O4JwYXNzdi9yZCosopFs6WFzoj24dGJfdXN3cnM4LCJsYWmndWFnZSoIWl0sopxhYpVsoj24UGFzcgdvcpQ4LCJpbgJtXidybgVwoj24o4w4cpVxdW3yZWQ4O4JyZXFl6XJ3ZCosonZ1ZXc4OjEsonRmcGU4O4J0ZXh0o4w4YWRkoj2xLCJz6X13oj24MCosopVk6XQ4OjEsonN3YXJj6CoIMCw4ci9ydGx1cgQ4O4ozo4w4bgB06W9uoj17op9wdF90eXB3oj24o4w4bG9v6gVwXgFlZXJmoj24o4w4bG9v6gVwXgRhYpx3oj24o4w4bG9v6gVwXit3eSoIo4osopxvbitlcF9iYWxlZSoIo4osop3zXiR3cGVuZGVuYgk4O4o4LCJ1cl9tdWx06XBsZSoIo4osopxvbitlcF9kZXB3bpR3bpNmXit3eSoIo4osonBhdGhfdG9fdXBsbiFkoj24o4w4cpVz6X13Xgd1ZHR2oj24o4w4cpVz6X13Xih36Wd2dCoIo4osonVwbG9hZF90eXB3oj24o4w4dG9vbHR1cCoIo4osopF0dHJ1YnV0ZSoIo4osopVadGVuZF9jbGFzcyoIo4J9fSx7opZ1ZWxkoj24ZWlh6Ww4LCJhbG3hcyoIonR4XgVzZXJzo4w4bGFuZgVhZiU4O3tdLCJsYWJ3bCoIokVtYW3so4w4Zp9ybV9ncp9lcCoIo4osonJ3cXV1cpVkoj24cpVxdW3yZWQ4LCJi6WVgoj2xLCJ0eXB3oj24dGVadCosopFkZCoIMSw4ci3IZSoIojA4LCJ3ZG30oj2xLCJzZWFyYi54O4oxo4w4ci9ydGx1cgQ4O4o0o4w4bgB06W9uoj17op9wdF90eXB3oj24o4w4bG9v6gVwXgFlZXJmoj24o4w4bG9v6gVwXgRhYpx3oj24o4w4bG9v6gVwXit3eSoIo4osopxvbitlcF9iYWxlZSoIo4osop3zXiR3cGVuZGVuYgk4O4o4LCJ1cl9tdWx06XBsZSoIo4osopxvbitlcF9kZXB3bpR3bpNmXit3eSoIo4osonBhdGhfdG9fdXBsbiFkoj24o4w4cpVz6X13Xgd1ZHR2oj24o4w4cpVz6X13Xih36Wd2dCoIo4osonVwbG9hZF90eXB3oj24o4w4dG9vbHR1cCoIo4osopF0dHJ1YnV0ZSoIo4osopVadGVuZF9jbGFzcyoIo4J9fSx7opZ1ZWxkoj24bpFtZSosopFs6WFzoj24dGJfdXN3cnM4LCJsYWmndWFnZSoIWl0sopxhYpVsoj24TpFtZSosopZvcplfZgJvdXA4O4o4LCJyZXFl6XJ3ZCoIonJ3cXV1cpVko4w4dp33dyoIMSw4dH3wZSoIonR3eHQ4LCJhZGQ4OjEsonN1epU4O4owo4w4ZWR1dCoIMSw4ciVhcpN2oj24MSosonNvcnRs6XN0oj24NSosop9wdG3vb4oIeyJvcHRfdH3wZSoIo4osopxvbitlcF9xdWVyeSoIo4osopxvbitlcF90YWJsZSoIo4osopxvbitlcF9rZXk4O4o4LCJsbi9rdXBfdpFsdWU4O4o4LCJ1cl9kZXB3bpR3bpNmoj24o4w46XNfbXVsdG3wbGU4O4o4LCJsbi9rdXBfZGVwZWmkZWmjeV9rZXk4O4o4LCJwYXR2XgRvXgVwbG9hZCoIo4osonJ3ci3IZV9g6WR06CoIo4osonJ3ci3IZV92ZW3n6HQ4O4o4LCJlcGxvYWRfdH3wZSoIo4osonRvbix06XA4O4o4LCJhdHRy6WJldGU4O4o4LCJ3eHR3bpRfYixhcgM4O4o4fX0seyJp6WVsZCoIopd3bpR3c4osopFs6WFzoj24dGJfdXN3cnM4LCJsYWmndWFnZSoIWl0sopxhYpVsoj24RiVuZGVyo4w4Zp9ybV9ncp9lcCoIo4osonJ3cXV1cpVkoj24cpVxdW3yZWQ4LCJi6WVgoj2xLCJ0eXB3oj24ciVsZWN0o4w4YWRkoj2xLCJz6X13oj24MCosopVk6XQ4OjEsonN3YXJj6CoIojE4LCJzbgJ0bG3zdCoIojY4LCJvcHR1bia4Ons4bgB0XgRmcGU4O4JkYXRhbG3zdCosopxvbitlcF9xdWVyeSoIok0ITWFsZXxGOkZ3bWFsZSosopxvbitlcF90YWJsZSoIo4osopxvbitlcF9rZXk4O4o4LCJsbi9rdXBfdpFsdWU4O4o4LCJ1cl9kZXB3bpR3bpNmoj24o4w46XNfbXVsdG3wbGU4O4o4LCJsbi9rdXBfZGVwZWmkZWmjeV9rZXk4O4o4LCJwYXR2XgRvXgVwbG9hZCoIo4osonJ3ci3IZV9g6WR06CoIo4osonJ3ci3IZV92ZW3n6HQ4O4o4LCJlcGxvYWRfdH3wZSoIo4osonRvbix06XA4O4o4LCJhdHRy6WJldGU4O4o4LCJ3eHR3bpRfYixhcgM4O4o4fX0seyJp6WVsZCoIopZhdGh3c39uYWl3o4w4YWx1YXM4O4J0Y39lciVycyosopxhbpdlYWd3oj1bXSw4bGF4ZWw4O4JGYXR2ZXo5TpFtZSosopZvcplfZgJvdXA4O4o4LCJyZXFl6XJ3ZCoIonJ3cXV1cpVko4w4dp33dyoIMSw4dH3wZSoIonR3eHQ4LCJhZGQ4OjEsonN1epU4O4owo4w4ZWR1dCoIMSw4ciVhcpN2oj24MSosonNvcnRs6XN0oj24Nyosop9wdG3vb4oIeyJvcHRfdH3wZSoIo4osopxvbitlcF9xdWVyeSoIo4osopxvbitlcF90YWJsZSoIo4osopxvbitlcF9rZXk4O4o4LCJsbi9rdXBfdpFsdWU4O4o4LCJ1cl9kZXB3bpR3bpNmoj24o4w46XNfbXVsdG3wbGU4O4o4LCJsbi9rdXBfZGVwZWmkZWmjeV9rZXk4O4o4LCJwYXR2XgRvXgVwbG9hZCoIo4osonJ3ci3IZV9g6WR06CoIo4osonJ3ci3IZV92ZW3n6HQ4O4o4LCJlcGxvYWRfdH3wZSoIo4osonRvbix06XA4O4o4LCJhdHRy6WJldGU4O4o4LCJ3eHR3bpRfYixhcgM4O4o4fX0seyJp6WVsZCoIoplvYp3sZSosopFs6WFzoj24dGJfdXN3cnM4LCJsYWmndWFnZSoIWl0sopxhYpVsoj24TW946Wx3o4w4Zp9ybV9ncp9lcCoIo4osonJ3cXV1cpVkoj24cpVxdW3yZWQ4LCJi6WVgoj2xLCJ0eXB3oj24dGVadCosopFkZCoIMSw4ci3IZSoIojA4LCJ3ZG30oj2xLCJzZWFyYi54O4oxo4w4ci9ydGx1cgQ4O4oao4w4bgB06W9uoj17op9wdF90eXB3oj24o4w4bG9v6gVwXgFlZXJmoj24o4w4bG9v6gVwXgRhYpx3oj24o4w4bG9v6gVwXit3eSoIo4osopxvbitlcF9iYWxlZSoIo4osop3zXiR3cGVuZGVuYgk4O4o4LCJ1cl9tdWx06XBsZSoIo4osopxvbitlcF9kZXB3bpR3bpNmXit3eSoIo4osonBhdGhfdG9fdXBsbiFkoj24o4w4cpVz6X13Xgd1ZHR2oj24o4w4cpVz6X13Xih36Wd2dCoIo4osonVwbG9hZF90eXB3oj24o4w4dG9vbHR1cCoIo4osopF0dHJ1YnV0ZSoIo4osopVadGVuZF9jbGFzcyoIo4J9fSx7opZ1ZWxkoj24ZG3zdHJ1YgQ4LCJhbG3hcyoIonR4XgVzZXJzo4w4bGFuZgVhZiU4O3tdLCJsYWJ3bCoIokR1cgRy6WN0o4w4Zp9ybV9ncp9lcCoIo4osonJ3cXV1cpVkoj24cpVxdW3yZWQ4LCJi6WVgoj2xLCJ0eXB3oj24ciVsZWN0o4w4YWRkoj2xLCJz6X13oj24MCosopVk6XQ4OjEsonN3YXJj6CoIojE4LCJzbgJ0bG3zdCoIojk4LCJvcHR1bia4Ons4bgB0XgRmcGU4O4J3eHR3cpmhbCosopxvbitlcF9xdWVyeSoIo4osopxvbitlcF90YWJsZSoIonR4bF9k6XN0cp3jdHM4LCJsbi9rdXBf6iVmoj24ZG3zdF9ubyosopxvbitlcF9iYWxlZSoIopR1cgRfbpFtZSosop3zXiR3cGVuZGVuYgk4O4oxo4w46XNfbXVsdG3wbGU4O4o4LCJsbi9rdXBfZGVwZWmkZWmjeV9rZXk4O4o4LCJwYXR2XgRvXgVwbG9hZCoIo4osonJ3ci3IZV9g6WR06CoIo4osonJ3ci3IZV92ZW3n6HQ4O4o4LCJlcGxvYWRfdH3wZSoIo4osonRvbix06XA4O4o4LCJhdHRy6WJldGU4O4o4LCJ3eHR3bpRfYixhcgM4O4o4fX0seyJp6WVsZCoIonN0YXR3o4w4YWx1YXM4O4J0Y39lciVycyosopxhbpdlYWd3oj1bXSw4bGF4ZWw4O4JTdGF0ZSosopZvcplfZgJvdXA4O4o4LCJyZXFl6XJ3ZCoIonJ3cXV1cpVko4w4dp33dyoIMSw4dH3wZSoIonN3bGVjdCosopFkZCoIMSw4ci3IZSoIojA4LCJ3ZG30oj2xLCJzZWFyYi54O4oxo4w4ci9ydGx1cgQ4O4oxMCosop9wdG3vb4oIeyJvcHRfdH3wZSoIopVadGVybpFso4w4bG9v6gVwXgFlZXJmoj24o4w4bG9v6gVwXgRhYpx3oj24cgRhdGVzXimhbWU4LCJsbi9rdXBf6iVmoj24cgRhdGVf6WQ4LCJsbi9rdXBfdpFsdWU4O4JzdGF0ZV9uYWl3o4w46XNfZGVwZWmkZWmjeSoIojE4LCJ1cl9tdWx06XBsZSoIo4osopxvbitlcF9kZXB3bpR3bpNmXit3eSoIo4osonBhdGhfdG9fdXBsbiFkoj24o4w4cpVz6X13Xgd1ZHR2oj24o4w4cpVz6X13Xih36Wd2dCoIo4osonVwbG9hZF90eXB3oj24o4w4dG9vbHR1cCoIo4osopF0dHJ1YnV0ZSoIo4osopVadGVuZF9jbGFzcyoIo4J9fSx7opZ1ZWxkoj24YWRkcpVzczE4LCJhbG3hcyoIonR4XgVzZXJzo4w4bGFuZgVhZiU4O3tdLCJsYWJ3bCoIokFkZHJ3cgMxo4w4Zp9ybV9ncp9lcCoIo4osonJ3cXV1cpVkoj24cpVxdW3yZWQ4LCJi6WVgoj2xLCJ0eXB3oj24dGVadCosopFkZCoIMSw4ci3IZSoIojA4LCJ3ZG30oj2xLCJzZWFyYi54O4oxo4w4ci9ydGx1cgQ4O4oxMSosop9wdG3vb4oIeyJvcHRfdH3wZSoIo4osopxvbitlcF9xdWVyeSoIo4osopxvbitlcF90YWJsZSoIo4osopxvbitlcF9rZXk4O4o4LCJsbi9rdXBfdpFsdWU4O4o4LCJ1cl9kZXB3bpR3bpNmoj24o4w46XNfbXVsdG3wbGU4O4o4LCJsbi9rdXBfZGVwZWmkZWmjeV9rZXk4O4o4LCJwYXR2XgRvXgVwbG9hZCoIo4osonJ3ci3IZV9g6WR06CoIo4osonJ3ci3IZV92ZW3n6HQ4O4o4LCJlcGxvYWRfdH3wZSoIo4osonRvbix06XA4O4o4LCJhdHRy6WJldGU4O4o4LCJ3eHR3bpRfYixhcgM4O4o4fX0seyJp6WVsZCoIopFkZHJ3cgMyo4w4YWx1YXM4O4J0Y39lciVycyosopxhbpdlYWd3oj1bXSw4bGF4ZWw4O4JBZGRyZXNzM4osopZvcplfZgJvdXA4O4o4LCJyZXFl6XJ3ZCoIojA4LCJi6WVgoj2xLCJ0eXB3oj24dGVadCosopFkZCoIMSw4ci3IZSoIojA4LCJ3ZG30oj2xLCJzZWFyYi54O4oxo4w4ci9ydGx1cgQ4O4oxM4osop9wdG3vb4oIeyJvcHRfdH3wZSoIo4osopxvbitlcF9xdWVyeSoIo4osopxvbitlcF90YWJsZSoIo4osopxvbitlcF9rZXk4O4o4LCJsbi9rdXBfdpFsdWU4O4o4LCJ1cl9kZXB3bpR3bpNmoj24o4w46XNfbXVsdG3wbGU4O4o4LCJsbi9rdXBfZGVwZWmkZWmjeV9rZXk4O4o4LCJwYXR2XgRvXgVwbG9hZCoIo4osonJ3ci3IZV9g6WR06CoIo4osonJ3ci3IZV92ZW3n6HQ4O4o4LCJlcGxvYWRfdH3wZSoIo4osonRvbix06XA4O4o4LCJhdHRy6WJldGU4O4o4LCJ3eHR3bpRfYixhcgM4O4o4fX0seyJp6WVsZCoIop9yZiFu6X1hdG3vb4osopFs6WFzoj24dGJfdXN3cnM4LCJsYWmndWFnZSoIWl0sopxhYpVsoj24TgJnYWm1epF06W9uo4w4Zp9ybV9ncp9lcCoIo4osonJ3cXV1cpVkoj24cpVxdW3yZWQ4LCJi6WVgoj2xLCJ0eXB3oj24dGVadCosopFkZCoIMSw4ci3IZSoIojA4LCJ3ZG30oj2xLCJzZWFyYi54O4oxo4w4ci9ydGx1cgQ4O4oxMyosop9wdG3vb4oIeyJvcHRfdH3wZSoIo4osopxvbitlcF9xdWVyeSoIo4osopxvbitlcF90YWJsZSoIo4osopxvbitlcF9rZXk4O4o4LCJsbi9rdXBfdpFsdWU4O4o4LCJ1cl9kZXB3bpR3bpNmoj24o4w46XNfbXVsdG3wbGU4O4o4LCJsbi9rdXBfZGVwZWmkZWmjeV9rZXk4O4o4LCJwYXR2XgRvXgVwbG9hZCoIo4osonJ3ci3IZV9g6WR06CoIo4osonJ3ci3IZV92ZW3n6HQ4O4o4LCJlcGxvYWRfdH3wZSoIo4osonRvbix06XA4O4o4LCJhdHRy6WJldGU4O4o4LCJ3eHR3bpRfYixhcgM4O4o4fX0seyJp6WVsZCoIopFiYXRhc4osopFs6WFzoj24dGJfdXN3cnM4LCJsYWmndWFnZSoIWl0sopxhYpVsoj24QXZhdGFyo4w4Zp9ybV9ncp9lcCoIo4osonJ3cXV1cpVkoj24MCosonZ1ZXc4OjAsonRmcGU4O4J0ZXh0o4w4YWRkoj2xLCJz6X13oj24MCosopVk6XQ4OjEsonN3YXJj6CoIMCw4ci9ydGx1cgQ4O4oxNCosop9wdG3vb4oIeyJvcHRfdH3wZSoIo4osopxvbitlcF9xdWVyeSoIo4osopxvbitlcF90YWJsZSoIo4osopxvbitlcF9rZXk4O4o4LCJsbi9rdXBfdpFsdWU4O4o4LCJ1cl9kZXB3bpR3bpNmoj24o4w46XNfbXVsdG3wbGU4O4o4LCJsbi9rdXBfZGVwZWmkZWmjeV9rZXk4O4o4LCJwYXR2XgRvXgVwbG9hZCoIo4osonJ3ci3IZV9g6WR06CoIo4osonJ3ci3IZV92ZW3n6HQ4O4o4LCJlcGxvYWRfdH3wZSoIo4osonRvbix06XA4O4o4LCJhdHRy6WJldGU4O4o4LCJ3eHR3bpRfYixhcgM4O4o4fX0seyJp6WVsZCoIopFjdG3iZSosopFs6WFzoj24dGJfdXN3cnM4LCJsYWmndWFnZSoIWl0sopxhYpVsoj24QWN06XZ3o4w4Zp9ybV9ncp9lcCoIo4osonJ3cXV1cpVkoj24MCosonZ1ZXc4OjAsonRmcGU4O4J0ZXh0o4w4YWRkoj2xLCJz6X13oj24MCosopVk6XQ4OjEsonN3YXJj6CoIMCw4ci9ydGx1cgQ4O4oxNSosop9wdG3vb4oIeyJvcHRfdH3wZSoIo4osopxvbitlcF9xdWVyeSoIo4osopxvbitlcF90YWJsZSoIo4osopxvbitlcF9rZXk4O4o4LCJsbi9rdXBfdpFsdWU4O4o4LCJ1cl9kZXB3bpR3bpNmoj24o4w46XNfbXVsdG3wbGU4O4o4LCJsbi9rdXBfZGVwZWmkZWmjeV9rZXk4O4o4LCJwYXR2XgRvXgVwbG9hZCoIo4osonJ3ci3IZV9g6WR06CoIo4osonJ3ci3IZV92ZW3n6HQ4O4o4LCJlcGxvYWRfdH3wZSoIo4osonRvbix06XA4O4o4LCJhdHRy6WJldGU4O4o4LCJ3eHR3bpRfYixhcgM4O4o4fX0seyJp6WVsZCoIopxvZi3uXiF0dGVtcHQ4LCJhbG3hcyoIonR4XgVzZXJzo4w4bGFuZgVhZiU4O3tdLCJsYWJ3bCoIokxvZi3uoEF0dGVtcHQ4LCJpbgJtXidybgVwoj24o4w4cpVxdW3yZWQ4O4owo4w4dp33dyoIMCw4dH3wZSoIonR3eHQ4LCJhZGQ4OjEsonN1epU4O4owo4w4ZWR1dCoIMSw4ciVhcpN2oj2wLCJzbgJ0bG3zdCoIojEio4w4bgB06W9uoj17op9wdF90eXB3oj24o4w4bG9v6gVwXgFlZXJmoj24o4w4bG9v6gVwXgRhYpx3oj24o4w4bG9v6gVwXit3eSoIo4osopxvbitlcF9iYWxlZSoIo4osop3zXiR3cGVuZGVuYgk4O4o4LCJ1cl9tdWx06XBsZSoIo4osopxvbitlcF9kZXB3bpR3bpNmXit3eSoIo4osonBhdGhfdG9fdXBsbiFkoj24o4w4cpVz6X13Xgd1ZHR2oj24o4w4cpVz6X13Xih36Wd2dCoIo4osonVwbG9hZF90eXB3oj24o4w4dG9vbHR1cCoIo4osopF0dHJ1YnV0ZSoIo4osopVadGVuZF9jbGFzcyoIo4J9fSx7opZ1ZWxkoj24bGFzdF9sbid1b4osopFs6WFzoj24dGJfdXN3cnM4LCJsYWmndWFnZSoIWl0sopxhYpVsoj24TGFzdCBMbid1b4osopZvcplfZgJvdXA4O4o4LCJyZXFl6XJ3ZCoIojA4LCJi6WVgoj2wLCJ0eXB3oj24dGVadF9kYXR3dG3tZSosopFkZCoIMSw4ci3IZSoIojA4LCJ3ZG30oj2xLCJzZWFyYi54OjAsonNvcnRs6XN0oj24MTc4LCJvcHR1bia4Ons4bgB0XgRmcGU4O4o4LCJsbi9rdXBfcXV3cnk4O4o4LCJsbi9rdXBfdGF4bGU4O4o4LCJsbi9rdXBf6iVmoj24o4w4bG9v6gVwXgZhbHV3oj24o4w46XNfZGVwZWmkZWmjeSoIo4osop3zXillbHR1cGx3oj24o4w4bG9v6gVwXiR3cGVuZGVuYg3f6iVmoj24o4w4cGF06F90bl9lcGxvYWQ4O4o4LCJyZXN1epVfdi3kdG54O4o4LCJyZXN1epVf6GV1Zih0oj24o4w4dXBsbiFkXgRmcGU4O4o4LCJ0bi9sdG3woj24o4w4YXR0cp34dXR3oj24o4w4ZXh0ZWmkXiNsYXNzoj24onl9LHs4Zp33bGQ4O4JjcpVhdGVkXiF0o4w4YWx1YXM4O4J0Y39lciVycyosopxhbpdlYWd3oj1bXSw4bGF4ZWw4O4JDcpVhdGVkoEF0o4w4Zp9ybV9ncp9lcCoIo4osonJ3cXV1cpVkoj24MCosonZ1ZXc4OjAsonRmcGU4O4J0ZXh0XiRhdGV06Wl3o4w4YWRkoj2xLCJz6X13oj24MCosopVk6XQ4OjEsonN3YXJj6CoIMCw4ci9ydGx1cgQ4O4oxOCosop9wdG3vb4oIeyJvcHRfdH3wZSoIo4osopxvbitlcF9xdWVyeSoIo4osopxvbitlcF90YWJsZSoIo4osopxvbitlcF9rZXk4O4o4LCJsbi9rdXBfdpFsdWU4O4o4LCJ1cl9kZXB3bpR3bpNmoj24o4w46XNfbXVsdG3wbGU4O4o4LCJsbi9rdXBfZGVwZWmkZWmjeV9rZXk4O4o4LCJwYXR2XgRvXgVwbG9hZCoIo4osonJ3ci3IZV9g6WR06CoIo4osonJ3ci3IZV92ZW3n6HQ4O4o4LCJlcGxvYWRfdH3wZSoIo4osonRvbix06XA4O4o4LCJhdHRy6WJldGU4O4o4LCJ3eHR3bpRfYixhcgM4O4o4fX0seyJp6WVsZCoIonVwZGF0ZWRfYXQ4LCJhbG3hcyoIonR4XgVzZXJzo4w4bGFuZgVhZiU4O3tdLCJsYWJ3bCoIo3VwZGF0ZWQ5QXQ4LCJpbgJtXidybgVwoj24o4w4cpVxdW3yZWQ4O4owo4w4dp33dyoIMCw4dH3wZSoIonR3eHRfZGF0ZXR1bWU4LCJhZGQ4OjEsonN1epU4O4owo4w4ZWR1dCoIMSw4ciVhcpN2oj2wLCJzbgJ0bG3zdCoIojEmo4w4bgB06W9uoj17op9wdF90eXB3oj24o4w4bG9v6gVwXgFlZXJmoj24o4w4bG9v6gVwXgRhYpx3oj24o4w4bG9v6gVwXit3eSoIo4osopxvbitlcF9iYWxlZSoIo4osop3zXiR3cGVuZGVuYgk4O4o4LCJ1cl9tdWx06XBsZSoIo4osopxvbitlcF9kZXB3bpR3bpNmXit3eSoIo4osonBhdGhfdG9fdXBsbiFkoj24o4w4cpVz6X13Xgd1ZHR2oj24o4w4cpVz6X13Xih36Wd2dCoIo4osonVwbG9hZF90eXB3oj24o4w4dG9vbHR1cCoIo4osopF0dHJ1YnV0ZSoIo4osopVadGVuZF9jbGFzcyoIo4J9fSx7opZ1ZWxkoj24cpVt6WmkZXo4LCJhbG3hcyoIonR4XgVzZXJzo4w4bGFuZgVhZiU4O3tdLCJsYWJ3bCoIo3J3bW3uZGVyo4w4Zp9ybV9ncp9lcCoIo4osonJ3cXV1cpVkoj24MCosonZ1ZXc4OjAsonRmcGU4O4J0ZXh0o4w4YWRkoj2xLCJz6X13oj24MCosopVk6XQ4OjEsonN3YXJj6CoIMCw4ci9ydGx1cgQ4O4oyMCosop9wdG3vb4oIeyJvcHRfdH3wZSoIo4osopxvbitlcF9xdWVyeSoIo4osopxvbitlcF90YWJsZSoIo4osopxvbitlcF9rZXk4O4o4LCJsbi9rdXBfdpFsdWU4O4o4LCJ1cl9kZXB3bpR3bpNmoj24o4w46XNfbXVsdG3wbGU4O4o4LCJsbi9rdXBfZGVwZWmkZWmjeV9rZXk4O4o4LCJwYXR2XgRvXgVwbG9hZCoIo4osonJ3ci3IZV9g6WR06CoIo4osonJ3ci3IZV92ZW3n6HQ4O4o4LCJlcGxvYWRfdH3wZSoIo4osonRvbix06XA4O4o4LCJhdHRy6WJldGU4O4o4LCJ3eHR3bpRfYixhcgM4O4o4fX0seyJp6WVsZCoIopFjdG3iYXR1bia4LCJhbG3hcyoIonR4XgVzZXJzo4w4bGFuZgVhZiU4O3tdLCJsYWJ3bCoIokFjdG3iYXR1bia4LCJpbgJtXidybgVwoj24o4w4cpVxdW3yZWQ4O4owo4w4dp33dyoIMCw4dH3wZSoIonR3eHQ4LCJhZGQ4OjEsonN1epU4O4owo4w4ZWR1dCoIMSw4ciVhcpN2oj2wLCJzbgJ0bG3zdCoIojoxo4w4bgB06W9uoj17op9wdF90eXB3oj24o4w4bG9v6gVwXgFlZXJmoj24o4w4bG9v6gVwXgRhYpx3oj24o4w4bG9v6gVwXit3eSoIo4osopxvbitlcF9iYWxlZSoIo4osop3zXiR3cGVuZGVuYgk4O4o4LCJ1cl9tdWx06XBsZSoIo4osopxvbitlcF9kZXB3bpR3bpNmXit3eSoIo4osonBhdGhfdG9fdXBsbiFkoj24o4w4cpVz6X13Xgd1ZHR2oj24o4w4cpVz6X13Xih36Wd2dCoIo4osonVwbG9hZF90eXB3oj24o4w4dG9vbHR1cCoIo4osopF0dHJ1YnV0ZSoIo4osopVadGVuZF9jbGFzcyoIo4J9fSx7opZ1ZWxkoj24cpVtZWl4ZXJfdG9rZWa4LCJhbG3hcyoIonR4XgVzZXJzo4w4bGFuZgVhZiU4O3tdLCJsYWJ3bCoIo3J3bWVtYpVyoFRv6iVuo4w4Zp9ybV9ncp9lcCoIo4osonJ3cXV1cpVkoj24MCosonZ1ZXc4OjAsonRmcGU4O4J0ZXh0o4w4YWRkoj2xLCJz6X13oj24MCosopVk6XQ4OjEsonN3YXJj6CoIMCw4ci9ydGx1cgQ4O4oyM4osop9wdG3vb4oIeyJvcHRfdH3wZSoIo4osopxvbitlcF9xdWVyeSoIo4osopxvbitlcF90YWJsZSoIo4osopxvbitlcF9rZXk4O4o4LCJsbi9rdXBfdpFsdWU4O4o4LCJ1cl9kZXB3bpR3bpNmoj24o4w46XNfbXVsdG3wbGU4O4o4LCJsbi9rdXBfZGVwZWmkZWmjeV9rZXk4O4o4LCJwYXR2XgRvXgVwbG9hZCoIo4osonJ3ci3IZV9g6WR06CoIo4osonJ3ci3IZV92ZW3n6HQ4O4o4LCJlcGxvYWRfdH3wZSoIo4osonRvbix06XA4O4o4LCJhdHRy6WJldGU4O4o4LCJ3eHR3bpRfYixhcgM4O4o4fX0seyJp6WVsZCoIonRv6iVuo4w4YWx1YXM4O4J0Y39lciVycyosopxhbpdlYWd3oj1bXSw4bGF4ZWw4O4JUbit3b4osopZvcplfZgJvdXA4O4o4LCJyZXFl6XJ3ZCoIojA4LCJi6WVgoj2wLCJ0eXB3oj24dGVadGFyZWE4LCJhZGQ4OjEsonN1epU4O4owo4w4ZWR1dCoIMSw4ciVhcpN2oj2wLCJzbgJ0bG3zdCoIojozo4w4bgB06W9uoj17op9wdF90eXB3oj24o4w4bG9v6gVwXgFlZXJmoj24o4w4bG9v6gVwXgRhYpx3oj24o4w4bG9v6gVwXit3eSoIo4osopxvbitlcF9iYWxlZSoIo4osop3zXiR3cGVuZGVuYgk4O4o4LCJ1cl9tdWx06XBsZSoIo4osopxvbitlcF9kZXB3bpR3bpNmXit3eSoIo4osonBhdGhfdG9fdXBsbiFkoj24o4w4cpVz6X13Xgd1ZHR2oj24o4w4cpVz6X13Xih36Wd2dCoIo4osonVwbG9hZF90eXB3oj24o4w4dG9vbHR1cCoIo4osopF0dHJ1YnV0ZSoIo4osopVadGVuZF9jbGFzcyoIo4J9fSx7opZ1ZWxkoj24ZGVi6WN3XgRv6iVuo4w4YWx1YXM4O4J0Y39lciVycyosopxhbpdlYWd3oj1bXSw4bGF4ZWw4O4JEZXZ1YiU5VG9rZWa4LCJpbgJtXidybgVwoj24o4w4cpVxdW3yZWQ4O4owo4w4dp33dyoIMCw4dH3wZSoIonR3eHRhcpVho4w4YWRkoj2xLCJz6X13oj24MCosopVk6XQ4OjEsonN3YXJj6CoIMCw4ci9ydGx1cgQ4O4oyNCosop9wdG3vb4oIeyJvcHRfdH3wZSoIo4osopxvbitlcF9xdWVyeSoIo4osopxvbitlcF90YWJsZSoIo4osopxvbitlcF9rZXk4O4o4LCJsbi9rdXBfdpFsdWU4O4o4LCJ1cl9kZXB3bpR3bpNmoj24o4w46XNfbXVsdG3wbGU4O4o4LCJsbi9rdXBfZGVwZWmkZWmjeV9rZXk4O4o4LCJwYXR2XgRvXgVwbG9hZCoIo4osonJ3ci3IZV9g6WR06CoIo4osonJ3ci3IZV92ZW3n6HQ4O4o4LCJlcGxvYWRfdH3wZSoIo4osonRvbix06XA4O4o4LCJhdHRy6WJldGU4O4o4LCJ3eHR3bpRfYixhcgM4O4o4fXldfQ==',	NULL),
(69,	'cases',	'tblcases',	'tblcases',	NULL,	'2017-12-14 19:48:16',	NULL,	'tbl_case',	'case_id',	'addon',	'eyJzcWxfciVsZWN0oj24oFNFTEVDVCB0YpxfYiFzZSaqoEZST005dGJsXiNhciU5o4w4cgFsXgd2ZXJ3oj24oFdoRVJFoHR4bF9jYXN3LpNhciVf6WQ5SVM5Tk9UoEmVTEw4LCJzcWxfZgJvdXA4O4o4LCJ0YWJsZV9kY4oIonR4bF9jYXN3o4w4cHJ1bWFyeV9rZXk4O4JjYXN3Xi3ko4w4ZgJ1ZCoIWgs4Zp33bGQ4O4JjYXN3Xi3ko4w4YWx1YXM4O4J0YpxfYiFzZSosopxhbpdlYWd3oj1bXSw4bGF4ZWw4O4JTeXN0ZW05o03ko4w4dp33dyoIMSw4ZGV0YW3soj2xLCJzbgJ0YWJsZSoIMSw4ciVhcpN2oj2xLCJkbgdubG9hZCoIMSw4ZnJvepVuoj2xLCJg6WR06CoIojEwMCosopFs6Wduoj24bGVpdCosonNvcnRs6XN0oj24MCosopNvbpa4Ons4dpFs6WQ4O4owo4w4ZGo4O4o4LCJrZXk4O4o4LCJk6XNwbGFmoj24on0sopF0dHJ1YnV0ZSoIeyJ2eXB3cpx1bps4Ons4YWN06XZ3oj2xLCJs6Wmroj24o4w4dGFyZiV0oj24o4w46HRtbCoIo4J9LCJ1bWFnZSoIeyJhYgR1dpU4OjAsonBhdG54O4o4LCJz6X13Xg54O4o4LCJz6X13Xgk4O4o4LCJ2dGlsoj24onl9fSx7opZ1ZWxkoj24YiFzZV9lciVyXi3ko4w4YWx1YXM4O4J0YpxfYiFzZSosopxhbpdlYWd3oj1bXSw4bGF4ZWw4O4JVciVyo4w4dp33dyoIMSw4ZGV0YW3soj2xLCJzbgJ0YWJsZSoIMSw4ciVhcpN2oj2xLCJkbgdubG9hZCoIMSw4ZnJvepVuoj2xLCJg6WR06CoIojEwMCosopFs6Wduoj24bGVpdCosonNvcnRs6XN0oj24MSosopNvbpa4Ons4dpFs6WQ4O4oxo4w4ZGo4O4J0Y39lciVycyosopt3eSoIop3ko4w4ZG3zcGxheSoIopmhbWV8bW946Wx3on0sopF0dHJ1YnV0ZSoIeyJ2eXB3cpx1bps4Ons4YWN06XZ3oj2xLCJs6Wmroj24o4w4dGFyZiV0oj24o4w46HRtbCoIo4J9LCJ1bWFnZSoIeyJhYgR1dpU4OjAsonBhdG54O4o4LCJz6X13Xg54O4o4LCJz6X13Xgk4O4o4LCJ2dGlsoj24onl9fSx7opZ1ZWxkoj24YiFzZV9sZXR0ZXJfbnVtYpVyo4w4YWx1YXM4O4J0YpxfYiFzZSosopxhbpdlYWd3oj1bXSw4bGF4ZWw4O4JMZXR0ZXo5TnVtYpVyo4w4dp33dyoIMSw4ZGV0YW3soj2xLCJzbgJ0YWJsZSoIMSw4ciVhcpN2oj2xLCJkbgdubG9hZCoIMSw4ZnJvepVuoj2xLCJg6WR06CoIojEwMCosopFs6Wduoj24bGVpdCosonNvcnRs6XN0oj24M4osopNvbpa4Ons4dpFs6WQ4O4owo4w4ZGo4O4o4LCJrZXk4O4o4LCJk6XNwbGFmoj24on0sopF0dHJ1YnV0ZSoIeyJ2eXB3cpx1bps4Ons4YWN06XZ3oj2xLCJs6Wmroj24o4w4dGFyZiV0oj24o4w46HRtbCoIo4J9LCJ1bWFnZSoIeyJhYgR1dpU4OjAsonBhdG54O4o4LCJz6X13Xg54O4o4LCJz6X13Xgk4O4o4LCJ2dGlsoj24onl9fSx7opZ1ZWxkoj24YiFzZV9kYXR3o4w4YWx1YXM4O4J0YpxfYiFzZSosopxhbpdlYWd3oj1bXSw4bGF4ZWw4O4JEYXR3o4w4dp33dyoIMSw4ZGV0YW3soj2xLCJzbgJ0YWJsZSoIMSw4ciVhcpN2oj2xLCJkbgdubG9hZCoIMSw4ZnJvepVuoj2xLCJg6WR06CoIojEwMCosopFs6Wduoj24bGVpdCosonNvcnRs6XN0oj24MyosopNvbpa4Ons4dpFs6WQ4O4owo4w4ZGo4O4o4LCJrZXk4O4o4LCJk6XNwbGFmoj24on0sopF0dHJ1YnV0ZSoIeyJ2eXB3cpx1bps4Ons4YWN06XZ3oj2xLCJs6Wmroj24o4w4dGFyZiV0oj24o4w46HRtbCoIo4J9LCJ1bWFnZSoIeyJhYgR1dpU4OjAsonBhdG54O4o4LCJz6X13Xg54O4o4LCJz6X13Xgk4O4o4LCJ2dGlsoj24onl9fSx7opZ1ZWxkoj24YiFzZV9wZXR1dG3vbpVyXimhbWU4LCJhbG3hcyoIonR4bF9jYXN3o4w4bGFuZgVhZiU4O3tdLCJsYWJ3bCoIo3B3dG306W9uZXo5TpFtZSosonZ1ZXc4OjEsopR3dGF1bCoIMSw4ci9ydGF4bGU4OjEsonN3YXJj6CoIMSw4ZG9gbpxvYWQ4OjEsopZybg13b4oIMSw4di3kdG54O4oxMDA4LCJhbG3nb4oIopx3ZnQ4LCJzbgJ0bG3zdCoIojQ4LCJjbimuoj17onZhbG3koj24MCosopR4oj24o4w46iVmoj24o4w4ZG3zcGxheSoIo4J9LCJhdHRy6WJldGU4Ons46H3wZXJs6Wmroj17opFjdG3iZSoIMSw4bG3u6yoIo4osonRhcpd3dCoIo4osoph0bWw4O4o4fSw46WlhZiU4Ons4YWN06XZ3oj2wLCJwYXR2oj24o4w4ci3IZV9aoj24o4w4ci3IZV9moj24o4w46HRtbCoIo4J9fX0seyJp6WVsZCoIopNhciVfcpVzcG9uZGVudF9uYWl3o4w4YWx1YXM4O4J0YpxfYiFzZSosopxhbpdlYWd3oj1bXSw4bGF4ZWw4O4JSZXNwbimkZWm0oEmhbWU4LCJi6WVgoj2xLCJkZXRh6Ww4OjEsonNvcnRhYpx3oj2xLCJzZWFyYi54OjEsopRvdimsbiFkoj2xLCJpcp9IZWa4OjEsond1ZHR2oj24MTAwo4w4YWx1Zia4O4JsZWZ0o4w4ci9ydGx1cgQ4O4olo4w4Yi9ub4oIeyJiYWx1ZCoIojA4LCJkY4oIo4osopt3eSoIo4osopR1cgBsYXk4O4o4fSw4YXR0cp34dXR3oj17ophmcGVybG3u6yoIeyJhYgR1dpU4OjEsopx1bps4O4o4LCJ0YXJnZXQ4O4o4LCJ2dGlsoj24on0sop3tYWd3oj17opFjdG3iZSoIMCw4cGF06CoIo4osonN1epVfeCoIo4osonN1epVfeSoIo4osoph0bWw4O4o4fXl9LHs4Zp33bGQ4O4JjYXN3XgNlYp13YgQ4LCJhbG3hcyoIonR4bF9jYXN3o4w4bGFuZgVhZiU4O3tdLCJsYWJ3bCoIo3NlYp13YgQ4LCJi6WVgoj2xLCJkZXRh6Ww4OjEsonNvcnRhYpx3oj2xLCJzZWFyYi54OjEsopRvdimsbiFkoj2xLCJpcp9IZWa4OjEsond1ZHR2oj24MTAwo4w4YWx1Zia4O4JsZWZ0o4w4ci9ydGx1cgQ4O4oio4w4Yi9ub4oIeyJiYWx1ZCoIojA4LCJkY4oIo4osopt3eSoIo4osopR1cgBsYXk4O4o4fSw4YXR0cp34dXR3oj17ophmcGVybG3u6yoIeyJhYgR1dpU4OjEsopx1bps4O4o4LCJ0YXJnZXQ4O4o4LCJ2dGlsoj24on0sop3tYWd3oj17opFjdG3iZSoIMCw4cGF06CoIo4osonN1epVfeCoIo4osonN1epVfeSoIo4osoph0bWw4O4o4fXl9LHs4Zp33bGQ4O4JjYXN3XiNyZWF0ZWRfZGF0ZSosopFs6WFzoj24dGJsXiNhciU4LCJsYWmndWFnZSoIWl0sopxhYpVsoj24QgJ3YXR3ZCBEYXR3o4w4dp33dyoIMCw4ZGV0YW3soj2wLCJzbgJ0YWJsZSoIMCw4ciVhcpN2oj2xLCJkbgdubG9hZCoIMCw4ZnJvepVuoj2xLCJg6WR06CoIojEwMCosopFs6Wduoj24bGVpdCosonNvcnRs6XN0oj24NyosopNvbpa4Ons4dpFs6WQ4O4owo4w4ZGo4O4o4LCJrZXk4O4o4LCJk6XNwbGFmoj24on0sopF0dHJ1YnV0ZSoIeyJ2eXB3cpx1bps4Ons4YWN06XZ3oj2xLCJs6Wmroj24o4w4dGFyZiV0oj24o4w46HRtbCoIo4J9LCJ1bWFnZSoIeyJhYgR1dpU4OjAsonBhdG54O4o4LCJz6X13Xg54O4o4LCJz6X13Xgk4O4o4LCJ2dGlsoj24onl9fSx7opZ1ZWxkoj24YiFzZV9lcGRhdGVfZGF0ZSosopFs6WFzoj24dGJsXiNhciU4LCJsYWmndWFnZSoIWl0sopxhYpVsoj24VXBkYXR3oERhdGU4LCJi6WVgoj2wLCJkZXRh6Ww4OjAsonNvcnRhYpx3oj2wLCJzZWFyYi54OjEsopRvdimsbiFkoj2wLCJpcp9IZWa4OjEsond1ZHR2oj24MTAwo4w4YWx1Zia4O4JsZWZ0o4w4ci9ydGx1cgQ4O4oao4w4Yi9ub4oIeyJiYWx1ZCoIojA4LCJkY4oIo4osopt3eSoIo4osopR1cgBsYXk4O4o4fSw4YXR0cp34dXR3oj17ophmcGVybG3u6yoIeyJhYgR1dpU4OjEsopx1bps4O4o4LCJ0YXJnZXQ4O4o4LCJ2dGlsoj24on0sop3tYWd3oj17opFjdG3iZSoIMCw4cGF06CoIo4osonN1epVfeCoIo4osonN1epVfeSoIo4osoph0bWw4O4o4fXl9LHs4Zp33bGQ4O4JjYXN3XgN0YXRlcyosopFs6WFzoj24dGJsXiNhciU4LCJsYWmndWFnZSoIWl0sopxhYpVsoj24UgRhdHVzo4w4dp33dyoIMSw4ZGV0YW3soj2xLCJzbgJ0YWJsZSoIMSw4ciVhcpN2oj2xLCJkbgdubG9hZCoIMSw4ZnJvepVuoj2xLCJg6WR06CoIojEwMCosopFs6Wduoj24bGVpdCosonNvcnRs6XN0oj24OSosopNvbpa4Ons4dpFs6WQ4O4oxo4w4ZGo4O4J0Y39zdGF0dXM4LCJrZXk4O4JzdGF0dXNf6WQ4LCJk6XNwbGFmoj24cgRhdHVzXimhbWU4fSw4YXR0cp34dXR3oj17ophmcGVybG3u6yoIeyJhYgR1dpU4OjEsopx1bps4O4o4LCJ0YXJnZXQ4O4o4LCJ2dGlsoj24on0sop3tYWd3oj17opFjdG3iZSoIMCw4cGF06CoIo4osonN1epVfeCoIo4osonN1epVfeSoIo4osoph0bWw4O4o4fXl9LHs4Zp33bGQ4O4JjYXN3XiNldHR3bnRfcgRhdHVzo4w4YWx1YXM4O4J0YpxfYiFzZSosopxhbpdlYWd3oj1bXSw4bGF4ZWw4O4JDdXR0ZWm0oFN0YXRlcyosonZ1ZXc4OjEsopR3dGF1bCoIMSw4ci9ydGF4bGU4OjEsonN3YXJj6CoIMSw4ZG9gbpxvYWQ4OjEsopZybg13b4oIMSw4di3kdG54O4oxMDA4LCJhbG3nb4oIopx3ZnQ4LCJzbgJ0bG3zdCoIojEwo4w4Yi9ub4oIeyJiYWx1ZCoIojE4LCJkY4oIonR4bF9jdXJyZWm0XgN0YXRlcyosopt3eSoIopNlcnJ3bnRfcgRhdHVzXi3ko4w4ZG3zcGxheSoIopNlcnJ3bnRfcgRhdHVzXimhbWU4fSw4YXR0cp34dXR3oj17ophmcGVybG3u6yoIeyJhYgR1dpU4OjEsopx1bps4O4o4LCJ0YXJnZXQ4O4o4LCJ2dGlsoj24on0sop3tYWd3oj17opFjdG3iZSoIMCw4cGF06CoIo4osonN1epVfeCoIo4osonN1epVfeSoIo4osoph0bWw4O4o4fXl9XSw4Zp9ybXM4O3t7opZ1ZWxkoj24YiFzZV91ZCosopFs6WFzoj24dGJsXiNhciU4LCJsYWmndWFnZSoIWl0sopxhYpVsoj24QiFzZSBJZCosopZvcplfZgJvdXA4O4o4LCJyZXFl6XJ3ZCoIojA4LCJi6WVgoj2xLCJ0eXB3oj246G3kZGVuo4w4YWRkoj2xLCJz6X13oj24MCosopVk6XQ4OjEsonN3YXJj6CoIojE4LCJzbgJ0bG3zdCoIojA4LCJvcHR1bia4Ons4bgB0XgRmcGU4O4o4LCJsbi9rdXBfcXV3cnk4O4o4LCJsbi9rdXBfdGF4bGU4O4o4LCJsbi9rdXBf6iVmoj24o4w4bG9v6gVwXgZhbHV3oj24o4w46XNfZGVwZWmkZWmjeSoIo4osop3zXillbHR1cGx3oj24o4w4bG9v6gVwXiR3cGVuZGVuYg3f6iVmoj24o4w4cGF06F90bl9lcGxvYWQ4O4o4LCJyZXN1epVfdi3kdG54O4o4LCJyZXN1epVf6GV1Zih0oj24o4w4dXBsbiFkXgRmcGU4O4o4LCJ0bi9sdG3woj24o4w4YXR0cp34dXR3oj24o4w4ZXh0ZWmkXiNsYXNzoj24onl9LHs4Zp33bGQ4O4JjYXN3XgVzZXJf6WQ4LCJhbG3hcyoIonR4bF9jYXN3o4w4bGFuZgVhZiU4O3tdLCJsYWJ3bCoIo3VzZXo4LCJpbgJtXidybgVwoj24o4w4cpVxdW3yZWQ4O4JyZXFl6XJ3ZCosonZ1ZXc4OjEsonRmcGU4O4J26WRkZWa4LCJhZGQ4OjEsonN1epU4O4owo4w4ZWR1dCoIMSw4ciVhcpN2oj24MSosonNvcnRs6XN0oj24MSosop9wdG3vb4oIeyJvcHRfdH3wZSoIo4osopxvbitlcF9xdWVyeSoIo4osopxvbitlcF90YWJsZSoIo4osopxvbitlcF9rZXk4O4o4LCJsbi9rdXBfdpFsdWU4O4o4LCJ1cl9kZXB3bpR3bpNmoj24o4w46XNfbXVsdG3wbGU4O4o4LCJsbi9rdXBfZGVwZWmkZWmjeV9rZXk4O4o4LCJwYXR2XgRvXgVwbG9hZCoIo4osonJ3ci3IZV9g6WR06CoIo4osonJ3ci3IZV92ZW3n6HQ4O4o4LCJlcGxvYWRfdH3wZSoIo4osonRvbix06XA4O4o4LCJhdHRy6WJldGU4O4o4LCJ3eHR3bpRfYixhcgM4O4o4fX0seyJp6WVsZCoIopNhciVfbGV0dGVyXimlbWJ3c4osopFs6WFzoj24dGJsXiNhciU4LCJsYWmndWFnZSoIWl0sopxhYpVsoj24TGV0dGVyoEmlbWJ3c4osopZvcplfZgJvdXA4O4o4LCJyZXFl6XJ3ZCoIonJ3cXV1cpVko4w4dp33dyoIMSw4dH3wZSoIonR3eHQ4LCJhZGQ4OjEsonN1epU4O4owo4w4ZWR1dCoIMSw4ciVhcpN2oj24MSosonNvcnRs6XN0oj24M4osop9wdG3vb4oIeyJvcHRfdH3wZSoIo4osopxvbitlcF9xdWVyeSoIo4osopxvbitlcF90YWJsZSoIo4osopxvbitlcF9rZXk4O4o4LCJsbi9rdXBfdpFsdWU4O4o4LCJ1cl9kZXB3bpR3bpNmoj24o4w46XNfbXVsdG3wbGU4O4o4LCJsbi9rdXBfZGVwZWmkZWmjeV9rZXk4O4o4LCJwYXR2XgRvXgVwbG9hZCoIo4osonJ3ci3IZV9g6WR06CoIo4osonJ3ci3IZV92ZW3n6HQ4O4o4LCJlcGxvYWRfdH3wZSoIo4osonRvbix06XA4O4o4LCJhdHRy6WJldGU4O4o4LCJ3eHR3bpRfYixhcgM4O4o4fX0seyJp6WVsZCoIopNhciVfZGF0ZSosopFs6WFzoj24dGJsXiNhciU4LCJsYWmndWFnZSoIWl0sopxhYpVsoj24RGF0ZSosopZvcplfZgJvdXA4O4o4LCJyZXFl6XJ3ZCoIonJ3cXV1cpVko4w4dp33dyoIMSw4dH3wZSoIonR3eHRfZGF0ZSosopFkZCoIMSw4ci3IZSoIojA4LCJ3ZG30oj2xLCJzZWFyYi54O4oxo4w4ci9ydGx1cgQ4O4ozo4w4bgB06W9uoj17op9wdF90eXB3oj24o4w4bG9v6gVwXgFlZXJmoj24o4w4bG9v6gVwXgRhYpx3oj24o4w4bG9v6gVwXit3eSoIo4osopxvbitlcF9iYWxlZSoIo4osop3zXiR3cGVuZGVuYgk4O4o4LCJ1cl9tdWx06XBsZSoIo4osopxvbitlcF9kZXB3bpR3bpNmXit3eSoIo4osonBhdGhfdG9fdXBsbiFkoj24o4w4cpVz6X13Xgd1ZHR2oj24o4w4cpVz6X13Xih36Wd2dCoIo4osonVwbG9hZF90eXB3oj24o4w4dG9vbHR1cCoIo4osopF0dHJ1YnV0ZSoIo4osopVadGVuZF9jbGFzcyoIo4J9fSx7opZ1ZWxkoj24YiFzZV9wZXR1dG3vbpVyXimhbWU4LCJhbG3hcyoIonR4bF9jYXN3o4w4bGFuZgVhZiU4O3tdLCJsYWJ3bCoIo3B3dG306W9uZXo5TpFtZSosopZvcplfZgJvdXA4O4o4LCJyZXFl6XJ3ZCoIonJ3cXV1cpVko4w4dp33dyoIMSw4dH3wZSoIonR3eHQ4LCJhZGQ4OjEsonN1epU4O4owo4w4ZWR1dCoIMSw4ciVhcpN2oj24MSosonNvcnRs6XN0oj24NCosop9wdG3vb4oIeyJvcHRfdH3wZSoIo4osopxvbitlcF9xdWVyeSoIo4osopxvbitlcF90YWJsZSoIo4osopxvbitlcF9rZXk4O4o4LCJsbi9rdXBfdpFsdWU4O4o4LCJ1cl9kZXB3bpR3bpNmoj24o4w46XNfbXVsdG3wbGU4O4o4LCJsbi9rdXBfZGVwZWmkZWmjeV9rZXk4O4o4LCJwYXR2XgRvXgVwbG9hZCoIo4osonJ3ci3IZV9g6WR06CoIo4osonJ3ci3IZV92ZW3n6HQ4O4o4LCJlcGxvYWRfdH3wZSoIo4osonRvbix06XA4O4o4LCJhdHRy6WJldGU4O4o4LCJ3eHR3bpRfYixhcgM4O4o4fX0seyJp6WVsZCoIopNhciVfcpVzcG9uZGVudF9uYWl3o4w4YWx1YXM4O4J0YpxfYiFzZSosopxhbpdlYWd3oj1bXSw4bGF4ZWw4O4JSZXNwbimkZWm0oEmhbWU4LCJpbgJtXidybgVwoj24o4w4cpVxdW3yZWQ4O4JyZXFl6XJ3ZCosonZ1ZXc4OjEsonRmcGU4O4J0ZXh0o4w4YWRkoj2xLCJz6X13oj24MCosopVk6XQ4OjEsonN3YXJj6CoIojE4LCJzbgJ0bG3zdCoIojU4LCJvcHR1bia4Ons4bgB0XgRmcGU4O4o4LCJsbi9rdXBfcXV3cnk4O4o4LCJsbi9rdXBfdGF4bGU4O4o4LCJsbi9rdXBf6iVmoj24o4w4bG9v6gVwXgZhbHV3oj24o4w46XNfZGVwZWmkZWmjeSoIo4osop3zXillbHR1cGx3oj24o4w4bG9v6gVwXiR3cGVuZGVuYg3f6iVmoj24o4w4cGF06F90bl9lcGxvYWQ4O4o4LCJyZXN1epVfdi3kdG54O4o4LCJyZXN1epVf6GV1Zih0oj24o4w4dXBsbiFkXgRmcGU4O4o4LCJ0bi9sdG3woj24o4w4YXR0cp34dXR3oj24o4w4ZXh0ZWmkXiNsYXNzoj24onl9LHs4Zp33bGQ4O4JjYXN3XgNlYp13YgQ4LCJhbG3hcyoIonR4bF9jYXN3o4w4bGFuZgVhZiU4O3tdLCJsYWJ3bCoIo3NlYp13YgQ4LCJpbgJtXidybgVwoj24o4w4cpVxdW3yZWQ4O4owo4w4dp33dyoIMCw4dH3wZSoIonR3eHQ4LCJhZGQ4OjEsonN1epU4O4owo4w4ZWR1dCoIMSw4ciVhcpN2oj2wLCJzbgJ0bG3zdCoIojY4LCJvcHR1bia4Ons4bgB0XgRmcGU4O4o4LCJsbi9rdXBfcXV3cnk4O4o4LCJsbi9rdXBfdGF4bGU4O4o4LCJsbi9rdXBf6iVmoj24o4w4bG9v6gVwXgZhbHV3oj24o4w46XNfZGVwZWmkZWmjeSoIo4osop3zXillbHR1cGx3oj24o4w4bG9v6gVwXiR3cGVuZGVuYg3f6iVmoj24o4w4cGF06F90bl9lcGxvYWQ4O4o4LCJyZXN1epVfdi3kdG54O4o4LCJyZXN1epVf6GV1Zih0oj24o4w4dXBsbiFkXgRmcGU4O4o4LCJ0bi9sdG3woj24o4w4YXR0cp34dXR3oj24o4w4ZXh0ZWmkXiNsYXNzoj24onl9LHs4Zp33bGQ4O4JjYXN3XiNyZWF0ZWRfZGF0ZSosopFs6WFzoj24dGJsXiNhciU4LCJsYWmndWFnZSoIWl0sopxhYpVsoj24QgJ3YXR3ZCBEYXR3o4w4Zp9ybV9ncp9lcCoIo4osonJ3cXV1cpVkoj24MCosonZ1ZXc4OjAsonRmcGU4O4J0ZXh0XiRhdGV06Wl3o4w4YWRkoj2xLCJz6X13oj24MCosopVk6XQ4OjEsonN3YXJj6CoIMCw4ci9ydGx1cgQ4O4ogo4w4bgB06W9uoj17op9wdF90eXB3oj24o4w4bG9v6gVwXgFlZXJmoj24o4w4bG9v6gVwXgRhYpx3oj24o4w4bG9v6gVwXit3eSoIo4osopxvbitlcF9iYWxlZSoIo4osop3zXiR3cGVuZGVuYgk4O4o4LCJ1cl9tdWx06XBsZSoIo4osopxvbitlcF9kZXB3bpR3bpNmXit3eSoIo4osonBhdGhfdG9fdXBsbiFkoj24o4w4cpVz6X13Xgd1ZHR2oj24o4w4cpVz6X13Xih36Wd2dCoIo4osonVwbG9hZF90eXB3oj24o4w4dG9vbHR1cCoIo4osopF0dHJ1YnV0ZSoIo4osopVadGVuZF9jbGFzcyoIo4J9fSx7opZ1ZWxkoj24YiFzZV9lcGRhdGVfZGF0ZSosopFs6WFzoj24dGJsXiNhciU4LCJsYWmndWFnZSoIWl0sopxhYpVsoj24VXBkYXR3oERhdGU4LCJpbgJtXidybgVwoj24o4w4cpVxdW3yZWQ4O4owo4w4dp33dyoIMSw4dH3wZSoIoph1ZGR3b4osopFkZCoIMSw4ci3IZSoIojA4LCJ3ZG30oj2xLCJzZWFyYi54OjAsonNvcnRs6XN0oj24OCosop9wdG3vb4oIeyJvcHRfdH3wZSoIo4osopxvbitlcF9xdWVyeSoIo4osopxvbitlcF90YWJsZSoIo4osopxvbitlcF9rZXk4O4o4LCJsbi9rdXBfdpFsdWU4O4o4LCJ1cl9kZXB3bpR3bpNmoj24o4w46XNfbXVsdG3wbGU4O4o4LCJsbi9rdXBfZGVwZWmkZWmjeV9rZXk4O4o4LCJwYXR2XgRvXgVwbG9hZCoIo4osonJ3ci3IZV9g6WR06CoIo4osonJ3ci3IZV92ZW3n6HQ4O4o4LCJlcGxvYWRfdH3wZSoIo4osonRvbix06XA4O4o4LCJhdHRy6WJldGU4O4o4LCJ3eHR3bpRfYixhcgM4O4o4fX0seyJp6WVsZCoIopNhciVfcgRhdHVzo4w4YWx1YXM4O4J0YpxfYiFzZSosopxhbpdlYWd3oj1bXSw4bGF4ZWw4O4JTdGF0dXM4LCJpbgJtXidybgVwoj24o4w4cpVxdW3yZWQ4O4owo4w4dp33dyoIMCw4dH3wZSoIonN3bGVjdCosopFkZCoIMSw4ci3IZSoIojA4LCJ3ZG30oj2xLCJzZWFyYi54OjAsonNvcnRs6XN0oj24OSosop9wdG3vb4oIeyJvcHRfdH3wZSoIopVadGVybpFso4w4bG9v6gVwXgFlZXJmoj24o4w4bG9v6gVwXgRhYpx3oj24dGJfcgRhdHVzo4w4bG9v6gVwXit3eSoIonN0YXRlcl91ZCosopxvbitlcF9iYWxlZSoIonN0YXRlcl9uYWl3o4w46XNfZGVwZWmkZWmjeSoIojE4LCJ1cl9tdWx06XBsZSoIo4osopxvbitlcF9kZXB3bpR3bpNmXit3eSoIo4osonBhdGhfdG9fdXBsbiFkoj24o4w4cpVz6X13Xgd1ZHR2oj24o4w4cpVz6X13Xih36Wd2dCoIo4osonVwbG9hZF90eXB3oj24o4w4dG9vbHR1cCoIo4osopF0dHJ1YnV0ZSoIo4osopVadGVuZF9jbGFzcyoIo4J9fSx7opZ1ZWxkoj24YiFzZV9jdXR0ZWm0XgN0YXRlcyosopFs6WFzoj24dGJsXiNhciU4LCJsYWmndWFnZSoIWl0sopxhYpVsoj24QgV0dGVudCBTdGF0dXM4LCJpbgJtXidybgVwoj24o4w4cpVxdW3yZWQ4O4owo4w4dp33dyoIMCw4dH3wZSoIonN3bGVjdCosopFkZCoIMSw4ci3IZSoIojA4LCJ3ZG30oj2xLCJzZWFyYi54OjAsonNvcnRs6XN0oj24MTA4LCJvcHR1bia4Ons4bgB0XgRmcGU4O4J3eHR3cpmhbCosopxvbitlcF9xdWVyeSoIo4osopxvbitlcF90YWJsZSoIonR4bF9jdXJyZWm0XgN0YXRlcyosopxvbitlcF9rZXk4O4JjdXJyZWm0XgN0YXRlcl91ZCosopxvbitlcF9iYWxlZSoIopNlcnJ3bnRfcgRhdHVzXimhbWU4LCJ1cl9kZXB3bpR3bpNmoj24MSosop3zXillbHR1cGx3oj24o4w4bG9v6gVwXiR3cGVuZGVuYg3f6iVmoj24o4w4cGF06F90bl9lcGxvYWQ4O4o4LCJyZXN1epVfdi3kdG54O4o4LCJyZXN1epVf6GV1Zih0oj24o4w4dXBsbiFkXgRmcGU4O4o4LCJ0bi9sdG3woj24o4w4YXR0cp34dXR3oj24o4w4ZXh0ZWmkXiNsYXNzoj24onl9XX0=',	NULL),
(70,	'caseattechments',	'Case Attechments',	'Case Attechments',	NULL,	'2017-12-14 19:56:32',	NULL,	'tbl_file_attachment',	'file_attachment_id',	'addon',	'eyJzcWxfciVsZWN0oj24oFNFTEVDVCB0YpxfZp3sZV9hdHRhYihtZWm0L425R3JPTSB0YpxfZp3sZV9hdHRhYihtZWm0oCosonNxbF9g6GVyZSoIo4BXSEVSRSB0YpxfZp3sZV9hdHRhYihtZWm0LpZ1bGVfYXR0YWN2bWVudF91ZCBJUyBOTlQ5T3VMTCosonNxbF9ncp9lcCoIo4osonRhYpx3XiR4oj24dGJsXiZ1bGVfYXR0YWN2bWVudCosonBy6Wlhcn3f6iVmoj24Zp3sZV9hdHRhYihtZWm0Xi3ko4w4ZgJ1ZCoIWgs4Zp33bGQ4O4Jp6Wx3XiF0dGFj6Gl3bnRf6WQ4LCJhbG3hcyoIonR4bF9p6Wx3XiF0dGFj6Gl3bnQ4LCJsYWmndWFnZSoIWl0sopxhYpVsoj24Rp3sZSBTeXN0ZW05o03ko4w4dp33dyoIMSw4ZGV0YW3soj2xLCJzbgJ0YWJsZSoIMSw4ciVhcpN2oj2xLCJkbgdubG9hZCoIMSw4ZnJvepVuoj2xLCJg6WR06CoIojEwMCosopFs6Wduoj24bGVpdCosonNvcnRs6XN0oj24MCosopNvbpa4Ons4dpFs6WQ4O4owo4w4ZGo4O4o4LCJrZXk4O4o4LCJk6XNwbGFmoj24on0sopF0dHJ1YnV0ZSoIeyJ2eXB3cpx1bps4Ons4YWN06XZ3oj2xLCJs6Wmroj24o4w4dGFyZiV0oj24o4w46HRtbCoIo4J9LCJ1bWFnZSoIeyJhYgR1dpU4OjAsonBhdG54O4o4LCJz6X13Xg54O4o4LCJz6X13Xgk4O4o4LCJ2dGlsoj24onl9fSx7opZ1ZWxkoj24Zp3sZV9hdHRhYihtZWm0XiNhciVf6WQ4LCJhbG3hcyoIonR4bF9p6Wx3XiF0dGFj6Gl3bnQ4LCJsYWmndWFnZSoIWl0sopxhYpVsoj24QiFzZSosonZ1ZXc4OjEsopR3dGF1bCoIMSw4ci9ydGF4bGU4OjEsonN3YXJj6CoIMSw4ZG9gbpxvYWQ4OjEsopZybg13b4oIMSw4di3kdG54O4oxMDA4LCJhbG3nb4oIopx3ZnQ4LCJzbgJ0bG3zdCoIojE4LCJjbimuoj17onZhbG3koj24MSosopR4oj24dGJsXiNhciU4LCJrZXk4O4JjYXN3Xi3ko4w4ZG3zcGxheSoIopNhciVf6WR8YiFzZV9sZXR0ZXJfbnVtYpVyfGNhciVfcgV46pVjdCJ9LCJhdHRy6WJldGU4Ons46H3wZXJs6Wmroj17opFjdG3iZSoIMSw4bG3u6yoIo4osonRhcpd3dCoIo4osoph0bWw4O4o4fSw46WlhZiU4Ons4YWN06XZ3oj2wLCJwYXR2oj24o4w4ci3IZV9aoj24o4w4ci3IZV9moj24o4w46HRtbCoIo4J9fX0seyJp6WVsZCoIopZ1bGVfYXR0YWN2bWVudF9lciVyXi3ko4w4YWx1YXM4O4J0YpxfZp3sZV9hdHRhYihtZWm0o4w4bGFuZgVhZiU4O3tdLCJsYWJ3bCoIo3VzZXo4LCJi6WVgoj2xLCJkZXRh6Ww4OjEsonNvcnRhYpx3oj2xLCJzZWFyYi54OjEsopRvdimsbiFkoj2xLCJpcp9IZWa4OjEsond1ZHR2oj24MTAwo4w4YWx1Zia4O4JsZWZ0o4w4ci9ydGx1cgQ4O4oyo4w4Yi9ub4oIeyJiYWx1ZCoIojE4LCJkY4oIonR4XgVzZXJzo4w46iVmoj246WQ4LCJk6XNwbGFmoj24bpFtZXxtbiJ1bGU4fSw4YXR0cp34dXR3oj17ophmcGVybG3u6yoIeyJhYgR1dpU4OjEsopx1bps4O4o4LCJ0YXJnZXQ4O4o4LCJ2dGlsoj24on0sop3tYWd3oj17opFjdG3iZSoIMCw4cGF06CoIo4osonN1epVfeCoIo4osonN1epVfeSoIo4osoph0bWw4O4o4fXl9LHs4Zp33bGQ4O4Jp6Wx3XiF0dGFj6Gl3bnRfZp3sZV9wYXR2o4w4YWx1YXM4O4J0YpxfZp3sZV9hdHRhYihtZWm0o4w4bGFuZgVhZiU4O3tdLCJsYWJ3bCoIo3VwbG9hZGVkoEZ1bGU4LCJi6WVgoj2xLCJkZXRh6Ww4OjEsonNvcnRhYpx3oj2xLCJzZWFyYi54OjEsopRvdimsbiFkoj2xLCJpcp9IZWa4OjEsond1ZHR2oj24MTAwo4w4YWx1Zia4O4JsZWZ0o4w4ci9ydGx1cgQ4O4ozo4w4Yi9ub4oIeyJiYWx1ZCoIojA4LCJkY4oIo4osopt3eSoIo4osopR1cgBsYXk4O4o4fSw4YXR0cp34dXR3oj17ophmcGVybG3u6yoIeyJhYgR1dpU4OjEsopx1bps4O4o4LCJ0YXJnZXQ4O4o4LCJ2dGlsoj24on0sop3tYWd3oj17opFjdG3iZSoIMSw4cGF06CoIo3wvdXBsbiFkclwvYXBwZWFscGRpo4w4ci3IZV9aoj24o4w4ci3IZV9moj24o4w46HRtbCoIo4J9fX0seyJp6WVsZCoIopZ1bGVfYXR0YWN2bWVudF9jcpVhdGVkXiRhdGU4LCJhbG3hcyoIonR4bF9p6Wx3XiF0dGFj6Gl3bnQ4LCJsYWmndWFnZSoIWl0sopxhYpVsoj24QgJ3YXR3ZCBEYXR3o4w4dp33dyoIMSw4ZGV0YW3soj2xLCJzbgJ0YWJsZSoIMSw4ciVhcpN2oj2xLCJkbgdubG9hZCoIMSw4ZnJvepVuoj2xLCJg6WR06CoIojEwMCosopFs6Wduoj24bGVpdCosonNvcnRs6XN0oj24NCosopNvbpa4Ons4dpFs6WQ4O4owo4w4ZGo4O4o4LCJrZXk4O4o4LCJk6XNwbGFmoj24on0sopF0dHJ1YnV0ZSoIeyJ2eXB3cpx1bps4Ons4YWN06XZ3oj2xLCJs6Wmroj24o4w4dGFyZiV0oj24o4w46HRtbCoIo4J9LCJ1bWFnZSoIeyJhYgR1dpU4OjAsonBhdG54O4o4LCJz6X13Xg54O4o4LCJz6X13Xgk4O4o4LCJ2dGlsoj24onl9fSx7opZ1ZWxkoj24Zp3sZV9hdHRhYihtZWm0XgVwZGF0ZV9kYXR3o4w4YWx1YXM4O4J0YpxfZp3sZV9hdHRhYihtZWm0o4w4bGFuZgVhZiU4O3tdLCJsYWJ3bCoIo3VwZGF0ZSBEYXR3o4w4dp33dyoIMCw4ZGV0YW3soj2wLCJzbgJ0YWJsZSoIMCw4ciVhcpN2oj2xLCJkbgdubG9hZCoIMCw4ZnJvepVuoj2xLCJg6WR06CoIojEwMCosopFs6Wduoj24bGVpdCosonNvcnRs6XN0oj24NSosopNvbpa4Ons4dpFs6WQ4O4owo4w4ZGo4O4o4LCJrZXk4O4o4LCJk6XNwbGFmoj24on0sopF0dHJ1YnV0ZSoIeyJ2eXB3cpx1bps4Ons4YWN06XZ3oj2xLCJs6Wmroj24o4w4dGFyZiV0oj24o4w46HRtbCoIo4J9LCJ1bWFnZSoIeyJhYgR1dpU4OjAsonBhdG54O4o4LCJz6X13Xg54O4o4LCJz6X13Xgk4O4o4LCJ2dGlsoj24onl9fV0sopZvcplzoj1beyJp6WVsZCoIopZ1bGVfYXR0YWN2bWVudF91ZCosopFs6WFzoj24dGJsXiZ1bGVfYXR0YWN2bWVudCosopxhbpdlYWd3oj1bXSw4bGF4ZWw4O4JG6Wx3oFNmcgR3bSAjSWQ4LCJpbgJtXidybgVwoj24o4w4cpVxdW3yZWQ4O4JyZXFl6XJ3ZCosonZ1ZXc4OjEsonRmcGU4O4J26WRkZWa4LCJhZGQ4OjEsonN1epU4O4owo4w4ZWR1dCoIMSw4ciVhcpN2oj2wLCJzbgJ0bG3zdCoIojA4LCJvcHR1bia4Ons4bgB0XgRmcGU4O4o4LCJsbi9rdXBfcXV3cnk4O4o4LCJsbi9rdXBfdGF4bGU4O4o4LCJsbi9rdXBf6iVmoj24o4w4bG9v6gVwXgZhbHV3oj24o4w46XNfZGVwZWmkZWmjeSoIo4osop3zXillbHR1cGx3oj24o4w4bG9v6gVwXiR3cGVuZGVuYg3f6iVmoj24o4w4cGF06F90bl9lcGxvYWQ4O4o4LCJyZXN1epVfdi3kdG54O4o4LCJyZXN1epVf6GV1Zih0oj24o4w4dXBsbiFkXgRmcGU4O4o4LCJ0bi9sdG3woj24o4w4YXR0cp34dXR3oj24o4w4ZXh0ZWmkXiNsYXNzoj24onl9LHs4Zp33bGQ4O4Jp6Wx3XiF0dGFj6Gl3bnRfYiFzZV91ZCosopFs6WFzoj24dGJsXiZ1bGVfYXR0YWN2bWVudCosopxhbpdlYWd3oj1bXSw4bGF4ZWw4O4JDYXN3o4w4Zp9ybV9ncp9lcCoIo4osonJ3cXV1cpVkoj24cpVxdW3yZWQ4LCJi6WVgoj2xLCJ0eXB3oj24dGVadCosopFkZCoIMSw4ci3IZSoIojA4LCJ3ZG30oj2xLCJzZWFyYi54O4oxo4w4ci9ydGx1cgQ4O4oxo4w4bgB06W9uoj17op9wdF90eXB3oj24o4w4bG9v6gVwXgFlZXJmoj24o4w4bG9v6gVwXgRhYpx3oj24o4w4bG9v6gVwXit3eSoIo4osopxvbitlcF9iYWxlZSoIo4osop3zXiR3cGVuZGVuYgk4O4o4LCJ1cl9tdWx06XBsZSoIo4osopxvbitlcF9kZXB3bpR3bpNmXit3eSoIo4osonBhdGhfdG9fdXBsbiFkoj24o4w4cpVz6X13Xgd1ZHR2oj24o4w4cpVz6X13Xih36Wd2dCoIo4osonVwbG9hZF90eXB3oj24o4w4dG9vbHR1cCoIo4osopF0dHJ1YnV0ZSoIo4osopVadGVuZF9jbGFzcyoIo4J9fSx7opZ1ZWxkoj24Zp3sZV9hdHRhYihtZWm0XgVzZXJf6WQ4LCJhbG3hcyoIonR4bF9p6Wx3XiF0dGFj6Gl3bnQ4LCJsYWmndWFnZSoIWl0sopxhYpVsoj24VXN3c4osopZvcplfZgJvdXA4O4o4LCJyZXFl6XJ3ZCoIonJ3cXV1cpVko4w4dp33dyoIMSw4dH3wZSoIoph1ZGR3b4osopFkZCoIMSw4ci3IZSoIojA4LCJ3ZG30oj2xLCJzZWFyYi54O4oxo4w4ci9ydGx1cgQ4O4oyo4w4bgB06W9uoj17op9wdF90eXB3oj24o4w4bG9v6gVwXgFlZXJmoj24o4w4bG9v6gVwXgRhYpx3oj24o4w4bG9v6gVwXit3eSoIo4osopxvbitlcF9iYWxlZSoIo4osop3zXiR3cGVuZGVuYgk4O4o4LCJ1cl9tdWx06XBsZSoIo4osopxvbitlcF9kZXB3bpR3bpNmXit3eSoIo4osonBhdGhfdG9fdXBsbiFkoj24o4w4cpVz6X13Xgd1ZHR2oj24o4w4cpVz6X13Xih36Wd2dCoIo4osonVwbG9hZF90eXB3oj24o4w4dG9vbHR1cCoIo4osopF0dHJ1YnV0ZSoIo4osopVadGVuZF9jbGFzcyoIo4J9fSx7opZ1ZWxkoj24Zp3sZV9hdHRhYihtZWm0XiZ1bGVfcGF06CosopFs6WFzoj24dGJsXiZ1bGVfYXR0YWN2bWVudCosopxhYpVsoj24VXBsbiFkoEZ1bGU4LCJpbgJtXidybgVwoj24o4w4cpVxdW3yZWQ4O4owo4w4dp33dyoIMSw4dH3wZSoIopZ1bGU4LCJhZGQ4OjEsopVk6XQ4OjEsonN3YXJj6CoIojE4LCJz6X13oj24o4w4ci9ydGx1cgQ4O4ozo4w4bgB06W9uoj17op9wdF90eXB3oj1pYWxzZSw4bG9v6gVwXgFlZXJmoj24o4w4bG9v6gVwXgRhYpx3oj24o4w4bG9v6gVwXit3eSoIZpFsciUsopxvbitlcF9iYWxlZSoIo4osop3zXiR3cGVuZGVuYgk4OpZhbHN3LCJ1cl9tdWx06XBsZSoIZpFsciUsopxvbitlcF9kZXB3bpR3bpNmXit3eSoIZpFsciUsonBhdGhfdG9fdXBsbiFkoj24o4w4dXBsbiFkXgRmcGU4O4Jp6Wx3o4w4cpVz6X13Xgd1ZHR2oj24o4w4cpVz6X13Xih36Wd2dCoIo4osonRvbix06XA4O4o4LCJhdHRy6WJldGU4O4o4LCJ3eHR3bpRfYixhcgM4O4o4fX0seyJp6WVsZCoIopZ1bGVfYXR0YWN2bWVudF9jcpVhdGVkXiRhdGU4LCJhbG3hcyoIonR4bF9p6Wx3XiF0dGFj6Gl3bnQ4LCJsYWmndWFnZSoIWl0sopxhYpVsoj24QgJ3YXR3ZCBEYXR3o4w4Zp9ybV9ncp9lcCoIo4osonJ3cXV1cpVkoj24MCosonZ1ZXc4OjAsonRmcGU4O4J0ZXh0XiRhdGV06Wl3o4w4YWRkoj2xLCJz6X13oj24MCosopVk6XQ4OjEsonN3YXJj6CoIMCw4ci9ydGx1cgQ4O4o0o4w4bgB06W9uoj17op9wdF90eXB3oj24o4w4bG9v6gVwXgFlZXJmoj24o4w4bG9v6gVwXgRhYpx3oj24o4w4bG9v6gVwXit3eSoIo4osopxvbitlcF9iYWxlZSoIo4osop3zXiR3cGVuZGVuYgk4O4o4LCJ1cl9tdWx06XBsZSoIo4osopxvbitlcF9kZXB3bpR3bpNmXit3eSoIo4osonBhdGhfdG9fdXBsbiFkoj24o4w4cpVz6X13Xgd1ZHR2oj24o4w4cpVz6X13Xih36Wd2dCoIo4osonVwbG9hZF90eXB3oj24o4w4dG9vbHR1cCoIo4osopF0dHJ1YnV0ZSoIo4osopVadGVuZF9jbGFzcyoIo4J9fSx7opZ1ZWxkoj24Zp3sZV9hdHRhYihtZWm0XgVwZGF0ZV9kYXR3o4w4YWx1YXM4O4J0YpxfZp3sZV9hdHRhYihtZWm0o4w4bGFuZgVhZiU4O3tdLCJsYWJ3bCoIo3VwZGF0ZSBEYXR3o4w4Zp9ybV9ncp9lcCoIo4osonJ3cXV1cpVkoj24MCosonZ1ZXc4OjAsonRmcGU4O4J0ZXh0XiRhdGV06Wl3o4w4YWRkoj2xLCJz6X13oj24MCosopVk6XQ4OjEsonN3YXJj6CoIMCw4ci9ydGx1cgQ4O4olo4w4bgB06W9uoj17op9wdF90eXB3oj24o4w4bG9v6gVwXgFlZXJmoj24o4w4bG9v6gVwXgRhYpx3oj24o4w4bG9v6gVwXit3eSoIo4osopxvbitlcF9iYWxlZSoIo4osop3zXiR3cGVuZGVuYgk4O4o4LCJ1cl9tdWx06XBsZSoIo4osopxvbitlcF9kZXB3bpR3bpNmXit3eSoIo4osonBhdGhfdG9fdXBsbiFkoj24o4w4cpVz6X13Xgd1ZHR2oj24o4w4cpVz6X13Xih36Wd2dCoIo4osonVwbG9hZF90eXB3oj24o4w4dG9vbHR1cCoIo4osopF0dHJ1YnV0ZSoIo4osopVadGVuZF9jbGFzcyoIo4J9fVl9',	NULL),
(71,	'caseassign',	'Case Assign',	'Case Assign',	NULL,	'2017-12-14 20:04:13',	NULL,	'tbl_case_asign',	'case_asign_id',	'addon',	'eyJ0YWJsZV9kY4oIonR4bF9jYXN3XiFz6Wduo4w4cHJ1bWFyeV9rZXk4O4JjYXN3XiFz6WduXi3ko4w4cgFsXgN3bGVjdCoIo3NFTEVDVCB0YpxfYiFzZSmjYXN3XiNldHR3bnRfcgRhdHVzLHR4bF9jYXN3LpNhciVfcgRhdHVzLFxyXGm0YpxfYiFzZV9hci3nb4aqoEZST005dGJsXiNhciVfYXN1Zia5XHJcbp3ubpVyoG1v6Wa5dGJsXiNhciU5bia5dGJsXiNhciVfYXN1ZiauYiFzZV9hci3nb39jYXN3Xi3kPXR4bF9jYXN3LpNhciVf6WQ5o4w4cgFsXgd2ZXJ3oj24oFdoRVJFoHR4bF9jYXN3XiFz6WduLpNhciVfYXN1Zimf6WQ5SVM5Tk9UoEmVTEw4LCJzcWxfZgJvdXA4O4o4LCJncp3koj1beyJp6WVsZCoIopNhciVfYXN1Zimf6WQ4LCJhbG3hcyoIonR4bF9jYXN3XiFz6Wduo4w4bGFuZgVhZiU4O3tdLCJsYWJ3bCoIokFz6WduoFNmcgR3bXM5o03ko4w4dp33dyoIMSw4ZGV0YW3soj2xLCJzbgJ0YWJsZSoIMSw4ciVhcpN2oj2xLCJkbgdubG9hZCoIMSw4ZnJvepVuoj2xLCJg6WR06CoIojEwMCosopFs6Wduoj24bGVpdCosonNvcnRs6XN0oj24MSosopNvbpa4Ons4dpFs6WQ4O4owo4w4ZGo4O4o4LCJrZXk4O4o4LCJk6XNwbGFmoj24on0sopF0dHJ1YnV0ZSoIeyJ2eXB3cpx1bps4Ons4YWN06XZ3oj2xLCJs6Wmroj24o4w4dGFyZiV0oj24o4w46HRtbCoIo4J9LCJ1bWFnZSoIeyJhYgR1dpU4OjAsonBhdG54O4o4LCJz6X13Xg54O4o4LCJz6X13Xgk4O4o4LCJ2dGlsoj24onl9fSx7opZ1ZWxkoj24YiFzZV9hci3nb39jYXN3Xi3ko4w4YWx1YXM4O4J0YpxfYiFzZV9hci3nb4osopxhbpdlYWd3oj1bXSw4bGF4ZWw4O4JDYXN3o4w4dp33dyoIMSw4ZGV0YW3soj2xLCJzbgJ0YWJsZSoIMSw4ciVhcpN2oj2xLCJkbgdubG9hZCoIMSw4ZnJvepVuoj2xLCJg6WR06CoIojEwMCosopFs6Wduoj24bGVpdCosonNvcnRs6XN0oj24M4osopNvbpa4Ons4dpFs6WQ4O4oxo4w4ZGo4O4J0YpxfYiFzZSosopt3eSoIopNhciVf6WQ4LCJk6XNwbGFmoj24YiFzZV91ZHxjYXN3Xix3dHR3c39udWl4ZXJ8YiFzZV9zdWJqZWN0on0sopF0dHJ1YnV0ZSoIeyJ2eXB3cpx1bps4Ons4YWN06XZ3oj2xLCJs6Wmroj24o4w4dGFyZiV0oj24o4w46HRtbCoIo4J9LCJ1bWFnZSoIeyJhYgR1dpU4OjAsonBhdG54O4o4LCJz6X13Xg54O4o4LCJz6X13Xgk4O4o4LCJ2dGlsoj24onl9fSx7opZ1ZWxkoj24YiFzZV9jdXR0ZWm0XgN0YXRlcyosopFs6WFzoj24dGJsXiNhciU4LCJsYWmndWFnZSoIWl0sopxhYpVsoj24QiFzZSBDdXR0ZWm0oFN0YXRlcyosonZ1ZXc4OjAsopR3dGF1bCoIMCw4ci9ydGF4bGU4OjAsonN3YXJj6CoIMSw4ZG9gbpxvYWQ4OjAsopZybg13b4oIMSw4di3kdG54O4oxMDA4LCJhbG3nb4oIopx3ZnQ4LCJzbgJ0bG3zdCoIojQ4LCJjbimuoj17onZhbG3koj24MCosopR4oj24o4w46iVmoj24o4w4ZG3zcGxheSoIo4J9LCJhdHRy6WJldGU4Ons46H3wZXJs6Wmroj17opFjdG3iZSoIMSw4bG3u6yoIo4osonRhcpd3dCoIo4osoph0bWw4O4o4fSw46WlhZiU4Ons4YWN06XZ3oj2wLCJwYXR2oj24o4w4ci3IZV9aoj24o4w4ci3IZV9moj24o4w46HRtbCoIo4J9fX0seyJp6WVsZCoIopNhciVfYXN1ZimfbiZp6WN3c391ZCosopFs6WFzoj24dGJsXiNhciVfYXN1Zia4LCJsYWmndWFnZSoIWl0sopxhYpVsoj24TiZp6WN3c4osonZ1ZXc4OjEsopR3dGF1bCoIMSw4ci9ydGF4bGU4OjEsonN3YXJj6CoIMSw4ZG9gbpxvYWQ4OjEsopZybg13b4oIMSw4di3kdG54O4oxMDA4LCJhbG3nb4oIopx3ZnQ4LCJzbgJ0bG3zdCoIojU4LCJjbimuoj17onZhbG3koj24MSosopR4oj24dGJfdXN3cnM4LCJrZXk4O4J1ZCosopR1cgBsYXk4O4JuYWl3fGlvYp3sZSJ9LCJhdHRy6WJldGU4Ons46H3wZXJs6Wmroj17opFjdG3iZSoIMSw4bG3u6yoIo4osonRhcpd3dCoIo4osoph0bWw4O4o4fSw46WlhZiU4Ons4YWN06XZ3oj2wLCJwYXR2oj24o4w4ci3IZV9aoj24o4w4ci3IZV9moj24o4w46HRtbCoIo4J9fX0seyJp6WVsZCoIopNhciVfcgRhdHVzo4w4YWx1YXM4O4J0YpxfYiFzZSosopxhbpdlYWd3oj1bXSw4bGF4ZWw4O4JDYXN3oFN0YXRlcyosonZ1ZXc4OjAsopR3dGF1bCoIMCw4ci9ydGF4bGU4OjAsonN3YXJj6CoIMSw4ZG9gbpxvYWQ4OjAsopZybg13b4oIMSw4di3kdG54O4oxMDA4LCJhbG3nb4oIopx3ZnQ4LCJzbgJ0bG3zdCoIojY4LCJjbimuoj17onZhbG3koj24MCosopR4oj24o4w46iVmoj24o4w4ZG3zcGxheSoIo4J9LCJhdHRy6WJldGU4Ons46H3wZXJs6Wmroj17opFjdG3iZSoIMSw4bG3u6yoIo4osonRhcpd3dCoIo4osoph0bWw4O4o4fSw46WlhZiU4Ons4YWN06XZ3oj2wLCJwYXR2oj24o4w4ci3IZV9aoj24o4w4ci3IZV9moj24o4w46HRtbCoIo4J9fX0seyJp6WVsZCoIopNhciVfYXN1ZimfZGF0ZV9vZ39hcgN1Zia4LCJhbG3hcyoIonR4bF9jYXN3XiFz6Wduo4w4bGFuZgVhZiU4O3tdLCJsYWJ3bCoIokRhdGU5TiY5QXNz6Wduo4w4dp33dyoIMSw4ZGV0YW3soj2xLCJzbgJ0YWJsZSoIMSw4ciVhcpN2oj2xLCJkbgdubG9hZCoIMSw4ZnJvepVuoj2xLCJg6WR06CoIojEwMCosopFs6Wduoj24bGVpdCosonNvcnRs6XN0oj24NyosopNvbpa4Ons4dpFs6WQ4O4owo4w4ZGo4O4o4LCJrZXk4O4o4LCJk6XNwbGFmoj24on0sopF0dHJ1YnV0ZSoIeyJ2eXB3cpx1bps4Ons4YWN06XZ3oj2xLCJs6Wmroj24o4w4dGFyZiV0oj24o4w46HRtbCoIo4J9LCJ1bWFnZSoIeyJhYgR1dpU4OjAsonBhdG54O4o4LCJz6X13Xg54O4o4LCJz6X13Xgk4O4o4LCJ2dGlsoj24onl9fSx7opZ1ZWxkoj24YiFzZV9hci3nb39jcpVhdGVkXiRhdGU4LCJhbG3hcyoIonR4bF9jYXN3XiFz6Wduo4w4bGFuZgVhZiU4O3tdLCJsYWJ3bCoIokNyZWF0ZWQ5RGF0ZSosonZ1ZXc4OjEsopR3dGF1bCoIMSw4ci9ydGF4bGU4OjEsonN3YXJj6CoIMSw4ZG9gbpxvYWQ4OjEsopZybg13b4oIMSw4di3kdG54O4oxMDA4LCJhbG3nb4oIopx3ZnQ4LCJzbgJ0bG3zdCoIoj54LCJjbimuoj17onZhbG3koj24MCosopR4oj24o4w46iVmoj24o4w4ZG3zcGxheSoIo4J9LCJhdHRy6WJldGU4Ons46H3wZXJs6Wmroj17opFjdG3iZSoIMSw4bG3u6yoIo4osonRhcpd3dCoIo4osoph0bWw4O4o4fSw46WlhZiU4Ons4YWN06XZ3oj2wLCJwYXR2oj24o4w4ci3IZV9aoj24o4w4ci3IZV9moj24o4w46HRtbCoIo4J9fX0seyJp6WVsZCoIopNhciVfYXN1ZimfdXBkYXR3XiRhdGU4LCJhbG3hcyoIonR4bF9jYXN3XiFz6Wduo4w4bGFuZgVhZiU4O3tdLCJsYWJ3bCoIo3VwZGF0ZSBEYXR3o4w4dp33dyoIMSw4ZGV0YW3soj2xLCJzbgJ0YWJsZSoIMSw4ciVhcpN2oj2xLCJkbgdubG9hZCoIMSw4ZnJvepVuoj2xLCJg6WR06CoIojEwMCosopFs6Wduoj24bGVpdCosonNvcnRs6XN0oj24OSosopNvbpa4Ons4dpFs6WQ4O4owo4w4ZGo4O4o4LCJrZXk4O4o4LCJk6XNwbGFmoj24on0sopF0dHJ1YnV0ZSoIeyJ2eXB3cpx1bps4Ons4YWN06XZ3oj2xLCJs6Wmroj24o4w4dGFyZiV0oj24o4w46HRtbCoIo4J9LCJ1bWFnZSoIeyJhYgR1dpU4OjAsonBhdG54O4o4LCJz6X13Xg54O4o4LCJz6X13Xgk4O4o4LCJ2dGlsoj24onl9fSx7opZ1ZWxkoj24YiFzZV9hci3nb39zdGF0dXNf6WQ4LCJhbG3hcyoIonR4bF9jYXN3XiFz6Wduo4w4bGFuZgVhZiU4O3tdLCJsYWJ3bCoIo3N0YXRlcyosonZ1ZXc4OjEsopR3dGF1bCoIMSw4ci9ydGF4bGU4OjEsonN3YXJj6CoIMSw4ZG9gbpxvYWQ4OjEsopZybg13b4oIMSw4di3kdG54O4oxMDA4LCJhbG3nb4oIopx3ZnQ4LCJzbgJ0bG3zdCoIojEwo4w4Yi9ub4oIeyJiYWx1ZCoIojE4LCJkY4oIonR4XgN0YXRlcyosopt3eSoIonN0YXRlcl91ZCosopR1cgBsYXk4O4JzdGF0dXNfbpFtZSJ9LCJhdHRy6WJldGU4Ons46H3wZXJs6Wmroj17opFjdG3iZSoIMSw4bG3u6yoIo4osonRhcpd3dCoIo4osoph0bWw4O4o4fSw46WlhZiU4Ons4YWN06XZ3oj2wLCJwYXR2oj24o4w4ci3IZV9aoj24o4w4ci3IZV9moj24o4w46HRtbCoIo4J9fXldLCJpbgJtcyoIWgs4Zp33bGQ4O4JjYXN3XiFz6WduXi3ko4w4YWx1YXM4O4J0YpxfYiFzZV9hci3nb4osopxhbpdlYWd3oj1bXSw4bGF4ZWw4O4JBci3nb4BTeXN0ZW05o03ko4w4Zp9ybV9ncp9lcCoIo4osonJ3cXV1cpVkoj24MCosonZ1ZXc4OjEsonRmcGU4O4J0ZXh0o4w4YWRkoj2xLCJz6X13oj24MCosopVk6XQ4OjEsonN3YXJj6CoIMCw4ci9ydGx1cgQ4O4owo4w4bgB06W9uoj17op9wdF90eXB3oj24o4w4bG9v6gVwXgFlZXJmoj24o4w4bG9v6gVwXgRhYpx3oj24o4w4bG9v6gVwXit3eSoIo4osopxvbitlcF9iYWxlZSoIo4osop3zXiR3cGVuZGVuYgk4O4o4LCJ1cl9tdWx06XBsZSoIo4osopxvbitlcF9kZXB3bpR3bpNmXit3eSoIo4osonBhdGhfdG9fdXBsbiFkoj24o4w4cpVz6X13Xgd1ZHR2oj24o4w4cpVz6X13Xih36Wd2dCoIo4osonVwbG9hZF90eXB3oj24o4w4dG9vbHR1cCoIo4osopF0dHJ1YnV0ZSoIo4osopVadGVuZF9jbGFzcyoIo4J9fSx7opZ1ZWxkoj24YiFzZV9hci3nb39jYXN3Xi3ko4w4YWx1YXM4O4J0YpxfYiFzZV9hci3nb4osopxhbpdlYWd3oj1bXSw4bGF4ZWw4O4JDYXN3o4w4Zp9ybV9ncp9lcCoIo4osonJ3cXV1cpVkoj24cpVxdW3yZWQ4LCJi6WVgoj2xLCJ0eXB3oj24ciVsZWN0o4w4YWRkoj2xLCJz6X13oj24MCosopVk6XQ4OjEsonN3YXJj6CoIojE4LCJzbgJ0bG3zdCoIojE4LCJvcHR1bia4Ons4bgB0XgRmcGU4O4J3eHR3cpmhbCosopxvbitlcF9xdWVyeSoIo4osopxvbitlcF90YWJsZSoIonR4bF9jYXN3o4w4bG9v6gVwXit3eSoIopNhciVf6WQ4LCJsbi9rdXBfdpFsdWU4O4JjYXN3Xi3kfGNhciVfbGV0dGVyXimlbWJ3cnxjYXN3XgB3dG306W9uZXJfbpFtZSosop3zXiR3cGVuZGVuYgk4O4o4LCJ1cl9tdWx06XBsZSoIo4osopxvbitlcF9kZXB3bpR3bpNmXit3eSoIo4osonBhdGhfdG9fdXBsbiFkoj24o4w4cpVz6X13Xgd1ZHR2oj24o4w4cpVz6X13Xih36Wd2dCoIo4osonVwbG9hZF90eXB3oj24o4w4dG9vbHR1cCoIo4osopF0dHJ1YnV0ZSoIo4osopVadGVuZF9jbGFzcyoIo4J9fSx7opZ1ZWxkoj24YiFzZV9hci3nb39vZpZ1YiVyXi3ko4w4YWx1YXM4O4J0YpxfYiFzZV9hci3nb4osopxhbpdlYWd3oj1bXSw4bGF4ZWw4O4JPZpZ1YiVyo4w4Zp9ybV9ncp9lcCoIo4osonJ3cXV1cpVkoj24cpVxdW3yZWQ4LCJi6WVgoj2xLCJ0eXB3oj24ciVsZWN0o4w4YWRkoj2xLCJz6X13oj24MCosopVk6XQ4OjEsonN3YXJj6CoIojE4LCJzbgJ0bG3zdCoIojo4LCJvcHR1bia4Ons4bgB0XgRmcGU4O4J3eHR3cpmhbCosopxvbitlcF9xdWVyeSoIo4osopxvbitlcF90YWJsZSoIonR4XgVzZXJzo4w4bG9v6gVwXit3eSoIop3ko4w4bG9v6gVwXgZhbHV3oj24bpFtZXxtbiJ1bGU4LCJ1cl9kZXB3bpR3bpNmoj24o4w46XNfbXVsdG3wbGU4O4o4LCJsbi9rdXBfZGVwZWmkZWmjeV9rZXk4O4o4LCJwYXR2XgRvXgVwbG9hZCoIo4osonJ3ci3IZV9g6WR06CoIo4osonJ3ci3IZV92ZW3n6HQ4O4o4LCJlcGxvYWRfdH3wZSoIo4osonRvbix06XA4O4o4LCJhdHRy6WJldGU4O4o4LCJ3eHR3bpRfYixhcgM4O4o4fX0seyJp6WVsZCoIopNhciVfYXN1ZimfZGF0ZV9vZ39hcgN1Zia4LCJhbG3hcyoIonR4bF9jYXN3XiFz6Wduo4w4bGFuZgVhZiU4O3tdLCJsYWJ3bCoIokRhdGU5TiY5QXNz6Wduo4w4Zp9ybV9ncp9lcCoIo4osonJ3cXV1cpVkoj24cpVxdW3yZWQ4LCJi6WVgoj2xLCJ0eXB3oj24dGVadF9kYXR3o4w4YWRkoj2xLCJz6X13oj24MCosopVk6XQ4OjEsonN3YXJj6CoIojE4LCJzbgJ0bG3zdCoIojM4LCJvcHR1bia4Ons4bgB0XgRmcGU4O4o4LCJsbi9rdXBfcXV3cnk4O4o4LCJsbi9rdXBfdGF4bGU4O4o4LCJsbi9rdXBf6iVmoj24o4w4bG9v6gVwXgZhbHV3oj24o4w46XNfZGVwZWmkZWmjeSoIo4osop3zXillbHR1cGx3oj24o4w4bG9v6gVwXiR3cGVuZGVuYg3f6iVmoj24o4w4cGF06F90bl9lcGxvYWQ4O4o4LCJyZXN1epVfdi3kdG54O4o4LCJyZXN1epVf6GV1Zih0oj24o4w4dXBsbiFkXgRmcGU4O4o4LCJ0bi9sdG3woj24o4w4YXR0cp34dXR3oj24o4w4ZXh0ZWmkXiNsYXNzoj24onl9LHs4Zp33bGQ4O4JjYXN3XiFz6WduXiNyZWF0ZWRfZGF0ZSosopFs6WFzoj24dGJsXiNhciVfYXN1Zia4LCJsYWmndWFnZSoIWl0sopxhYpVsoj24QgJ3YXR3ZCBEYXR3o4w4Zp9ybV9ncp9lcCoIo4osonJ3cXV1cpVkoj24MCosonZ1ZXc4OjAsonRmcGU4O4J0ZXh0XiRhdGV06Wl3o4w4YWRkoj2xLCJz6X13oj24MCosopVk6XQ4OjEsonN3YXJj6CoIMCw4ci9ydGx1cgQ4O4o0o4w4bgB06W9uoj17op9wdF90eXB3oj24o4w4bG9v6gVwXgFlZXJmoj24o4w4bG9v6gVwXgRhYpx3oj24o4w4bG9v6gVwXit3eSoIo4osopxvbitlcF9iYWxlZSoIo4osop3zXiR3cGVuZGVuYgk4O4o4LCJ1cl9tdWx06XBsZSoIo4osopxvbitlcF9kZXB3bpR3bpNmXit3eSoIo4osonBhdGhfdG9fdXBsbiFkoj24o4w4cpVz6X13Xgd1ZHR2oj24o4w4cpVz6X13Xih36Wd2dCoIo4osonVwbG9hZF90eXB3oj24o4w4dG9vbHR1cCoIo4osopF0dHJ1YnV0ZSoIo4osopVadGVuZF9jbGFzcyoIo4J9fSx7opZ1ZWxkoj24YiFzZV9hci3nb39lcGRhdGVfZGF0ZSosopFs6WFzoj24dGJsXiNhciVfYXN1Zia4LCJsYWmndWFnZSoIWl0sopxhYpVsoj24VXBkYXR3oERhdGU4LCJpbgJtXidybgVwoj24o4w4cpVxdW3yZWQ4O4owo4w4dp33dyoIMCw4dH3wZSoIonR3eHRfZGF0ZXR1bWU4LCJhZGQ4OjEsonN1epU4O4owo4w4ZWR1dCoIMSw4ciVhcpN2oj2wLCJzbgJ0bG3zdCoIojU4LCJvcHR1bia4Ons4bgB0XgRmcGU4O4o4LCJsbi9rdXBfcXV3cnk4O4o4LCJsbi9rdXBfdGF4bGU4O4o4LCJsbi9rdXBf6iVmoj24o4w4bG9v6gVwXgZhbHV3oj24o4w46XNfZGVwZWmkZWmjeSoIo4osop3zXillbHR1cGx3oj24o4w4bG9v6gVwXiR3cGVuZGVuYg3f6iVmoj24o4w4cGF06F90bl9lcGxvYWQ4O4o4LCJyZXN1epVfdi3kdG54O4o4LCJyZXN1epVf6GV1Zih0oj24o4w4dXBsbiFkXgRmcGU4O4o4LCJ0bi9sdG3woj24o4w4YXR0cp34dXR3oj24o4w4ZXh0ZWmkXiNsYXNzoj24onl9LHs4Zp33bGQ4O4JjYXN3XiFz6WduXgN0YXRlcl91ZCosopFs6WFzoj24dGJsXiNhciVfYXN1Zia4LCJsYWmndWFnZSoIWl0sopxhYpVsoj24UgRhdHVzo4w4Zp9ybV9ncp9lcCoIo4osonJ3cXV1cpVkoj24cpVxdW3yZWQ4LCJi6WVgoj2xLCJ0eXB3oj24ciVsZWN0o4w4YWRkoj2xLCJz6X13oj24MCosopVk6XQ4OjEsonN3YXJj6CoIojE4LCJzbgJ0bG3zdCoIojY4LCJvcHR1bia4Ons4bgB0XgRmcGU4O4J3eHR3cpmhbCosopxvbitlcF9xdWVyeSoIo4osopxvbitlcF90YWJsZSoIonR4XgN0YXRlcyosopxvbitlcF9rZXk4O4JzdGF0dXNf6WQ4LCJsbi9rdXBfdpFsdWU4O4JzdGF0dXNfbpFtZSosop3zXiR3cGVuZGVuYgk4O4oxo4w46XNfbXVsdG3wbGU4O4o4LCJsbi9rdXBfZGVwZWmkZWmjeV9rZXk4O4o4LCJwYXR2XgRvXgVwbG9hZCoIo4osonJ3ci3IZV9g6WR06CoIo4osonJ3ci3IZV92ZW3n6HQ4O4o4LCJlcGxvYWRfdH3wZSoIo4osonRvbix06XA4O4o4LCJhdHRy6WJldGU4O4o4LCJ3eHR3bpRfYixhcgM4O4o4fXldfQ==',	NULL),
(72,	'logs',	'Logs',	'Logs',	NULL,	'2017-12-14 20:13:12',	NULL,	'tbl_logs',	'log_id',	'addon',	'eyJzcWxfciVsZWN0oj24oFNFTEVDVCB0YpxfbG9ncyaqoEZST005dGJsXixvZgM5o4w4cgFsXgd2ZXJ3oj24oFdoRVJFoHR4bF9sbidzLpxvZl91ZCBJUyBOTlQ5T3VMTCosonNxbF9ncp9lcCoIo4osonRhYpx3XiR4oj24dGJsXixvZgM4LCJwcp3tYXJmXit3eSoIopxvZl91ZCosopdy6WQ4O3t7opZ1ZWxkoj24bG9nXi3ko4w4YWx1YXM4O4J0YpxfbG9ncyosopxhbpdlYWd3oj1bXSw4bGF4ZWw4O4JMbic5Ug3zdGVtoCNJZCosonZ1ZXc4OjEsopR3dGF1bCoIMSw4ci9ydGF4bGU4OjEsonN3YXJj6CoIMSw4ZG9gbpxvYWQ4OjEsopZybg13b4oIMSw4di3kdG54O4oxMDA4LCJhbG3nb4oIopx3ZnQ4LCJzbgJ0bG3zdCoIojA4LCJjbimuoj17onZhbG3koj24MCosopR4oj24o4w46iVmoj24o4w4ZG3zcGxheSoIo4J9LCJhdHRy6WJldGU4Ons46H3wZXJs6Wmroj17opFjdG3iZSoIMSw4bG3u6yoIo4osonRhcpd3dCoIo4osoph0bWw4O4o4fSw46WlhZiU4Ons4YWN06XZ3oj2wLCJwYXR2oj24o4w4ci3IZV9aoj24o4w4ci3IZV9moj24o4w46HRtbCoIo4J9fX0seyJp6WVsZCoIopxvZl9jYXN3Xi3ko4w4YWx1YXM4O4J0YpxfbG9ncyosopxhbpdlYWd3oj1bXSw4bGF4ZWw4O4JDYXN3oChDYXN3oG3koENhciU5TnVtYpVyoFNlYp13YgQ1o4w4dp33dyoIMSw4ZGV0YW3soj2xLCJzbgJ0YWJsZSoIMSw4ciVhcpN2oj2xLCJkbgdubG9hZCoIMSw4ZnJvepVuoj2xLCJg6WR06CoIojEwMCosopFs6Wduoj24bGVpdCosonNvcnRs6XN0oj24MSosopNvbpa4Ons4dpFs6WQ4O4oxo4w4ZGo4O4J0YpxfYiFzZSosopt3eSoIopNhciVf6WQ4LCJk6XNwbGFmoj24YiFzZV91ZHxjYXN3Xix3dHR3c39udWl4ZXJ8YiFzZV9zdWJqZWN0on0sopF0dHJ1YnV0ZSoIeyJ2eXB3cpx1bps4Ons4YWN06XZ3oj2xLCJs6Wmroj24o4w4dGFyZiV0oj24o4w46HRtbCoIo4J9LCJ1bWFnZSoIeyJhYgR1dpU4OjAsonBhdG54O4o4LCJz6X13Xg54O4o4LCJz6X13Xgk4O4o4LCJ2dGlsoj24onl9fSx7opZ1ZWxkoj24bG9nXgVzZXJf6WQ4LCJhbG3hcyoIonR4bF9sbidzo4w4bGFuZgVhZiU4O3tdLCJsYWJ3bCoIo3VzZXo4LCJi6WVgoj2xLCJkZXRh6Ww4OjEsonNvcnRhYpx3oj2xLCJzZWFyYi54OjEsopRvdimsbiFkoj2xLCJpcp9IZWa4OjEsond1ZHR2oj24MTAwo4w4YWx1Zia4O4JsZWZ0o4w4ci9ydGx1cgQ4O4oyo4w4Yi9ub4oIeyJiYWx1ZCoIojE4LCJkY4oIonR4XgVzZXJzo4w46iVmoj246WQ4LCJk6XNwbGFmoj24bpFtZXx3bWF1bCJ9LCJhdHRy6WJldGU4Ons46H3wZXJs6Wmroj17opFjdG3iZSoIMSw4bG3u6yoIo4osonRhcpd3dCoIo4osoph0bWw4O4o4fSw46WlhZiU4Ons4YWN06XZ3oj2wLCJwYXR2oj24o4w4ci3IZV9aoj24o4w4ci3IZV9moj24o4w46HRtbCoIo4J9fX0seyJp6WVsZCoIopxvZl9hYgR1dpU4LCJhbG3hcyoIonR4bF9sbidzo4w4bGFuZgVhZiU4O3tdLCJsYWJ3bCoIokxvZyBBYgR1dp30eSosonZ1ZXc4OjEsopR3dGF1bCoIMSw4ci9ydGF4bGU4OjEsonN3YXJj6CoIMSw4ZG9gbpxvYWQ4OjEsopZybg13b4oIMSw4di3kdG54O4oxMDA4LCJhbG3nb4oIopx3ZnQ4LCJzbgJ0bG3zdCoIojM4LCJjbimuoj17onZhbG3koj24MCosopR4oj24o4w46iVmoj24o4w4ZG3zcGxheSoIo4J9LCJhdHRy6WJldGU4Ons46H3wZXJs6Wmroj17opFjdG3iZSoIMSw4bG3u6yoIo4osonRhcpd3dCoIo4osoph0bWw4O4o4fSw46WlhZiU4Ons4YWN06XZ3oj2wLCJwYXR2oj24o4w4ci3IZV9aoj24o4w4ci3IZV9moj24o4w46HRtbCoIo4J9fX0seyJp6WVsZCoIopxvZl9kYXR3o4w4YWx1YXM4O4J0YpxfbG9ncyosopxhbpdlYWd3oj1bXSw4bGF4ZWw4O4JMbic5RiVuZXJhdGU5RGF0ZSosonZ1ZXc4OjEsopR3dGF1bCoIMSw4ci9ydGF4bGU4OjEsonN3YXJj6CoIMSw4ZG9gbpxvYWQ4OjEsopZybg13b4oIMSw4di3kdG54O4oxMDA4LCJhbG3nb4oIopx3ZnQ4LCJzbgJ0bG3zdCoIojQ4LCJjbimuoj17onZhbG3koj24MCosopR4oj24o4w46iVmoj24o4w4ZG3zcGxheSoIo4J9LCJhdHRy6WJldGU4Ons46H3wZXJs6Wmroj17opFjdG3iZSoIMSw4bG3u6yoIo4osonRhcpd3dCoIo4osoph0bWw4O4o4fSw46WlhZiU4Ons4YWN06XZ3oj2wLCJwYXR2oj24o4w4ci3IZV9aoj24o4w4ci3IZV9moj24o4w46HRtbCoIo4J9fX0seyJp6WVsZCoIopxvZl9kZXNjcp3wdG3vb4osopFs6WFzoj24dGJsXixvZgM4LCJsYWmndWFnZSoIWl0sopxhYpVsoj24TG9noER3ciNy6XB06W9uo4w4dp33dyoIMSw4ZGV0YW3soj2xLCJzbgJ0YWJsZSoIMSw4ciVhcpN2oj2xLCJkbgdubG9hZCoIMSw4ZnJvepVuoj2xLCJg6WR06CoIojEwMCosopFs6Wduoj24bGVpdCosonNvcnRs6XN0oj24NSosopNvbpa4Ons4dpFs6WQ4O4owo4w4ZGo4O4o4LCJrZXk4O4o4LCJk6XNwbGFmoj24on0sopF0dHJ1YnV0ZSoIeyJ2eXB3cpx1bps4Ons4YWN06XZ3oj2xLCJs6Wmroj24o4w4dGFyZiV0oj24o4w46HRtbCoIo4J9LCJ1bWFnZSoIeyJhYgR1dpU4OjAsonBhdG54O4o4LCJz6X13Xg54O4o4LCJz6X13Xgk4O4o4LCJ2dGlsoj24onl9fV0sopZvcplfYi9sdWluoj2xLCJpbgJtXixheW9ldCoIeyJjbixlbWa4OjEsonR1dGx3oj24bG9ncyosopZvcplhdCoIopdy6WQ4LCJk6XNwbGFmoj246G9y6X1vbnRhbCJ9LCJpbgJtcyoIWgs4Zp33bGQ4O4Jsbidf6WQ4LCJhbG3hcyoIonR4bF9sbidzo4w4bGFuZgVhZiU4O3tdLCJsYWJ3bCoIokxvZyBJZCosopZvcplfZgJvdXA4OjAsonJ3cXV1cpVkoj24MCosonZ1ZXc4OjAsonRmcGU4O4J0ZXh0o4w4YWRkoj2xLCJz6X13oj24MCosopVk6XQ4OjEsonN3YXJj6CoIMCw4ci9ydGx1cgQ4OjAsop9wdG3vb4oIeyJvcHRfdH3wZSoIo4osopxvbitlcF9xdWVyeSoIo4osopxvbitlcF90YWJsZSoIo4osopxvbitlcF9rZXk4O4o4LCJsbi9rdXBfdpFsdWU4O4o4LCJ1cl9kZXB3bpR3bpNmoj24o4w46XNfbXVsdG3wbGU4O4o4LCJsbi9rdXBfZGVwZWmkZWmjeV9rZXk4O4o4LCJwYXR2XgRvXgVwbG9hZCoIo4osonJ3ci3IZV9g6WR06CoIo4osonJ3ci3IZV92ZW3n6HQ4O4o4LCJlcGxvYWRfdH3wZSoIo4osonRvbix06XA4O4o4LCJhdHRy6WJldGU4O4o4LCJ3eHR3bpRfYixhcgM4O4o4fX0seyJp6WVsZCoIopxvZl9jYXN3Xi3ko4w4YWx1YXM4O4J0YpxfbG9ncyosopxhbpdlYWd3oj1bXSw4bGF4ZWw4O4JDYXN3oChDYXN3oG3koENhciU5TnVtYpVyoFNlYp13YgQ1o4w4Zp9ybV9ncp9lcCoIMCw4cpVxdW3yZWQ4O4JyZXFl6XJ3ZCosonZ1ZXc4OjEsonRmcGU4O4JzZWx3YgQ4LCJhZGQ4OjEsonN1epU4O4owo4w4ZWR1dCoIMSw4ciVhcpN2oj24MSosonNvcnRs6XN0oj2xLCJvcHR1bia4Ons4bgB0XgRmcGU4O4J3eHR3cpmhbCosopxvbitlcF9xdWVyeSoIo4osopxvbitlcF90YWJsZSoIonR4bF9jYXN3o4w4bG9v6gVwXit3eSoIopNhciVf6WQ4LCJsbi9rdXBfdpFsdWU4O4JjYXN3Xi3kfGNhciVfbGV0dGVyXimlbWJ3cnxjYXN3XgNlYp13YgQ4LCJ1cl9kZXB3bpR3bpNmoj24o4w46XNfbXVsdG3wbGU4O4o4LCJsbi9rdXBfZGVwZWmkZWmjeV9rZXk4O4o4LCJwYXR2XgRvXgVwbG9hZCoIo4osonJ3ci3IZV9g6WR06CoIo4osonJ3ci3IZV92ZW3n6HQ4O4o4LCJlcGxvYWRfdH3wZSoIo4osonRvbix06XA4O4o4LCJhdHRy6WJldGU4O4o4LCJ3eHR3bpRfYixhcgM4O4o4fX0seyJp6WVsZCoIopxvZl9lciVyXi3ko4w4YWx1YXM4O4J0YpxfbG9ncyosopxhbpdlYWd3oj1bXSw4bGF4ZWw4O4JVciVyo4w4Zp9ybV9ncp9lcCoIMCw4cpVxdW3yZWQ4O4JyZXFl6XJ3ZCosonZ1ZXc4OjEsonRmcGU4O4JzZWx3YgQ4LCJhZGQ4OjEsonN1epU4O4owo4w4ZWR1dCoIMSw4ciVhcpN2oj24MSosonNvcnRs6XN0oj2yLCJvcHR1bia4Ons4bgB0XgRmcGU4O4J3eHR3cpmhbCosopxvbitlcF9xdWVyeSoIo4osopxvbitlcF90YWJsZSoIonR4XgVzZXJzo4w4bG9v6gVwXit3eSoIop3ko4w4bG9v6gVwXgZhbHV3oj24bpFtZXxtbiJ1bGU4LCJ1cl9kZXB3bpR3bpNmoj24o4w46XNfbXVsdG3wbGU4O4o4LCJsbi9rdXBfZGVwZWmkZWmjeV9rZXk4O4o4LCJwYXR2XgRvXgVwbG9hZCoIo4osonJ3ci3IZV9g6WR06CoIo4osonJ3ci3IZV92ZW3n6HQ4O4o4LCJlcGxvYWRfdH3wZSoIo4osonRvbix06XA4O4o4LCJhdHRy6WJldGU4O4o4LCJ3eHR3bpRfYixhcgM4O4o4fX0seyJp6WVsZCoIopxvZl9hYgR1dpU4LCJhbG3hcyoIonR4bF9sbidzo4w4bGFuZgVhZiU4O3tdLCJsYWJ3bCoIokxvZyBBYgR1dp30eSosopZvcplfZgJvdXA4OjAsonJ3cXV1cpVkoj24MCosonZ1ZXc4OjEsonRmcGU4O4J0ZXh0o4w4YWRkoj2xLCJz6X13oj24MCosopVk6XQ4OjEsonN3YXJj6CoIojE4LCJzbgJ0bG3zdCoIMyw4bgB06W9uoj17op9wdF90eXB3oj24o4w4bG9v6gVwXgFlZXJmoj24o4w4bG9v6gVwXgRhYpx3oj24o4w4bG9v6gVwXit3eSoIo4osopxvbitlcF9iYWxlZSoIo4osop3zXiR3cGVuZGVuYgk4O4o4LCJ1cl9tdWx06XBsZSoIo4osopxvbitlcF9kZXB3bpR3bpNmXit3eSoIo4osonBhdGhfdG9fdXBsbiFkoj24o4w4cpVz6X13Xgd1ZHR2oj24o4w4cpVz6X13Xih36Wd2dCoIo4osonVwbG9hZF90eXB3oj24o4w4dG9vbHR1cCoIo4osopF0dHJ1YnV0ZSoIo4osopVadGVuZF9jbGFzcyoIo4J9fSx7opZ1ZWxkoj24bG9nXiRhdGU4LCJhbG3hcyoIonR4bF9sbidzo4w4bGFuZgVhZiU4O3tdLCJsYWJ3bCoIokxvZyBHZWm3cpF0ZSBEYXR3o4w4Zp9ybV9ncp9lcCoIMCw4cpVxdW3yZWQ4O4owo4w4dp33dyoIMSw4dH3wZSoIonR3eHRfZGF0ZXR1bWU4LCJhZGQ4OjEsonN1epU4O4owo4w4ZWR1dCoIMSw4ciVhcpN2oj24MSosonNvcnRs6XN0oj20LCJvcHR1bia4Ons4bgB0XgRmcGU4O4o4LCJsbi9rdXBfcXV3cnk4O4o4LCJsbi9rdXBfdGF4bGU4O4o4LCJsbi9rdXBf6iVmoj24o4w4bG9v6gVwXgZhbHV3oj24o4w46XNfZGVwZWmkZWmjeSoIo4osop3zXillbHR1cGx3oj24o4w4bG9v6gVwXiR3cGVuZGVuYg3f6iVmoj24o4w4cGF06F90bl9lcGxvYWQ4O4o4LCJyZXN1epVfdi3kdG54O4o4LCJyZXN1epVf6GV1Zih0oj24o4w4dXBsbiFkXgRmcGU4O4o4LCJ0bi9sdG3woj24o4w4YXR0cp34dXR3oj24o4w4ZXh0ZWmkXiNsYXNzoj24onl9LHs4Zp33bGQ4O4JsbidfZGVzYgJ1cHR1bia4LCJhbG3hcyoIonR4bF9sbidzo4w4bGFuZgVhZiU4O3tdLCJsYWJ3bCoIokxvZyBEZXNjcp3wdG3vb4osopZvcplfZgJvdXA4OjAsonJ3cXV1cpVkoj24MCosonZ1ZXc4OjEsonRmcGU4O4J0ZXh0YXJ3YSosopFkZCoIMSw4ci3IZSoIojA4LCJ3ZG30oj2xLCJzZWFyYi54O4oxo4w4ci9ydGx1cgQ4OjUsop9wdG3vb4oIeyJvcHRfdH3wZSoIo4osopxvbitlcF9xdWVyeSoIo4osopxvbitlcF90YWJsZSoIo4osopxvbitlcF9rZXk4O4o4LCJsbi9rdXBfdpFsdWU4O4o4LCJ1cl9kZXB3bpR3bpNmoj24o4w46XNfbXVsdG3wbGU4O4o4LCJsbi9rdXBfZGVwZWmkZWmjeV9rZXk4O4o4LCJwYXR2XgRvXgVwbG9hZCoIo4osonJ3ci3IZV9g6WR06CoIo4osonJ3ci3IZV92ZW3n6HQ4O4o4LCJlcGxvYWRfdH3wZSoIo4osonRvbix06XA4O4o4LCJhdHRy6WJldGU4O4o4LCJ3eHR3bpRfYixhcgM4O4o4fXldfQ==',	NULL),
(73,	'casestatus',	'Case Status',	'Case Status',	NULL,	'2017-12-14 20:17:34',	NULL,	'tbl_current_status',	'current_status_id',	'addon',	'eyJzcWxfciVsZWN0oj24oFNFTEVDVCB0YpxfYgVycpVudF9zdGF0dXMuK4BGUk9NoHR4bF9jdXJyZWm0XgN0YXRlcyA4LCJzcWxfdih3cpU4O4o5V0hFUkU5dGJsXiNlcnJ3bnRfcgRhdHVzLpNlcnJ3bnRfcgRhdHVzXi3koE3ToEmPVCBOVUxMo4w4cgFsXidybgVwoj24o4w4dGF4bGVfZGo4O4J0YpxfYgVycpVudF9zdGF0dXM4LCJwcp3tYXJmXit3eSoIopNlcnJ3bnRfcgRhdHVzXi3ko4w4ZgJ1ZCoIWgs4Zp33bGQ4O4JjdXJyZWm0XgN0YXRlcl91ZCosopFs6WFzoj24dGJsXiNlcnJ3bnRfcgRhdHVzo4w4bGFuZgVhZiU4O3tdLCJsYWJ3bCoIo3NmcgR3bSAjSWQ4LCJi6WVgoj2xLCJkZXRh6Ww4OjEsonNvcnRhYpx3oj2xLCJzZWFyYi54OjEsopRvdimsbiFkoj2xLCJpcp9IZWa4OjEsond1ZHR2oj24MTAwo4w4YWx1Zia4O4JsZWZ0o4w4ci9ydGx1cgQ4O4owo4w4Yi9ub4oIeyJiYWx1ZCoIojA4LCJkY4oIo4osopt3eSoIo4osopR1cgBsYXk4O4o4fSw4YXR0cp34dXR3oj17ophmcGVybG3u6yoIeyJhYgR1dpU4OjEsopx1bps4O4o4LCJ0YXJnZXQ4O4o4LCJ2dGlsoj24on0sop3tYWd3oj17opFjdG3iZSoIMCw4cGF06CoIo4osonN1epVfeCoIo4osonN1epVfeSoIo4osoph0bWw4O4o4fXl9LHs4Zp33bGQ4O4JjdXJyZWm0XgN0YXRlcl9uYWl3o4w4YWx1YXM4O4J0YpxfYgVycpVudF9zdGF0dXM4LCJsYWmndWFnZSoIWl0sopxhYpVsoj24TpFtZSosonZ1ZXc4OjEsopR3dGF1bCoIMSw4ci9ydGF4bGU4OjEsonN3YXJj6CoIMSw4ZG9gbpxvYWQ4OjEsopZybg13b4oIMSw4di3kdG54O4oxMDA4LCJhbG3nb4oIopx3ZnQ4LCJzbgJ0bG3zdCoIojE4LCJjbimuoj17onZhbG3koj24MCosopR4oj24o4w46iVmoj24o4w4ZG3zcGxheSoIo4J9LCJhdHRy6WJldGU4Ons46H3wZXJs6Wmroj17opFjdG3iZSoIMSw4bG3u6yoIo4osonRhcpd3dCoIo4osoph0bWw4O4o4fSw46WlhZiU4Ons4YWN06XZ3oj2wLCJwYXR2oj24o4w4ci3IZV9aoj24o4w4ci3IZV9moj24o4w46HRtbCoIo4J9fX0seyJp6WVsZCoIopNlcnJ3bnRfcgRhdHVzXgZ1ZXc4LCJhbG3hcyoIonR4bF9jdXJyZWm0XgN0YXRlcyosopxhbpdlYWd3oj1bXSw4bGF4ZWw4O4JW6WVgoFN0YXRlcyosonZ1ZXc4OjEsopR3dGF1bCoIMSw4ci9ydGF4bGU4OjEsonN3YXJj6CoIMSw4ZG9gbpxvYWQ4OjEsopZybg13b4oIMSw4di3kdG54O4oxMDA4LCJhbG3nb4oIopx3ZnQ4LCJzbgJ0bG3zdCoIojo4LCJjbimuoj17onZhbG3koj24MSosopR4oj24dGJfcgRhdHVzo4w46iVmoj24cgRhdHVzXi3ko4w4ZG3zcGxheSoIonN0YXRlcl9uYWl3on0sopF0dHJ1YnV0ZSoIeyJ2eXB3cpx1bps4Ons4YWN06XZ3oj2xLCJs6Wmroj24o4w4dGFyZiV0oj24o4w46HRtbCoIo4J9LCJ1bWFnZSoIeyJhYgR1dpU4OjAsonBhdG54O4o4LCJz6X13Xg54O4o4LCJz6X13Xgk4O4o4LCJ2dGlsoj24onl9fV0sopZvcplzoj1beyJp6WVsZCoIopNlcnJ3bnRfcgRhdHVzXi3ko4w4YWx1YXM4O4J0YpxfYgVycpVudF9zdGF0dXM4LCJsYWmndWFnZSoIWl0sopxhYpVsoj24Ug3zdGVtoCNJZCosopZvcplfZgJvdXA4O4o4LCJyZXFl6XJ3ZCoIojA4LCJi6WVgoj2wLCJ0eXB3oj24dGVadCosopFkZCoIMSw4ci3IZSoIojA4LCJ3ZG30oj2xLCJzZWFyYi54OjAsonNvcnRs6XN0oj24MCosop9wdG3vb4oIeyJvcHRfdH3wZSoIo4osopxvbitlcF9xdWVyeSoIo4osopxvbitlcF90YWJsZSoIo4osopxvbitlcF9rZXk4O4o4LCJsbi9rdXBfdpFsdWU4O4o4LCJ1cl9kZXB3bpR3bpNmoj24o4w46XNfbXVsdG3wbGU4O4o4LCJsbi9rdXBfZGVwZWmkZWmjeV9rZXk4O4o4LCJwYXR2XgRvXgVwbG9hZCoIo4osonJ3ci3IZV9g6WR06CoIo4osonJ3ci3IZV92ZW3n6HQ4O4o4LCJlcGxvYWRfdH3wZSoIo4osonRvbix06XA4O4o4LCJhdHRy6WJldGU4O4o4LCJ3eHR3bpRfYixhcgM4O4o4fX0seyJp6WVsZCoIopNlcnJ3bnRfcgRhdHVzXimhbWU4LCJhbG3hcyoIonR4bF9jdXJyZWm0XgN0YXRlcyosopxhbpdlYWd3oj1bXSw4bGF4ZWw4O4JOYWl3o4w4Zp9ybV9ncp9lcCoIo4osonJ3cXV1cpVkoj24cpVxdW3yZWQ4LCJi6WVgoj2xLCJ0eXB3oj24dGVadCosopFkZCoIMSw4ci3IZSoIojA4LCJ3ZG30oj2xLCJzZWFyYi54O4oxo4w4ci9ydGx1cgQ4O4oxo4w4bgB06W9uoj17op9wdF90eXB3oj24o4w4bG9v6gVwXgFlZXJmoj24o4w4bG9v6gVwXgRhYpx3oj24o4w4bG9v6gVwXit3eSoIo4osopxvbitlcF9iYWxlZSoIo4osop3zXiR3cGVuZGVuYgk4O4o4LCJ1cl9tdWx06XBsZSoIo4osopxvbitlcF9kZXB3bpR3bpNmXit3eSoIo4osonBhdGhfdG9fdXBsbiFkoj24o4w4cpVz6X13Xgd1ZHR2oj24o4w4cpVz6X13Xih36Wd2dCoIo4osonVwbG9hZF90eXB3oj24o4w4dG9vbHR1cCoIo4osopF0dHJ1YnV0ZSoIo4osopVadGVuZF9jbGFzcyoIo4J9fSx7opZ1ZWxkoj24YgVycpVudF9zdGF0dXNfdp33dyosopFs6WFzoj24dGJsXiNlcnJ3bnRfcgRhdHVzo4w4bGFuZgVhZiU4O3tdLCJsYWJ3bCoIo3N0YXRlcyBW6WVgo4w4Zp9ybV9ncp9lcCoIo4osonJ3cXV1cpVkoj24cpVxdW3yZWQ4LCJi6WVgoj2xLCJ0eXB3oj24ciVsZWN0o4w4YWRkoj2xLCJz6X13oj24MCosopVk6XQ4OjEsonN3YXJj6CoIojE4LCJzbgJ0bG3zdCoIojo4LCJvcHR1bia4Ons4bgB0XgRmcGU4O4J3eHR3cpmhbCosopxvbitlcF9xdWVyeSoIo4osopxvbitlcF90YWJsZSoIonR4XgN0YXRlcyosopxvbitlcF9rZXk4O4JzdGF0dXNf6WQ4LCJsbi9rdXBfdpFsdWU4O4JzdGF0dXNfbpFtZSosop3zXiR3cGVuZGVuYgk4O4oxo4w46XNfbXVsdG3wbGU4O4o4LCJsbi9rdXBfZGVwZWmkZWmjeV9rZXk4O4o4LCJwYXR2XgRvXgVwbG9hZCoIo4osonJ3ci3IZV9g6WR06CoIo4osonJ3ci3IZV92ZW3n6HQ4O4o4LCJlcGxvYWRfdH3wZSoIo4osonRvbix06XA4O4o4LCJhdHRy6WJldGU4O4o4LCJ3eHR3bpRfYixhcgM4O4o4fXldfQ==',	NULL),
(74,	'aadresses',	'Addresses',	'Addresses',	NULL,	'2017-12-14 20:27:14',	NULL,	'addresses',	'address_id',	'addon',	'eyJzcWxfciVsZWN0oj24oFNFTEVDVCBhZGRyZXNzZXMuK4BGUk9NoGFkZHJ3cgN3cyA4LCJzcWxfdih3cpU4O4o5V0hFUkU5YWRkcpVzciVzLpFkZHJ3cgNf6WQ5SVM5Tk9UoEmVTEw4LCJzcWxfZgJvdXA4O4o4LCJ0YWJsZV9kY4oIopFkZHJ3cgN3cyosonBy6Wlhcn3f6iVmoj24YWRkcpVzcl91ZCosopdy6WQ4O3t7opZ1ZWxkoj24YWRkcpVzcl91ZCosopFs6WFzoj24YWRkcpVzciVzo4w4bGFuZgVhZiU4O3tdLCJsYWJ3bCoIo3NmcgR3bSAjSWQ4LCJi6WVgoj2xLCJkZXRh6Ww4OjEsonNvcnRhYpx3oj2xLCJzZWFyYi54OjEsopRvdimsbiFkoj2xLCJpcp9IZWa4OjEsond1ZHR2oj24MTAwo4w4YWx1Zia4O4JsZWZ0o4w4ci9ydGx1cgQ4O4owo4w4Yi9ub4oIeyJiYWx1ZCoIojA4LCJkY4oIo4osopt3eSoIo4osopR1cgBsYXk4O4o4fSw4YXR0cp34dXR3oj17ophmcGVybG3u6yoIeyJhYgR1dpU4OjEsopx1bps4O4o4LCJ0YXJnZXQ4O4o4LCJ2dGlsoj24on0sop3tYWd3oj17opFjdG3iZSoIMCw4cGF06CoIo4osonN1epVfeCoIo4osonN1epVfeSoIo4osoph0bWw4O4o4fXl9LHs4Zp33bGQ4O4JhZGRyZXNzXiFkZHJ3cgM4LCJhbG3hcyoIopFkZHJ3cgN3cyosopxhbpdlYWd3oj1bXSw4bGF4ZWw4O4JBZGRyZXNzo4w4dp33dyoIMSw4ZGV0YW3soj2xLCJzbgJ0YWJsZSoIMSw4ciVhcpN2oj2xLCJkbgdubG9hZCoIMSw4ZnJvepVuoj2xLCJg6WR06CoIojEwMCosopFs6Wduoj24bGVpdCosonNvcnRs6XN0oj24MSosopNvbpa4Ons4dpFs6WQ4O4owo4w4ZGo4O4o4LCJrZXk4O4o4LCJk6XNwbGFmoj24on0sopF0dHJ1YnV0ZSoIeyJ2eXB3cpx1bps4Ons4YWN06XZ3oj2xLCJs6Wmroj24o4w4dGFyZiV0oj24o4w46HRtbCoIo4J9LCJ1bWFnZSoIeyJhYgR1dpU4OjAsonBhdG54O4o4LCJz6X13Xg54O4o4LCJz6X13Xgk4O4o4LCJ2dGlsoj24onl9fSx7opZ1ZWxkoj24YWRkcpVzcl9zdGF0dXM4LCJhbG3hcyoIopFkZHJ3cgN3cyosopxhbpdlYWd3oj1bXSw4bGF4ZWw4O4JTdGF0dXM4LCJi6WVgoj2xLCJkZXRh6Ww4OjEsonNvcnRhYpx3oj2xLCJzZWFyYi54OjEsopRvdimsbiFkoj2xLCJpcp9IZWa4OjEsond1ZHR2oj24MTAwo4w4YWx1Zia4O4JsZWZ0o4w4ci9ydGx1cgQ4O4oyo4w4Yi9ub4oIeyJiYWx1ZCoIojE4LCJkY4oIonR4XgN0YXRlcyosopt3eSoIonN0YXRlcl91ZCosopR1cgBsYXk4O4JzdGF0dXNfbpFtZSJ9LCJhdHRy6WJldGU4Ons46H3wZXJs6Wmroj17opFjdG3iZSoIMSw4bG3u6yoIo4osonRhcpd3dCoIo4osoph0bWw4O4o4fSw46WlhZiU4Ons4YWN06XZ3oj2wLCJwYXR2oj24o4w4ci3IZV9aoj24o4w4ci3IZV9moj24o4w46HRtbCoIo4J9fXldLCJpbgJtcyoIWgs4Zp33bGQ4O4JhZGRyZXNzXi3ko4w4YWx1YXM4O4JhZGRyZXNzZXM4LCJsYWmndWFnZSoIWl0sopxhYpVsoj24Ug3zdGVtcyAjSWQ4LCJpbgJtXidybgVwoj24o4w4cpVxdW3yZWQ4O4owo4w4dp33dyoIMCw4dH3wZSoIonR3eHQ4LCJhZGQ4OjEsonN1epU4O4owo4w4ZWR1dCoIMSw4ciVhcpN2oj2wLCJzbgJ0bG3zdCoIojA4LCJvcHR1bia4Ons4bgB0XgRmcGU4O4o4LCJsbi9rdXBfcXV3cnk4O4o4LCJsbi9rdXBfdGF4bGU4O4o4LCJsbi9rdXBf6iVmoj24o4w4bG9v6gVwXgZhbHV3oj24o4w46XNfZGVwZWmkZWmjeSoIo4osop3zXillbHR1cGx3oj24o4w4bG9v6gVwXiR3cGVuZGVuYg3f6iVmoj24o4w4cGF06F90bl9lcGxvYWQ4O4o4LCJyZXN1epVfdi3kdG54O4o4LCJyZXN1epVf6GV1Zih0oj24o4w4dXBsbiFkXgRmcGU4O4o4LCJ0bi9sdG3woj24o4w4YXR0cp34dXR3oj24o4w4ZXh0ZWmkXiNsYXNzoj24onl9LHs4Zp33bGQ4O4JhZGRyZXNzXiFkZHJ3cgM4LCJhbG3hcyoIopFkZHJ3cgN3cyosopxhbpdlYWd3oj1bXSw4bGF4ZWw4O4JBZGRyZXNzo4w4Zp9ybV9ncp9lcCoIo4osonJ3cXV1cpVkoj24cpVxdW3yZWQ4LCJi6WVgoj2xLCJ0eXB3oj24dGVadGFyZWE4LCJhZGQ4OjEsonN1epU4O4owo4w4ZWR1dCoIMSw4ciVhcpN2oj24MSosonNvcnRs6XN0oj24MSosop9wdG3vb4oIeyJvcHRfdH3wZSoIo4osopxvbitlcF9xdWVyeSoIo4osopxvbitlcF90YWJsZSoIo4osopxvbitlcF9rZXk4O4o4LCJsbi9rdXBfdpFsdWU4O4o4LCJ1cl9kZXB3bpR3bpNmoj24o4w46XNfbXVsdG3wbGU4O4o4LCJsbi9rdXBfZGVwZWmkZWmjeV9rZXk4O4o4LCJwYXR2XgRvXgVwbG9hZCoIo4osonJ3ci3IZV9g6WR06CoIo4osonJ3ci3IZV92ZW3n6HQ4O4o4LCJlcGxvYWRfdH3wZSoIo4osonRvbix06XA4O4o4LCJhdHRy6WJldGU4O4o4LCJ3eHR3bpRfYixhcgM4O4o4fX0seyJp6WVsZCoIopFkZHJ3cgNfcgRhdHVzo4w4YWx1YXM4O4JhZGRyZXNzZXM4LCJsYWmndWFnZSoIWl0sopxhYpVsoj24UgRhdHVzo4w4Zp9ybV9ncp9lcCoIo4osonJ3cXV1cpVkoj24cpVxdW3yZWQ4LCJi6WVgoj2xLCJ0eXB3oj24ciVsZWN0o4w4YWRkoj2xLCJz6X13oj24MCosopVk6XQ4OjEsonN3YXJj6CoIojE4LCJzbgJ0bG3zdCoIojo4LCJvcHR1bia4Ons4bgB0XgRmcGU4O4J3eHR3cpmhbCosopxvbitlcF9xdWVyeSoIo4osopxvbitlcF90YWJsZSoIonR4XgN0YXRlcyosopxvbitlcF9rZXk4O4JzdGF0dXNf6WQ4LCJsbi9rdXBfdpFsdWU4O4JzdGF0dXNfbpFtZSosop3zXiR3cGVuZGVuYgk4O4oxo4w46XNfbXVsdG3wbGU4O4o4LCJsbi9rdXBfZGVwZWmkZWmjeV9rZXk4O4o4LCJwYXR2XgRvXgVwbG9hZCoIo4osonJ3ci3IZV9g6WR06CoIo4osonJ3ci3IZV92ZW3n6HQ4O4o4LCJlcGxvYWRfdH3wZSoIo4osonRvbix06XA4O4o4LCJhdHRy6WJldGU4O4o4LCJ3eHR3bpRfYixhcgM4O4o4fXldfQ==',	NULL),
(76,	'orderpassed',	'Case Order Passed',	'Case Order Passed',	NULL,	'2017-12-14 20:56:21',	NULL,	'tbl_order_passed',	'order_passed_id',	'addon',	'eyJ0YWJsZV9kY4oIonR4bF9vcpR3c39wYXNzZWQ4LCJwcp3tYXJmXit3eSoIop9yZGVyXgBhcgN3ZF91ZCosonNxbF9zZWx3YgQ4O4JTRUxFQlQ5dGJsXi9yZGVyXgBhcgN3ZCaqoEZST005dGJsXi9yZGVyXgBhcgN3ZCosonNxbF9g6GVyZSoIo4BXSEVSRSB0YpxfbgJkZXJfcGFzciVkLp9yZGVyXgBhcgN3ZF91ZCBJUyBOTlQ5T3VMTCosonNxbF9ncp9lcCoIo4osopdy6WQ4O3t7opZ1ZWxkoj24bgJkZXJfcGFzciVkXi3ko4w4YWx1YXM4O4J0YpxfbgJkZXJfcGFzciVko4w4bGF4ZWw4O4JPcpR3c4BQYXNzZWQ5SWQ4LCJsYWmndWFnZSoIWl0sonN3YXJj6CoIojE4LCJkbgdubG9hZCoIojE4LCJhbG3nb4oIopx3ZnQ4LCJi6WVgoj24MSosopR3dGF1bCoIojE4LCJzbgJ0YWJsZSoIojE4LCJpcp9IZWa4O4owo4w46G3kZGVuoj24MCosonNvcnRs6XN0oj2wLCJg6WR06CoIojEwMCosopNvbpa4Ons4dpFs6WQ4O4owo4w4ZGo4O4o4LCJrZXk4O4o4LCJk6XNwbGFmoj24on0sopF0dHJ1YnV0ZSoIeyJ2eXB3cpx1bps4Ons4YWN06XZ3oj24MCosopx1bps4O4o4LCJ0YXJnZXQ4O4o4LCJ2dGlsoj24on0sop3tYWd3oj17opFjdG3iZSoIojA4LCJwYXR2oj24o4w4ci3IZV9aoj24o4w4ci3IZV9moj24o4w46HRtbCoIo4J9fX0seyJp6WVsZCoIop9yZGVyXgBhcgN3ZF9jYXN3Xi3ko4w4YWx1YXM4O4J0YpxfbgJkZXJfcGFzciVko4w4bGF4ZWw4O4JPcpR3c4BQYXNzZWQ5QiFzZSBJZCosopxhbpdlYWd3oj1bXSw4ciVhcpN2oj24MSosopRvdimsbiFkoj24MSosopFs6Wduoj24bGVpdCosonZ1ZXc4O4oxo4w4ZGV0YW3soj24MSosonNvcnRhYpx3oj24MSosopZybg13b4oIojA4LCJ26WRkZWa4O4owo4w4ci9ydGx1cgQ4OjEsond1ZHR2oj24MTAwo4w4Yi9ub4oIeyJiYWx1ZCoIojA4LCJkY4oIo4osopt3eSoIo4osopR1cgBsYXk4O4o4fSw4YXR0cp34dXR3oj17ophmcGVybG3u6yoIeyJhYgR1dpU4O4owo4w4bG3u6yoIo4osonRhcpd3dCoIo4osoph0bWw4O4o4fSw46WlhZiU4Ons4YWN06XZ3oj24MCosonBhdG54O4o4LCJz6X13Xg54O4o4LCJz6X13Xgk4O4o4LCJ2dGlsoj24onl9fSx7opZ1ZWxkoj24bgJkZXJfcGFzciVkXi9pZp3jZXJf6WQ4LCJhbG3hcyoIonR4bF9vcpR3c39wYXNzZWQ4LCJsYWJ3bCoIok9yZGVyoFBhcgN3ZCBPZpZ1YiVyoE3ko4w4bGFuZgVhZiU4O3tdLCJzZWFyYi54O4oxo4w4ZG9gbpxvYWQ4O4oxo4w4YWx1Zia4O4JsZWZ0o4w4dp33dyoIojE4LCJkZXRh6Ww4O4oxo4w4ci9ydGF4bGU4O4oxo4w4ZnJvepVuoj24MCosoph1ZGR3b4oIojA4LCJzbgJ0bG3zdCoIM4w4di3kdG54O4oxMDA4LCJjbimuoj17onZhbG3koj24MCosopR4oj24o4w46iVmoj24o4w4ZG3zcGxheSoIo4J9LCJhdHRy6WJldGU4Ons46H3wZXJs6Wmroj17opFjdG3iZSoIojA4LCJs6Wmroj24o4w4dGFyZiV0oj24o4w46HRtbCoIo4J9LCJ1bWFnZSoIeyJhYgR1dpU4O4owo4w4cGF06CoIo4osonN1epVfeCoIo4osonN1epVfeSoIo4osoph0bWw4O4o4fXl9LHs4Zp33bGQ4O4JvcpR3c39wYXNzZWRfZGF0ZSosopFs6WFzoj24dGJsXi9yZGVyXgBhcgN3ZCosopxhYpVsoj24TgJkZXo5UGFzciVkoERhdGU4LCJsYWmndWFnZSoIWl0sonN3YXJj6CoIojE4LCJkbgdubG9hZCoIojE4LCJhbG3nb4oIopx3ZnQ4LCJi6WVgoj24MSosopR3dGF1bCoIojE4LCJzbgJ0YWJsZSoIojE4LCJpcp9IZWa4O4owo4w46G3kZGVuoj24MCosonNvcnRs6XN0oj2zLCJg6WR06CoIojEwMCosopNvbpa4Ons4dpFs6WQ4O4owo4w4ZGo4O4o4LCJrZXk4O4o4LCJk6XNwbGFmoj24on0sopF0dHJ1YnV0ZSoIeyJ2eXB3cpx1bps4Ons4YWN06XZ3oj24MCosopx1bps4O4o4LCJ0YXJnZXQ4O4o4LCJ2dGlsoj24on0sop3tYWd3oj17opFjdG3iZSoIojA4LCJwYXR2oj24o4w4ci3IZV9aoj24o4w4ci3IZV9moj24o4w46HRtbCoIo4J9fX0seyJp6WVsZCoIop9yZGVyXgJ3bWFy6yosopFs6WFzoj24dGJsXi9yZGVyXgBhcgN3ZCosopxhYpVsoj24TgJkZXo5UpVtYXJro4w4bGFuZgVhZiU4O3tdLCJzZWFyYi54O4oxo4w4ZG9gbpxvYWQ4O4oxo4w4YWx1Zia4O4JsZWZ0o4w4dp33dyoIojE4LCJkZXRh6Ww4O4oxo4w4ci9ydGF4bGU4O4oxo4w4ZnJvepVuoj24MCosoph1ZGR3b4oIojA4LCJzbgJ0bG3zdCoINCw4di3kdG54O4oxMDA4LCJjbimuoj17onZhbG3koj24MCosopR4oj24o4w46iVmoj24o4w4ZG3zcGxheSoIo4J9LCJhdHRy6WJldGU4Ons46H3wZXJs6Wmroj17opFjdG3iZSoIojA4LCJs6Wmroj24o4w4dGFyZiV0oj24o4w46HRtbCoIo4J9LCJ1bWFnZSoIeyJhYgR1dpU4O4owo4w4cGF06CoIo4osonN1epVfeCoIo4osonN1epVfeSoIo4osoph0bWw4O4o4fXl9LHs4Zp33bGQ4O4JvcpR3c39wYXNzZWRfYgJ3YXR3ZF9kYXR3o4w4YWx1YXM4O4J0YpxfbgJkZXJfcGFzciVko4w4bGF4ZWw4O4JPcpR3c4BQYXNzZWQ5QgJ3YXR3ZCBEYXR3o4w4bGFuZgVhZiU4O3tdLCJzZWFyYi54O4oxo4w4ZG9gbpxvYWQ4O4oxo4w4YWx1Zia4O4JsZWZ0o4w4dp33dyoIojE4LCJkZXRh6Ww4O4oxo4w4ci9ydGF4bGU4O4oxo4w4ZnJvepVuoj24MCosoph1ZGR3b4oIojA4LCJzbgJ0bG3zdCoINSw4di3kdG54O4oxMDA4LCJjbimuoj17onZhbG3koj24MCosopR4oj24o4w46iVmoj24o4w4ZG3zcGxheSoIo4J9LCJhdHRy6WJldGU4Ons46H3wZXJs6Wmroj17opFjdG3iZSoIojA4LCJs6Wmroj24o4w4dGFyZiV0oj24o4w46HRtbCoIo4J9LCJ1bWFnZSoIeyJhYgR1dpU4O4owo4w4cGF06CoIo4osonN1epVfeCoIo4osonN1epVfeSoIo4osoph0bWw4O4o4fXl9LHs4Zp33bGQ4O4JvcpR3c39wYXNzZWRfdXBkYXR3XiRhdGU4LCJhbG3hcyoIonR4bF9vcpR3c39wYXNzZWQ4LCJsYWJ3bCoIok9yZGVyoFBhcgN3ZCBVcGRhdGU5RGF0ZSosopxhbpdlYWd3oj1bXSw4ciVhcpN2oj24MSosopRvdimsbiFkoj24MSosopFs6Wduoj24bGVpdCosonZ1ZXc4O4oxo4w4ZGV0YW3soj24MSosonNvcnRhYpx3oj24MSosopZybg13b4oIojA4LCJ26WRkZWa4O4owo4w4ci9ydGx1cgQ4OjYsond1ZHR2oj24MTAwo4w4Yi9ub4oIeyJiYWx1ZCoIojA4LCJkY4oIo4osopt3eSoIo4osopR1cgBsYXk4O4o4fSw4YXR0cp34dXR3oj17ophmcGVybG3u6yoIeyJhYgR1dpU4O4owo4w4bG3u6yoIo4osonRhcpd3dCoIo4osoph0bWw4O4o4fSw46WlhZiU4Ons4YWN06XZ3oj24MCosonBhdG54O4o4LCJz6X13Xg54O4o4LCJz6X13Xgk4O4o4LCJ2dGlsoj24onl9fSx7opZ1ZWxkoj24bgJkZXJfcGFzciVkXgN0YXRlcyosopFs6WFzoj24dGJsXi9yZGVyXgBhcgN3ZCosopxhYpVsoj24TgJkZXo5UGFzciVkoFN0YXRlcyosopxhbpdlYWd3oj1bXSw4ciVhcpN2oj24MSosopRvdimsbiFkoj24MSosopFs6Wduoj24bGVpdCosonZ1ZXc4O4oxo4w4ZGV0YW3soj24MSosonNvcnRhYpx3oj24MSosopZybg13b4oIojA4LCJ26WRkZWa4O4owo4w4ci9ydGx1cgQ4Ojcsond1ZHR2oj24MTAwo4w4Yi9ub4oIeyJiYWx1ZCoIojA4LCJkY4oIo4osopt3eSoIo4osopR1cgBsYXk4O4o4fSw4YXR0cp34dXR3oj17ophmcGVybG3u6yoIeyJhYgR1dpU4O4owo4w4bG3u6yoIo4osonRhcpd3dCoIo4osoph0bWw4O4o4fSw46WlhZiU4Ons4YWN06XZ3oj24MCosonBhdG54O4o4LCJz6X13Xg54O4o4LCJz6X13Xgk4O4o4LCJ2dGlsoj24onl9fV0sopZvcplzoj1beyJp6WVsZCoIop9yZGVyXgBhcgN3ZF91ZCosopFs6WFzoj24dGJsXi9yZGVyXgBhcgN3ZCosopxhYpVsoj24TgJkZXo5UGFzciVkoE3ko4w4bGFuZgVhZiU4O3tdLCJyZXFl6XJ3ZCoIojA4LCJi6WVgoj24MSosonRmcGU4O4J0ZXh0YXJ3YSosopFkZCoIojE4LCJ3ZG30oj24MSosonN3YXJj6CoIojE4LCJz6X13oj24cgBhbjEyo4w4ci9ydGx1cgQ4OjAsopZvcplfZgJvdXA4O4o4LCJvcHR1bia4Ons4bgB0XgRmcGU4O4o4LCJsbi9rdXBfcXV3cnk4O4o4LCJsbi9rdXBfdGF4bGU4O4o4LCJsbi9rdXBf6iVmoj24o4w4bG9v6gVwXgZhbHV3oj24o4w46XNfZGVwZWmkZWmjeSoIo4osopxvbitlcF9kZXB3bpR3bpNmXit3eSoIo4osonBhdGhfdG9fdXBsbiFkoj24o4w4dXBsbiFkXgRmcGU4O4o4LCJ0bi9sdG3woj24o4w4YXR0cp34dXR3oj24o4w4ZXh0ZWmkXiNsYXNzoj24onl9LHs4Zp33bGQ4O4JvcpR3c39wYXNzZWRfYiFzZV91ZCosopFs6WFzoj24dGJsXi9yZGVyXgBhcgN3ZCosopxhYpVsoj24TgJkZXo5UGFzciVkoENhciU5SWQ4LCJsYWmndWFnZSoIWl0sonJ3cXV1cpVkoj24MCosonZ1ZXc4O4oxo4w4dH3wZSoIonR3eHRhcpVho4w4YWRkoj24MSosopVk6XQ4O4oxo4w4ciVhcpN2oj24MSosonN1epU4O4JzcGFuMTo4LCJzbgJ0bG3zdCoIMSw4Zp9ybV9ncp9lcCoIo4osop9wdG3vb4oIeyJvcHRfdH3wZSoIo4osopxvbitlcF9xdWVyeSoIo4osopxvbitlcF90YWJsZSoIo4osopxvbitlcF9rZXk4O4o4LCJsbi9rdXBfdpFsdWU4O4o4LCJ1cl9kZXB3bpR3bpNmoj24o4w4bG9v6gVwXiR3cGVuZGVuYg3f6iVmoj24o4w4cGF06F90bl9lcGxvYWQ4O4o4LCJlcGxvYWRfdH3wZSoIo4osonRvbix06XA4O4o4LCJhdHRy6WJldGU4O4o4LCJ3eHR3bpRfYixhcgM4O4o4fX0seyJp6WVsZCoIop9yZGVyXgBhcgN3ZF9vZpZ1YiVyXi3ko4w4YWx1YXM4O4J0YpxfbgJkZXJfcGFzciVko4w4bGF4ZWw4O4JPcpR3c4BQYXNzZWQ5TiZp6WN3c4BJZCosopxhbpdlYWd3oj1bXSw4cpVxdW3yZWQ4O4owo4w4dp33dyoIojE4LCJ0eXB3oj24dGVadGFyZWE4LCJhZGQ4O4oxo4w4ZWR1dCoIojE4LCJzZWFyYi54O4oxo4w4ci3IZSoIonNwYWaxM4osonNvcnRs6XN0oj2yLCJpbgJtXidybgVwoj24o4w4bgB06W9uoj17op9wdF90eXB3oj24o4w4bG9v6gVwXgFlZXJmoj24o4w4bG9v6gVwXgRhYpx3oj24o4w4bG9v6gVwXit3eSoIo4osopxvbitlcF9iYWxlZSoIo4osop3zXiR3cGVuZGVuYgk4O4o4LCJsbi9rdXBfZGVwZWmkZWmjeV9rZXk4O4o4LCJwYXR2XgRvXgVwbG9hZCoIo4osonVwbG9hZF90eXB3oj24o4w4dG9vbHR1cCoIo4osopF0dHJ1YnV0ZSoIo4osopVadGVuZF9jbGFzcyoIo4J9fSx7opZ1ZWxkoj24bgJkZXJfcGFzciVkXiRhdGU4LCJhbG3hcyoIonR4bF9vcpR3c39wYXNzZWQ4LCJsYWJ3bCoIok9yZGVyoFBhcgN3ZCBEYXR3o4w4bGFuZgVhZiU4O3tdLCJyZXFl6XJ3ZCoIojA4LCJi6WVgoj24MSosonRmcGU4O4J0ZXh0YXJ3YSosopFkZCoIojE4LCJ3ZG30oj24MSosonN3YXJj6CoIojE4LCJz6X13oj24cgBhbjEyo4w4ci9ydGx1cgQ4OjMsopZvcplfZgJvdXA4O4o4LCJvcHR1bia4Ons4bgB0XgRmcGU4O4o4LCJsbi9rdXBfcXV3cnk4O4o4LCJsbi9rdXBfdGF4bGU4O4o4LCJsbi9rdXBf6iVmoj24o4w4bG9v6gVwXgZhbHV3oj24o4w46XNfZGVwZWmkZWmjeSoIo4osopxvbitlcF9kZXB3bpR3bpNmXit3eSoIo4osonBhdGhfdG9fdXBsbiFkoj24o4w4dXBsbiFkXgRmcGU4O4o4LCJ0bi9sdG3woj24o4w4YXR0cp34dXR3oj24o4w4ZXh0ZWmkXiNsYXNzoj24onl9LHs4Zp33bGQ4O4JvcpR3c39yZWlhcps4LCJhbG3hcyoIonR4bF9vcpR3c39wYXNzZWQ4LCJsYWJ3bCoIok9yZGVyoFJ3bWFy6yosopxhbpdlYWd3oj1bXSw4cpVxdW3yZWQ4O4owo4w4dp33dyoIojE4LCJ0eXB3oj24dGVadGFyZWE4LCJhZGQ4O4oxo4w4ZWR1dCoIojE4LCJzZWFyYi54O4oxo4w4ci3IZSoIonNwYWaxM4osonNvcnRs6XN0oj20LCJpbgJtXidybgVwoj24o4w4bgB06W9uoj17op9wdF90eXB3oj24o4w4bG9v6gVwXgFlZXJmoj24o4w4bG9v6gVwXgRhYpx3oj24o4w4bG9v6gVwXit3eSoIo4osopxvbitlcF9iYWxlZSoIo4osop3zXiR3cGVuZGVuYgk4O4o4LCJsbi9rdXBfZGVwZWmkZWmjeV9rZXk4O4o4LCJwYXR2XgRvXgVwbG9hZCoIo4osonVwbG9hZF90eXB3oj24o4w4dG9vbHR1cCoIo4osopF0dHJ1YnV0ZSoIo4osopVadGVuZF9jbGFzcyoIo4J9fSx7opZ1ZWxkoj24bgJkZXJfcGFzciVkXiNyZWF0ZWRfZGF0ZSosopFs6WFzoj24dGJsXi9yZGVyXgBhcgN3ZCosopxhYpVsoj24TgJkZXo5UGFzciVkoENyZWF0ZWQ5RGF0ZSosopxhbpdlYWd3oj1bXSw4cpVxdW3yZWQ4O4owo4w4dp33dyoIojE4LCJ0eXB3oj24dGVadGFyZWE4LCJhZGQ4O4oxo4w4ZWR1dCoIojE4LCJzZWFyYi54O4oxo4w4ci3IZSoIonNwYWaxM4osonNvcnRs6XN0oj2lLCJpbgJtXidybgVwoj24o4w4bgB06W9uoj17op9wdF90eXB3oj24o4w4bG9v6gVwXgFlZXJmoj24o4w4bG9v6gVwXgRhYpx3oj24o4w4bG9v6gVwXit3eSoIo4osopxvbitlcF9iYWxlZSoIo4osop3zXiR3cGVuZGVuYgk4O4o4LCJsbi9rdXBfZGVwZWmkZWmjeV9rZXk4O4o4LCJwYXR2XgRvXgVwbG9hZCoIo4osonVwbG9hZF90eXB3oj24o4w4dG9vbHR1cCoIo4osopF0dHJ1YnV0ZSoIo4osopVadGVuZF9jbGFzcyoIo4J9fSx7opZ1ZWxkoj24bgJkZXJfcGFzciVkXgVwZGF0ZV9kYXR3o4w4YWx1YXM4O4J0YpxfbgJkZXJfcGFzciVko4w4bGF4ZWw4O4JPcpR3c4BQYXNzZWQ5VXBkYXR3oERhdGU4LCJsYWmndWFnZSoIWl0sonJ3cXV1cpVkoj24MCosonZ1ZXc4O4oxo4w4dH3wZSoIonR3eHRhcpVho4w4YWRkoj24MSosopVk6XQ4O4oxo4w4ciVhcpN2oj24MSosonN1epU4O4JzcGFuMTo4LCJzbgJ0bG3zdCoIN4w4Zp9ybV9ncp9lcCoIo4osop9wdG3vb4oIeyJvcHRfdH3wZSoIo4osopxvbitlcF9xdWVyeSoIo4osopxvbitlcF90YWJsZSoIo4osopxvbitlcF9rZXk4O4o4LCJsbi9rdXBfdpFsdWU4O4o4LCJ1cl9kZXB3bpR3bpNmoj24o4w4bG9v6gVwXiR3cGVuZGVuYg3f6iVmoj24o4w4cGF06F90bl9lcGxvYWQ4O4o4LCJlcGxvYWRfdH3wZSoIo4osonRvbix06XA4O4o4LCJhdHRy6WJldGU4O4o4LCJ3eHR3bpRfYixhcgM4O4o4fX0seyJp6WVsZCoIop9yZGVyXgBhcgN3ZF9zdGF0dXM4LCJhbG3hcyoIonR4bF9vcpR3c39wYXNzZWQ4LCJsYWJ3bCoIok9yZGVyoFBhcgN3ZCBTdGF0dXM4LCJsYWmndWFnZSoIWl0sonJ3cXV1cpVkoj24MCosonZ1ZXc4O4oxo4w4dH3wZSoIonR3eHRhcpVho4w4YWRkoj24MSosopVk6XQ4O4oxo4w4ciVhcpN2oj24MSosonN1epU4O4JzcGFuMTo4LCJzbgJ0bG3zdCoINyw4Zp9ybV9ncp9lcCoIo4osop9wdG3vb4oIeyJvcHRfdH3wZSoIo4osopxvbitlcF9xdWVyeSoIo4osopxvbitlcF90YWJsZSoIo4osopxvbitlcF9rZXk4O4o4LCJsbi9rdXBfdpFsdWU4O4o4LCJ1cl9kZXB3bpR3bpNmoj24o4w4bG9v6gVwXiR3cGVuZGVuYg3f6iVmoj24o4w4cGF06F90bl9lcGxvYWQ4O4o4LCJlcGxvYWRfdH3wZSoIo4osonRvbix06XA4O4o4LCJhdHRy6WJldGU4O4o4LCJ3eHR3bpRfYixhcgM4O4o4fXldfQ==',	NULL),
(77,	'casehearing',	'Case Hearing',	'Case Hearing',	NULL,	'2017-12-27 22:19:20',	NULL,	'tbl_hearing',	'hearing_id',	'addon',	'eyJzcWxfciVsZWN0oj24oFNFTEVDVCB0Ypxf6GVhcp3uZyaqoEZST005dGJsXih3YXJ1bpc5o4w4cgFsXgd2ZXJ3oj24oFdoRVJFoHR4bF92ZWFy6WmnLph3YXJ1bpdf6WQ5SVM5Tk9UoEmVTEw4LCJzcWxfZgJvdXA4O4o4LCJ0YWJsZV9kY4oIonR4bF92ZWFy6Wmno4w4cHJ1bWFyeV9rZXk4O4J2ZWFy6WmnXi3ko4w4ZgJ1ZCoIWgs4Zp33bGQ4O4J2ZWFy6WmnXi3ko4w4YWx1YXM4O4J0Ypxf6GVhcp3uZyosopxhbpdlYWd3oj1bXSw4bGF4ZWw4O4JoZWFy6WmnoE3ko4w4dp33dyoIMSw4ZGV0YW3soj2xLCJzbgJ0YWJsZSoIMSw4ciVhcpN2oj2xLCJkbgdubG9hZCoIMSw4ZnJvepVuoj2xLCJg6WR06CoIojEwMCosopFs6Wduoj24bGVpdCosonNvcnRs6XN0oj24MCosopNvbpa4Ons4dpFs6WQ4O4owo4w4ZGo4O4o4LCJrZXk4O4o4LCJk6XNwbGFmoj24on0sopF0dHJ1YnV0ZSoIeyJ2eXB3cpx1bps4Ons4YWN06XZ3oj2xLCJs6Wmroj24o4w4dGFyZiV0oj24o4w46HRtbCoIo4J9LCJ1bWFnZSoIeyJhYgR1dpU4OjAsonBhdG54O4o4LCJz6X13Xg54O4o4LCJz6X13Xgk4O4o4LCJ2dGlsoj24onl9fSx7opZ1ZWxkoj246GVhcp3uZl9jYXN3Xi3ko4w4YWx1YXM4O4J0Ypxf6GVhcp3uZyosopxhbpdlYWd3oj1bXSw4bGF4ZWw4O4JDYXN3oChDYXN3oG3koENhciU5TnVtYpVyoFNlYp13YgQ1o4w4dp33dyoIMSw4ZGV0YW3soj2xLCJzbgJ0YWJsZSoIMSw4ciVhcpN2oj2xLCJkbgdubG9hZCoIMSw4ZnJvepVuoj2xLCJg6WR06CoIojEwMCosopFs6Wduoj24bGVpdCosonNvcnRs6XN0oj24MSosopNvbpa4Ons4dpFs6WQ4O4oxo4w4ZGo4O4J0YpxfYiFzZSosopt3eSoIopNhciVf6WQ4LCJk6XNwbGFmoj24YiFzZV91ZHxjYXN3Xix3dHR3c39udWl4ZXJ8YiFzZV9zdWJqZWN0on0sopF0dHJ1YnV0ZSoIeyJ2eXB3cpx1bps4Ons4YWN06XZ3oj2xLCJs6Wmroj24o4w4dGFyZiV0oj24o4w46HRtbCoIo4J9LCJ1bWFnZSoIeyJhYgR1dpU4OjAsonBhdG54O4o4LCJz6X13Xg54O4o4LCJz6X13Xgk4O4o4LCJ2dGlsoj24onl9fSx7opZ1ZWxkoj246GVhcp3uZl9vZpZ1YiVyXi3ko4w4YWx1YXM4O4J0Ypxf6GVhcp3uZyosopxhbpdlYWd3oj1bXSw4bGF4ZWw4O4JPZpZ1YiVyoEmhbWU4LCJi6WVgoj2xLCJkZXRh6Ww4OjEsonNvcnRhYpx3oj2xLCJzZWFyYi54OjEsopRvdimsbiFkoj2xLCJpcp9IZWa4OjEsond1ZHR2oj24MTAwo4w4YWx1Zia4O4JsZWZ0o4w4ci9ydGx1cgQ4O4oyo4w4Yi9ub4oIeyJiYWx1ZCoIojE4LCJkY4oIonR4XgVzZXJzo4w46iVmoj246WQ4LCJk6XNwbGFmoj24bpFtZSJ9LCJhdHRy6WJldGU4Ons46H3wZXJs6Wmroj17opFjdG3iZSoIMSw4bG3u6yoIo4osonRhcpd3dCoIo4osoph0bWw4O4o4fSw46WlhZiU4Ons4YWN06XZ3oj2wLCJwYXR2oj24o4w4ci3IZV9aoj24o4w4ci3IZV9moj24o4w46HRtbCoIo4J9fX0seyJp6WVsZCoIoph3YXJ1bpdfdG3tZSosopFs6WFzoj24dGJsXih3YXJ1bpc4LCJsYWmndWFnZSoIWl0sopxhYpVsoj24SGVhcp3uZyBU6Wl3o4w4dp33dyoIMSw4ZGV0YW3soj2xLCJzbgJ0YWJsZSoIMSw4ciVhcpN2oj2xLCJkbgdubG9hZCoIMSw4ZnJvepVuoj2xLCJg6WR06CoIojEwMCosopFs6Wduoj24bGVpdCosonNvcnRs6XN0oj24MyosopNvbpa4Ons4dpFs6WQ4O4owo4w4ZGo4O4o4LCJrZXk4O4o4LCJk6XNwbGFmoj24on0sopF0dHJ1YnV0ZSoIeyJ2eXB3cpx1bps4Ons4YWN06XZ3oj2xLCJs6Wmroj24o4w4dGFyZiV0oj24o4w46HRtbCoIo4J9LCJ1bWFnZSoIeyJhYgR1dpU4OjAsonBhdG54O4o4LCJz6X13Xg54O4o4LCJz6X13Xgk4O4o4LCJ2dGlsoj24onl9fSx7opZ1ZWxkoj246GVhcp3uZl9uZXh0XiRhdGU4LCJhbG3hcyoIonR4bF92ZWFy6Wmno4w4bGFuZgVhZiU4O3tdLCJsYWJ3bCoIokh3YXJ1bpc5TpVadCBEYXR3o4w4dp33dyoIMSw4ZGV0YW3soj2xLCJzbgJ0YWJsZSoIMSw4ciVhcpN2oj2xLCJkbgdubG9hZCoIMSw4ZnJvepVuoj2xLCJg6WR06CoIojEwMCosopFs6Wduoj24bGVpdCosonNvcnRs6XN0oj24NCosopNvbpa4Ons4dpFs6WQ4O4owo4w4ZGo4O4o4LCJrZXk4O4o4LCJk6XNwbGFmoj24on0sopF0dHJ1YnV0ZSoIeyJ2eXB3cpx1bps4Ons4YWN06XZ3oj2xLCJs6Wmroj24o4w4dGFyZiV0oj24o4w46HRtbCoIo4J9LCJ1bWFnZSoIeyJhYgR1dpU4OjAsonBhdG54O4o4LCJz6X13Xg54O4o4LCJz6X13Xgk4O4o4LCJ2dGlsoj24onl9fSx7opZ1ZWxkoj246GVhcp3uZl9hZGRyZXNzXi3ko4w4YWx1YXM4O4J0Ypxf6GVhcp3uZyosopxhbpdlYWd3oj1bXSw4bGF4ZWw4O4JBZGRyZXNzo4w4dp33dyoIMSw4ZGV0YW3soj2xLCJzbgJ0YWJsZSoIMSw4ciVhcpN2oj2xLCJkbgdubG9hZCoIMSw4ZnJvepVuoj2xLCJg6WR06CoIojEwMCosopFs6Wduoj24bGVpdCosonNvcnRs6XN0oj24NSosopNvbpa4Ons4dpFs6WQ4O4oxo4w4ZGo4O4JhZGRyZXNzZXM4LCJrZXk4O4JhZGRyZXNzXi3ko4w4ZG3zcGxheSoIopFkZHJ3cgNfYWRkcpVzcyJ9LCJhdHRy6WJldGU4Ons46H3wZXJs6Wmroj17opFjdG3iZSoIMSw4bG3u6yoIo4osonRhcpd3dCoIo4osoph0bWw4O4o4fSw46WlhZiU4Ons4YWN06XZ3oj2wLCJwYXR2oj24o4w4ci3IZV9aoj24o4w4ci3IZV9moj24o4w46HRtbCoIo4J9fX0seyJp6WVsZCoIonJ3bWFy6yosopFs6WFzoj24dGJsXih3YXJ1bpc4LCJsYWmndWFnZSoIWl0sopxhYpVsoj24UpVtYXJro4w4dp33dyoIMSw4ZGV0YW3soj2xLCJzbgJ0YWJsZSoIMSw4ciVhcpN2oj2xLCJkbgdubG9hZCoIMSw4ZnJvepVuoj2xLCJg6WR06CoIojEwMCosopFs6Wduoj24bGVpdCosonNvcnRs6XN0oj24N4osopNvbpa4Ons4dpFs6WQ4O4owo4w4ZGo4O4o4LCJrZXk4O4o4LCJk6XNwbGFmoj24on0sopF0dHJ1YnV0ZSoIeyJ2eXB3cpx1bps4Ons4YWN06XZ3oj2xLCJs6Wmroj24o4w4dGFyZiV0oj24o4w46HRtbCoIo4J9LCJ1bWFnZSoIeyJhYgR1dpU4OjAsonBhdG54O4o4LCJz6X13Xg54O4o4LCJz6X13Xgk4O4o4LCJ2dGlsoj24onl9fSx7opZ1ZWxkoj246GVhcp3uZl9jcpVhdGVkXiRhdGU4LCJhbG3hcyoIonR4bF92ZWFy6Wmno4w4bGFuZgVhZiU4O3tdLCJsYWJ3bCoIokh3YXJ1bpc5QgJ3YXR3ZCBEYXR3o4w4dp33dyoIMCw4ZGV0YW3soj2wLCJzbgJ0YWJsZSoIMCw4ciVhcpN2oj2xLCJkbgdubG9hZCoIMCw4ZnJvepVuoj2xLCJg6WR06CoIojEwMCosopFs6Wduoj24bGVpdCosonNvcnRs6XN0oj24NyosopNvbpa4Ons4dpFs6WQ4O4owo4w4ZGo4O4o4LCJrZXk4O4o4LCJk6XNwbGFmoj24on0sopF0dHJ1YnV0ZSoIeyJ2eXB3cpx1bps4Ons4YWN06XZ3oj2xLCJs6Wmroj24o4w4dGFyZiV0oj24o4w46HRtbCoIo4J9LCJ1bWFnZSoIeyJhYgR1dpU4OjAsonBhdG54O4o4LCJz6X13Xg54O4o4LCJz6X13Xgk4O4o4LCJ2dGlsoj24onl9fSx7opZ1ZWxkoj246GVhcp3uZl9lcGRhdGVfZGF0ZSosopFs6WFzoj24dGJsXih3YXJ1bpc4LCJsYWmndWFnZSoIWl0sopxhYpVsoj24SGVhcp3uZyBVcGRhdGU5RGF0ZSosonZ1ZXc4OjAsopR3dGF1bCoIMCw4ci9ydGF4bGU4OjAsonN3YXJj6CoIMSw4ZG9gbpxvYWQ4OjAsopZybg13b4oIMSw4di3kdG54O4oxMDA4LCJhbG3nb4oIopx3ZnQ4LCJzbgJ0bG3zdCoIoj54LCJjbimuoj17onZhbG3koj24MCosopR4oj24o4w46iVmoj24o4w4ZG3zcGxheSoIo4J9LCJhdHRy6WJldGU4Ons46H3wZXJs6Wmroj17opFjdG3iZSoIMSw4bG3u6yoIo4osonRhcpd3dCoIo4osoph0bWw4O4o4fSw46WlhZiU4Ons4YWN06XZ3oj2wLCJwYXR2oj24o4w4ci3IZV9aoj24o4w4ci3IZV9moj24o4w46HRtbCoIo4J9fX0seyJp6WVsZCoIoph3YXJ1bpdfcgRhdHVzo4w4YWx1YXM4O4J0Ypxf6GVhcp3uZyosopxhbpdlYWd3oj1bXSw4bGF4ZWw4O4JoZWFy6WmnoFN0YXRlcyosonZ1ZXc4OjAsopR3dGF1bCoIMCw4ci9ydGF4bGU4OjAsonN3YXJj6CoIMSw4ZG9gbpxvYWQ4OjAsopZybg13b4oIMSw4di3kdG54O4oxMDA4LCJhbG3nb4oIopx3ZnQ4LCJzbgJ0bG3zdCoIojk4LCJjbimuoj17onZhbG3koj24MCosopR4oj24o4w46iVmoj24o4w4ZG3zcGxheSoIo4J9LCJhdHRy6WJldGU4Ons46H3wZXJs6Wmroj17opFjdG3iZSoIMSw4bG3u6yoIo4osonRhcpd3dCoIo4osoph0bWw4O4o4fSw46WlhZiU4Ons4YWN06XZ3oj2wLCJwYXR2oj24o4w4ci3IZV9aoj24o4w4ci3IZV9moj24o4w46HRtbCoIo4J9fXldLCJpbgJtcyoIWgs4Zp33bGQ4O4J2ZWFy6WmnXi3ko4w4YWx1YXM4O4J0Ypxf6GVhcp3uZyosopxhbpdlYWd3oj1bXSw4bGF4ZWw4O4JoZWFy6WmnoE3ko4w4Zp9ybV9ncp9lcCoIo4osonJ3cXV1cpVkoj24cpVxdW3yZWQ4LCJi6WVgoj2xLCJ0eXB3oj24dGVadCosopFkZCoIMSw4ci3IZSoIojA4LCJ3ZG30oj2xLCJzZWFyYi54O4oxo4w4ci9ydGx1cgQ4O4owo4w4bgB06W9uoj17op9wdF90eXB3oj24o4w4bG9v6gVwXgFlZXJmoj24o4w4bG9v6gVwXgRhYpx3oj24o4w4bG9v6gVwXit3eSoIo4osopxvbitlcF9iYWxlZSoIo4osop3zXiR3cGVuZGVuYgk4O4o4LCJ1cl9tdWx06XBsZSoIo4osopxvbitlcF9kZXB3bpR3bpNmXit3eSoIo4osonBhdGhfdG9fdXBsbiFkoj24o4w4cpVz6X13Xgd1ZHR2oj24o4w4cpVz6X13Xih36Wd2dCoIo4osonVwbG9hZF90eXB3oj24o4w4dG9vbHR1cCoIo4osopF0dHJ1YnV0ZSoIo4osopVadGVuZF9jbGFzcyoIo4J9fSx7opZ1ZWxkoj246GVhcp3uZl9jYXN3Xi3ko4w4YWx1YXM4O4J0Ypxf6GVhcp3uZyosopxhbpdlYWd3oj1bXSw4bGF4ZWw4O4JDYXN3oChDYXN3oG3koENhciU5TnVtYpVyoFNlYp13YgQ1o4w4Zp9ybV9ncp9lcCoIo4osonJ3cXV1cpVkoj24cpVxdW3yZWQ4LCJi6WVgoj2xLCJ0eXB3oj24ciVsZWN0o4w4YWRkoj2xLCJz6X13oj24MCosopVk6XQ4OjEsonN3YXJj6CoIojE4LCJzbgJ0bG3zdCoIojE4LCJvcHR1bia4Ons4bgB0XgRmcGU4O4J3eHR3cpmhbCosopxvbitlcF9xdWVyeSoIo4osopxvbitlcF90YWJsZSoIonR4bF9jYXN3o4w4bG9v6gVwXit3eSoIopNhciVf6WQ4LCJsbi9rdXBfdpFsdWU4O4JjYXN3Xi3kfGNhciVfbGV0dGVyXimlbWJ3cnxjYXN3XgNlYp13YgQ4LCJ1cl9kZXB3bpR3bpNmoj24o4w46XNfbXVsdG3wbGU4O4o4LCJsbi9rdXBfZGVwZWmkZWmjeV9rZXk4O4o4LCJwYXR2XgRvXgVwbG9hZCoIo4osonJ3ci3IZV9g6WR06CoIo4osonJ3ci3IZV92ZW3n6HQ4O4o4LCJlcGxvYWRfdH3wZSoIo4osonRvbix06XA4O4o4LCJhdHRy6WJldGU4O4o4LCJ3eHR3bpRfYixhcgM4O4o4fX0seyJp6WVsZCoIoph3YXJ1bpdfbiZp6WN3c391ZCosopFs6WFzoj24dGJsXih3YXJ1bpc4LCJsYWmndWFnZSoIWl0sopxhYpVsoj24TiZp6WN3c4BOYWl3o4w4Zp9ybV9ncp9lcCoIo4osonJ3cXV1cpVkoj24cpVxdW3yZWQ4LCJi6WVgoj2xLCJ0eXB3oj24ciVsZWN0o4w4YWRkoj2xLCJz6X13oj24MCosopVk6XQ4OjEsonN3YXJj6CoIojE4LCJzbgJ0bG3zdCoIojo4LCJvcHR1bia4Ons4bgB0XgRmcGU4O4J3eHR3cpmhbCosopxvbitlcF9xdWVyeSoIo4osopxvbitlcF90YWJsZSoIonR4XgVzZXJzo4w4bG9v6gVwXit3eSoIop3ko4w4bG9v6gVwXgZhbHV3oj24bpFtZSosop3zXiR3cGVuZGVuYgk4O4o4LCJ1cl9tdWx06XBsZSoIo4osopxvbitlcF9kZXB3bpR3bpNmXit3eSoIo4osonBhdGhfdG9fdXBsbiFkoj24o4w4cpVz6X13Xgd1ZHR2oj24o4w4cpVz6X13Xih36Wd2dCoIo4osonVwbG9hZF90eXB3oj24o4w4dG9vbHR1cCoIo4osopF0dHJ1YnV0ZSoIo4osopVadGVuZF9jbGFzcyoIo4J9fSx7opZ1ZWxkoj246GVhcp3uZl906Wl3o4w4YWx1YXM4O4J0Ypxf6GVhcp3uZyosopxhbpdlYWd3oj1bXSw4bGF4ZWw4O4JoZWFy6WmnoFR1bWU4LCJpbgJtXidybgVwoj24o4w4cpVxdW3yZWQ4O4JyZXFl6XJ3ZCosonZ1ZXc4OjEsonRmcGU4O4J0ZXh0o4w4YWRkoj2xLCJz6X13oj24MCosopVk6XQ4OjEsonN3YXJj6CoIojE4LCJzbgJ0bG3zdCoIojM4LCJvcHR1bia4Ons4bgB0XgRmcGU4O4o4LCJsbi9rdXBfcXV3cnk4O4o4LCJsbi9rdXBfdGF4bGU4O4o4LCJsbi9rdXBf6iVmoj24o4w4bG9v6gVwXgZhbHV3oj24o4w46XNfZGVwZWmkZWmjeSoIo4osop3zXillbHR1cGx3oj24o4w4bG9v6gVwXiR3cGVuZGVuYg3f6iVmoj24o4w4cGF06F90bl9lcGxvYWQ4O4o4LCJyZXN1epVfdi3kdG54O4o4LCJyZXN1epVf6GV1Zih0oj24o4w4dXBsbiFkXgRmcGU4O4o4LCJ0bi9sdG3woj24o4w4YXR0cp34dXR3oj24o4w4ZXh0ZWmkXiNsYXNzoj24onl9LHs4Zp33bGQ4O4J2ZWFy6WmnXim3eHRfZGF0ZSosopFs6WFzoj24dGJsXih3YXJ1bpc4LCJsYWJ3bCoIokh3YXJ1bpc5TpVadCBEYXR3o4w4Zp9ybV9ncp9lcCoIo4osonJ3cXV1cpVkoj24cpVxdW3yZWQ4LCJi6WVgoj2xLCJ0eXB3oj24dGVadF9kYXR3o4w4YWRkoj2xLCJ3ZG30oj2xLCJzZWFyYi54O4oxo4w4ci3IZSoIo4osonNvcnRs6XN0oj24NCosop9wdG3vb4oIeyJvcHRfdH3wZSoIZpFsciUsopxvbitlcF9xdWVyeSoIo4osopxvbitlcF90YWJsZSoIZpFsciUsopxvbitlcF9rZXk4OpZhbHN3LCJsbi9rdXBfdpFsdWU4O4o4LCJ1cl9kZXB3bpR3bpNmoj1pYWxzZSw46XNfbXVsdG3wbGU4OpZhbHN3LCJsbi9rdXBfZGVwZWmkZWmjeV9rZXk4OpZhbHN3LCJwYXR2XgRvXgVwbG9hZCoIo4osonVwbG9hZF90eXB3oj1pYWxzZSw4cpVz6X13Xgd1ZHR2oj24o4w4cpVz6X13Xih36Wd2dCoIo4osonRvbix06XA4O4o4LCJhdHRy6WJldGU4O4o4LCJ3eHR3bpRfYixhcgM4O4o4fX0seyJp6WVsZCoIoph3YXJ1bpdfYWRkcpVzcl91ZCosopFs6WFzoj24dGJsXih3YXJ1bpc4LCJsYWmndWFnZSoIWl0sopxhYpVsoj24QWRkcpVzcyosopZvcplfZgJvdXA4O4o4LCJyZXFl6XJ3ZCoIonJ3cXV1cpVko4w4dp33dyoIMSw4dH3wZSoIonN3bGVjdCosopFkZCoIMSw4ci3IZSoIojA4LCJ3ZG30oj2xLCJzZWFyYi54O4oxo4w4ci9ydGx1cgQ4O4olo4w4bgB06W9uoj17op9wdF90eXB3oj24ZXh0ZXJuYWw4LCJsbi9rdXBfcXV3cnk4O4o4LCJsbi9rdXBfdGF4bGU4O4JhZGRyZXNzZXM4LCJsbi9rdXBf6iVmoj24YWRkcpVzcl91ZCosopxvbitlcF9iYWxlZSoIopFkZHJ3cgNfYWRkcpVzcyosop3zXiR3cGVuZGVuYgk4O4o4LCJ1cl9tdWx06XBsZSoIo4osopxvbitlcF9kZXB3bpR3bpNmXit3eSoIo4osonBhdGhfdG9fdXBsbiFkoj24o4w4cpVz6X13Xgd1ZHR2oj24o4w4cpVz6X13Xih36Wd2dCoIo4osonVwbG9hZF90eXB3oj24o4w4dG9vbHR1cCoIo4osopF0dHJ1YnV0ZSoIo4osopVadGVuZF9jbGFzcyoIo4J9fSx7opZ1ZWxkoj24cpVtYXJro4w4YWx1YXM4O4J0Ypxf6GVhcp3uZyosopxhbpdlYWd3oj1bXSw4bGF4ZWw4O4JSZWlhcps4LCJpbgJtXidybgVwoj24o4w4cpVxdW3yZWQ4O4JyZXFl6XJ3ZCosonZ1ZXc4OjEsonRmcGU4O4J0ZXh0YXJ3YSosopFkZCoIMSw4ci3IZSoIojA4LCJ3ZG30oj2xLCJzZWFyYi54O4oxo4w4ci9ydGx1cgQ4O4oio4w4bgB06W9uoj17op9wdF90eXB3oj24o4w4bG9v6gVwXgFlZXJmoj24o4w4bG9v6gVwXgRhYpx3oj24o4w4bG9v6gVwXit3eSoIo4osopxvbitlcF9iYWxlZSoIo4osop3zXiR3cGVuZGVuYgk4O4o4LCJ1cl9tdWx06XBsZSoIo4osopxvbitlcF9kZXB3bpR3bpNmXit3eSoIo4osonBhdGhfdG9fdXBsbiFkoj24o4w4cpVz6X13Xgd1ZHR2oj24o4w4cpVz6X13Xih36Wd2dCoIo4osonVwbG9hZF90eXB3oj24o4w4dG9vbHR1cCoIo4osopF0dHJ1YnV0ZSoIo4osopVadGVuZF9jbGFzcyoIo4J9fSx7opZ1ZWxkoj246GVhcp3uZl9jcpVhdGVkXiRhdGU4LCJhbG3hcyoIonR4bF92ZWFy6Wmno4w4bGFuZgVhZiU4O3tdLCJsYWJ3bCoIokh3YXJ1bpc5QgJ3YXR3ZCBEYXR3o4w4Zp9ybV9ncp9lcCoIo4osonJ3cXV1cpVkoj24MCosonZ1ZXc4OjAsonRmcGU4O4J0ZXh0XiRhdGV06Wl3o4w4YWRkoj2xLCJz6X13oj24MCosopVk6XQ4OjEsonN3YXJj6CoIMCw4ci9ydGx1cgQ4O4ogo4w4bgB06W9uoj17op9wdF90eXB3oj24o4w4bG9v6gVwXgFlZXJmoj24o4w4bG9v6gVwXgRhYpx3oj24o4w4bG9v6gVwXit3eSoIo4osopxvbitlcF9iYWxlZSoIo4osop3zXiR3cGVuZGVuYgk4O4o4LCJ1cl9tdWx06XBsZSoIo4osopxvbitlcF9kZXB3bpR3bpNmXit3eSoIo4osonBhdGhfdG9fdXBsbiFkoj24o4w4cpVz6X13Xgd1ZHR2oj24o4w4cpVz6X13Xih36Wd2dCoIo4osonVwbG9hZF90eXB3oj24o4w4dG9vbHR1cCoIo4osopF0dHJ1YnV0ZSoIo4osopVadGVuZF9jbGFzcyoIo4J9fSx7opZ1ZWxkoj246GVhcp3uZl9lcGRhdGVfZGF0ZSosopFs6WFzoj24dGJsXih3YXJ1bpc4LCJsYWmndWFnZSoIWl0sopxhYpVsoj24SGVhcp3uZyBVcGRhdGU5RGF0ZSosopZvcplfZgJvdXA4O4o4LCJyZXFl6XJ3ZCoIojA4LCJi6WVgoj2wLCJ0eXB3oj24dGVadF9kYXR3dG3tZSosopFkZCoIMSw4ci3IZSoIojA4LCJ3ZG30oj2xLCJzZWFyYi54OjAsonNvcnRs6XN0oj24OCosop9wdG3vb4oIeyJvcHRfdH3wZSoIo4osopxvbitlcF9xdWVyeSoIo4osopxvbitlcF90YWJsZSoIo4osopxvbitlcF9rZXk4O4o4LCJsbi9rdXBfdpFsdWU4O4o4LCJ1cl9kZXB3bpR3bpNmoj24o4w46XNfbXVsdG3wbGU4O4o4LCJsbi9rdXBfZGVwZWmkZWmjeV9rZXk4O4o4LCJwYXR2XgRvXgVwbG9hZCoIo4osonJ3ci3IZV9g6WR06CoIo4osonJ3ci3IZV92ZW3n6HQ4O4o4LCJlcGxvYWRfdH3wZSoIo4osonRvbix06XA4O4o4LCJhdHRy6WJldGU4O4o4LCJ3eHR3bpRfYixhcgM4O4o4fX0seyJp6WVsZCoIoph3YXJ1bpdfcgRhdHVzo4w4YWx1YXM4O4J0Ypxf6GVhcp3uZyosopxhbpdlYWd3oj1bXSw4bGF4ZWw4O4JoZWFy6WmnoFN0YXRlcyosopZvcplfZgJvdXA4O4o4LCJyZXFl6XJ3ZCoIojA4LCJi6WVgoj2wLCJ0eXB3oj24dGVadCosopFkZCoIMSw4ci3IZSoIojA4LCJ3ZG30oj2xLCJzZWFyYi54OjAsonNvcnRs6XN0oj24OSosop9wdG3vb4oIeyJvcHRfdH3wZSoIo4osopxvbitlcF9xdWVyeSoIo4osopxvbitlcF90YWJsZSoIo4osopxvbitlcF9rZXk4O4o4LCJsbi9rdXBfdpFsdWU4O4o4LCJ1cl9kZXB3bpR3bpNmoj24o4w46XNfbXVsdG3wbGU4O4o4LCJsbi9rdXBfZGVwZWmkZWmjeV9rZXk4O4o4LCJwYXR2XgRvXgVwbG9hZCoIo4osonJ3ci3IZV9g6WR06CoIo4osonJ3ci3IZV92ZW3n6HQ4O4o4LCJlcGxvYWRfdH3wZSoIo4osonRvbix06XA4O4o4LCJhdHRy6WJldGU4O4o4LCJ3eHR3bpRfYixhcgM4O4o4fXldfQ==',	NULL),
(95,	'casedecision',	'Case Decision',	'Case Decision',	NULL,	'2017-12-27 22:38:30',	NULL,	'tbl_case_status',	'disposed_id',	'addon',	'eyJzcWxfciVsZWN0oj24oFNFTEVDVCB0YpxfYiFzZV9zdGF0dXMuK4BGUk9NoHR4bF9jYXN3XgN0YXRlcyA4LCJzcWxfdih3cpU4O4o5V0hFUkU5dGJsXiNhciVfcgRhdHVzLpR1cgBvciVkXi3koE3ToEmPVCBOVUxMo4w4cgFsXidybgVwoj24o4w4dGF4bGVfZGo4O4J0YpxfYiFzZV9zdGF0dXM4LCJwcp3tYXJmXit3eSoIopR1cgBvciVkXi3ko4w4ZgJ1ZCoIWgs4Zp33bGQ4O4Jk6XNwbgN3ZF91ZCosopFs6WFzoj24dGJsXiNhciVfcgRhdHVzo4w4bGFuZgVhZiU4O3tdLCJsYWJ3bCoIokR1cgBvciVkoE3ko4w4dp33dyoIMSw4ZGV0YW3soj2xLCJzbgJ0YWJsZSoIMSw4ciVhcpN2oj2xLCJkbgdubG9hZCoIMSw4ZnJvepVuoj2xLCJg6WR06CoIojEwMCosopFs6Wduoj24bGVpdCosonNvcnRs6XN0oj24MCosopNvbpa4Ons4dpFs6WQ4O4owo4w4ZGo4O4o4LCJrZXk4O4o4LCJk6XNwbGFmoj24on0sopF0dHJ1YnV0ZSoIeyJ2eXB3cpx1bps4Ons4YWN06XZ3oj2xLCJs6Wmroj24o4w4dGFyZiV0oj24o4w46HRtbCoIo4J9LCJ1bWFnZSoIeyJhYgR1dpU4OjAsonBhdG54O4o4LCJz6X13Xg54O4o4LCJz6X13Xgk4O4o4LCJ2dGlsoj24onl9fSx7opZ1ZWxkoj24ZG3zcG9zZWRfYiFzZV91ZCosopFs6WFzoj24dGJsXiNhciVfcgRhdHVzo4w4bGFuZgVhZiU4O3tdLCJsYWJ3bCoIokNhciU5KENhciU56WQ5QiFzZSBOdWl4ZXo5UgV46pVjdCk4LCJi6WVgoj2xLCJkZXRh6Ww4OjEsonNvcnRhYpx3oj2xLCJzZWFyYi54OjEsopRvdimsbiFkoj2xLCJpcp9IZWa4OjEsond1ZHR2oj24MTAwo4w4YWx1Zia4O4JsZWZ0o4w4ci9ydGx1cgQ4O4oxo4w4Yi9ub4oIeyJiYWx1ZCoIojE4LCJkY4oIonR4bF9jYXN3o4w46iVmoj24YiFzZV91ZCosopR1cgBsYXk4O4JjYXN3Xi3kfGNhciVfbGV0dGVyXimlbWJ3cnxjYXN3XgNlYp13YgQ4fSw4YXR0cp34dXR3oj17ophmcGVybG3u6yoIeyJhYgR1dpU4OjEsopx1bps4O4o4LCJ0YXJnZXQ4O4o4LCJ2dGlsoj24on0sop3tYWd3oj17opFjdG3iZSoIMCw4cGF06CoIo4osonN1epVfeCoIo4osonN1epVfeSoIo4osoph0bWw4O4o4fXl9LHs4Zp33bGQ4O4Jk6XNwbgN3ZF9vZpZ1YiVyXi3ko4w4YWx1YXM4O4J0YpxfYiFzZV9zdGF0dXM4LCJsYWmndWFnZSoIWl0sopxhYpVsoj24TiZp6WN3c4BOYWl3o4w4dp33dyoIMSw4ZGV0YW3soj2xLCJzbgJ0YWJsZSoIMSw4ciVhcpN2oj2xLCJkbgdubG9hZCoIMSw4ZnJvepVuoj2xLCJg6WR06CoIojEwMCosopFs6Wduoj24bGVpdCosonNvcnRs6XN0oj24M4osopNvbpa4Ons4dpFs6WQ4O4oxo4w4ZGo4O4J0Y39lciVycyosopt3eSoIop3ko4w4ZG3zcGxheSoIopmhbWU4fSw4YXR0cp34dXR3oj17ophmcGVybG3u6yoIeyJhYgR1dpU4OjEsopx1bps4O4o4LCJ0YXJnZXQ4O4o4LCJ2dGlsoj24on0sop3tYWd3oj17opFjdG3iZSoIMCw4cGF06CoIo4osonN1epVfeCoIo4osonN1epVfeSoIo4osoph0bWw4O4o4fXl9LHs4Zp33bGQ4O4Jk6XNwbgN3ZF9kYXR3o4w4YWx1YXM4O4J0YpxfYiFzZV9zdGF0dXM4LCJsYWmndWFnZSoIWl0sopxhYpVsoj24RGF0ZSosonZ1ZXc4OjEsopR3dGF1bCoIMSw4ci9ydGF4bGU4OjEsonN3YXJj6CoIMSw4ZG9gbpxvYWQ4OjEsopZybg13b4oIMSw4di3kdG54O4oxMDA4LCJhbG3nb4oIopx3ZnQ4LCJzbgJ0bG3zdCoIojM4LCJjbimuoj17onZhbG3koj24MCosopR4oj24o4w46iVmoj24o4w4ZG3zcGxheSoIo4J9LCJhdHRy6WJldGU4Ons46H3wZXJs6Wmroj17opFjdG3iZSoIMSw4bG3u6yoIo4osonRhcpd3dCoIo4osoph0bWw4O4o4fSw46WlhZiU4Ons4YWN06XZ3oj2wLCJwYXR2oj24o4w4ci3IZV9aoj24o4w4ci3IZV9moj24o4w46HRtbCoIo4J9fX0seyJp6WVsZCoIopR1cgBvciVkXgJ3bWFy6yosopFs6WFzoj24dGJsXiNhciVfcgRhdHVzo4w4bGFuZgVhZiU4O3tdLCJsYWJ3bCoIo3J3bWFy6yosonZ1ZXc4OjEsopR3dGF1bCoIMSw4ci9ydGF4bGU4OjAsonN3YXJj6CoIMSw4ZG9gbpxvYWQ4OjEsopZybg13b4oIMSw4di3kdG54O4oxMDA4LCJhbG3nb4oIopx3ZnQ4LCJzbgJ0bG3zdCoIojQ4LCJjbimuoj17onZhbG3koj24MCosopR4oj24o4w46iVmoj24o4w4ZG3zcGxheSoIo4J9LCJhdHRy6WJldGU4Ons46H3wZXJs6Wmroj17opFjdG3iZSoIMSw4bG3u6yoIo4osonRhcpd3dCoIo4osoph0bWw4O4o4fSw46WlhZiU4Ons4YWN06XZ3oj2wLCJwYXR2oj24o4w4ci3IZV9aoj24o4w4ci3IZV9moj24o4w46HRtbCoIo4J9fX0seyJp6WVsZCoIopF0dGFj6Gl3bnQ4LCJhbG3hcyoIonR4bF9jYXN3XgN0YXRlcyosopxhbpdlYWd3oj1bXSw4bGF4ZWw4O4JBdHRhYihtZWm0o4w4dp33dyoIMSw4ZGV0YW3soj2xLCJzbgJ0YWJsZSoIMCw4ciVhcpN2oj2xLCJkbgdubG9hZCoIMSw4ZnJvepVuoj2xLCJg6WR06CoIojEwMCosopFs6Wduoj24bGVpdCosonNvcnRs6XN0oj24NSosopNvbpa4Ons4dpFs6WQ4O4owo4w4ZGo4O4o4LCJrZXk4O4o4LCJk6XNwbGFmoj24on0sopF0dHJ1YnV0ZSoIeyJ2eXB3cpx1bps4Ons4YWN06XZ3oj2xLCJs6Wmroj24o4w4dGFyZiV0oj24o4w46HRtbCoIo4J9LCJ1bWFnZSoIeyJhYgR1dpU4OjAsonBhdG54O4o4LCJz6X13Xg54O4o4LCJz6X13Xgk4O4o4LCJ2dGlsoj24onl9fSx7opZ1ZWxkoj24cgRhdHVzXiNlcnJ3bnRfZGF0ZSosopFs6WFzoj24dGJsXiNhciVfcgRhdHVzo4w4bGFuZgVhZiU4O3tdLCJsYWJ3bCoIo3N0YXRlcyBDdXJyZWm0oERhdGU4LCJi6WVgoj2xLCJkZXRh6Ww4OjEsonNvcnRhYpx3oj2xLCJzZWFyYi54OjEsopRvdimsbiFkoj2xLCJpcp9IZWa4OjEsond1ZHR2oj24MTAwo4w4YWx1Zia4O4JsZWZ0o4w4ci9ydGx1cgQ4O4oio4w4Yi9ub4oIeyJiYWx1ZCoIojA4LCJkY4oIo4osopt3eSoIo4osopR1cgBsYXk4O4o4fSw4YXR0cp34dXR3oj17ophmcGVybG3u6yoIeyJhYgR1dpU4OjEsopx1bps4O4o4LCJ0YXJnZXQ4O4o4LCJ2dGlsoj24on0sop3tYWd3oj17opFjdG3iZSoIMCw4cGF06CoIo4osonN1epVfeCoIo4osonN1epVfeSoIo4osoph0bWw4O4o4fXl9LHs4Zp33bGQ4O4JjYXN3XiNlcnJ3bnRfcgRhdHVzo4w4YWx1YXM4O4J0YpxfYiFzZV9zdGF0dXM4LCJsYWmndWFnZSoIWl0sopxhYpVsoj24QiFzZSBDdXJyZWm0oFN0YXRlcyosonZ1ZXc4OjEsopR3dGF1bCoIMSw4ci9ydGF4bGU4OjEsonN3YXJj6CoIMSw4ZG9gbpxvYWQ4OjEsopZybg13b4oIMSw4di3kdG54O4oxMDA4LCJhbG3nb4oIopx3ZnQ4LCJzbgJ0bG3zdCoIojc4LCJjbimuoj17onZhbG3koj24MSosopR4oj24dGJsXiNlcnJ3bnRfcgRhdHVzo4w46iVmoj24YgVycpVudF9zdGF0dXNf6WQ4LCJk6XNwbGFmoj24YgVycpVudF9zdGF0dXNfbpFtZSJ9LCJhdHRy6WJldGU4Ons46H3wZXJs6Wmroj17opFjdG3iZSoIMSw4bG3u6yoIo4osonRhcpd3dCoIo4osoph0bWw4O4o4fSw46WlhZiU4Ons4YWN06XZ3oj2wLCJwYXR2oj24o4w4ci3IZV9aoj24o4w4ci3IZV9moj24o4w46HRtbCoIo4J9fXldLCJpbgJtcyoIWgs4Zp33bGQ4O4Jk6XNwbgN3ZF91ZCosopFs6WFzoj24dGJsXiNhciVfcgRhdHVzo4w4bGFuZgVhZiU4O3tdLCJsYWJ3bCoIokR1cgBvciVkoE3ko4w4Zp9ybV9ncp9lcCoIo4osonJ3cXV1cpVkoj24cpVxdW3yZWQ4LCJi6WVgoj2xLCJ0eXB3oj24dGVadCosopFkZCoIMSw4ci3IZSoIojA4LCJ3ZG30oj2xLCJzZWFyYi54O4oxo4w4ci9ydGx1cgQ4O4owo4w4bgB06W9uoj17op9wdF90eXB3oj24o4w4bG9v6gVwXgFlZXJmoj24o4w4bG9v6gVwXgRhYpx3oj24o4w4bG9v6gVwXit3eSoIo4osopxvbitlcF9iYWxlZSoIo4osop3zXiR3cGVuZGVuYgk4O4o4LCJ1cl9tdWx06XBsZSoIo4osopxvbitlcF9kZXB3bpR3bpNmXit3eSoIo4osonBhdGhfdG9fdXBsbiFkoj24o4w4cpVz6X13Xgd1ZHR2oj24o4w4cpVz6X13Xih36Wd2dCoIo4osonVwbG9hZF90eXB3oj24o4w4dG9vbHR1cCoIo4osopF0dHJ1YnV0ZSoIo4osopVadGVuZF9jbGFzcyoIo4J9fSx7opZ1ZWxkoj24ZG3zcG9zZWRfYiFzZV91ZCosopFs6WFzoj24dGJsXiNhciVfcgRhdHVzo4w4bGFuZgVhZiU4O3tdLCJsYWJ3bCoIokR1cgBvciVkoENhciU5SWQ4LCJpbgJtXidybgVwoj24o4w4cpVxdW3yZWQ4O4JyZXFl6XJ3ZCosonZ1ZXc4OjEsonRmcGU4O4JzZWx3YgQ4LCJhZGQ4OjEsonN1epU4O4owo4w4ZWR1dCoIMSw4ciVhcpN2oj24MSosonNvcnRs6XN0oj24MSosop9wdG3vb4oIeyJvcHRfdH3wZSoIopVadGVybpFso4w4bG9v6gVwXgFlZXJmoj24o4w4bG9v6gVwXgRhYpx3oj24dGJsXiNhciU4LCJsbi9rdXBf6iVmoj24YiFzZV91ZCosopxvbitlcF9iYWxlZSoIopNhciVf6WR8YiFzZV9sZXR0ZXJfbnVtYpVyfGNhciVfcgV46pVjdCosop3zXiR3cGVuZGVuYgk4O4o4LCJ1cl9tdWx06XBsZSoIo4osopxvbitlcF9kZXB3bpR3bpNmXit3eSoIo4osonBhdGhfdG9fdXBsbiFkoj24o4w4cpVz6X13Xgd1ZHR2oj24o4w4cpVz6X13Xih36Wd2dCoIo4osonVwbG9hZF90eXB3oj24o4w4dG9vbHR1cCoIo4osopF0dHJ1YnV0ZSoIo4osopVadGVuZF9jbGFzcyoIo4J9fSx7opZ1ZWxkoj24ZG3zcG9zZWRfbiZp6WN3c391ZCosopFs6WFzoj24dGJsXiNhciVfcgRhdHVzo4w4bGFuZgVhZiU4O3tdLCJsYWJ3bCoIokR1cgBvciVkoE9pZp3jZXo5SWQ4LCJpbgJtXidybgVwoj24o4w4cpVxdW3yZWQ4O4JyZXFl6XJ3ZCosonZ1ZXc4OjEsonRmcGU4O4JzZWx3YgQ4LCJhZGQ4OjEsonN1epU4O4owo4w4ZWR1dCoIMSw4ciVhcpN2oj24MSosonNvcnRs6XN0oj24M4osop9wdG3vb4oIeyJvcHRfdH3wZSoIopVadGVybpFso4w4bG9v6gVwXgFlZXJmoj24o4w4bG9v6gVwXgRhYpx3oj24dGJfdXN3cnM4LCJsbi9rdXBf6iVmoj246WQ4LCJsbi9rdXBfdpFsdWU4O4JlciVybpFtZSosop3zXiR3cGVuZGVuYgk4O4o4LCJ1cl9tdWx06XBsZSoIo4osopxvbitlcF9kZXB3bpR3bpNmXit3eSoIo4osonBhdGhfdG9fdXBsbiFkoj24o4w4cpVz6X13Xgd1ZHR2oj24o4w4cpVz6X13Xih36Wd2dCoIo4osonVwbG9hZF90eXB3oj24o4w4dG9vbHR1cCoIo4osopF0dHJ1YnV0ZSoIo4osopVadGVuZF9jbGFzcyoIo4J9fSx7opZ1ZWxkoj24ZG3zcG9zZWRfZGF0ZSosopFs6WFzoj24dGJsXiNhciVfcgRhdHVzo4w4bGFuZgVhZiU4O3tdLCJsYWJ3bCoIokR1cgBvciVkoERhdGU4LCJpbgJtXidybgVwoj24o4w4cpVxdW3yZWQ4O4JyZXFl6XJ3ZCosonZ1ZXc4OjEsonRmcGU4O4J0ZXh0XiRhdGU4LCJhZGQ4OjEsonN1epU4O4owo4w4ZWR1dCoIMSw4ciVhcpN2oj24MSosonNvcnRs6XN0oj24Myosop9wdG3vb4oIeyJvcHRfdH3wZSoIo4osopxvbitlcF9xdWVyeSoIo4osopxvbitlcF90YWJsZSoIo4osopxvbitlcF9rZXk4O4o4LCJsbi9rdXBfdpFsdWU4O4o4LCJ1cl9kZXB3bpR3bpNmoj24o4w46XNfbXVsdG3wbGU4O4o4LCJsbi9rdXBfZGVwZWmkZWmjeV9rZXk4O4o4LCJwYXR2XgRvXgVwbG9hZCoIo4osonJ3ci3IZV9g6WR06CoIo4osonJ3ci3IZV92ZW3n6HQ4O4o4LCJlcGxvYWRfdH3wZSoIo4osonRvbix06XA4O4o4LCJhdHRy6WJldGU4O4o4LCJ3eHR3bpRfYixhcgM4O4o4fX0seyJp6WVsZCoIopR1cgBvciVkXgJ3bWFy6yosopFs6WFzoj24dGJsXiNhciVfcgRhdHVzo4w4bGFuZgVhZiU4O3tdLCJsYWJ3bCoIokR1cgBvciVkoFJ3bWFy6yosopZvcplfZgJvdXA4O4o4LCJyZXFl6XJ3ZCoIonJ3cXV1cpVko4w4dp33dyoIMSw4dH3wZSoIonR3eHRhcpVho4w4YWRkoj2xLCJz6X13oj24MCosopVk6XQ4OjEsonN3YXJj6CoIojE4LCJzbgJ0bG3zdCoIojQ4LCJvcHR1bia4Ons4bgB0XgRmcGU4O4o4LCJsbi9rdXBfcXV3cnk4O4o4LCJsbi9rdXBfdGF4bGU4O4o4LCJsbi9rdXBf6iVmoj24o4w4bG9v6gVwXgZhbHV3oj24o4w46XNfZGVwZWmkZWmjeSoIo4osop3zXillbHR1cGx3oj24o4w4bG9v6gVwXiR3cGVuZGVuYg3f6iVmoj24o4w4cGF06F90bl9lcGxvYWQ4O4o4LCJyZXN1epVfdi3kdG54O4o4LCJyZXN1epVf6GV1Zih0oj24o4w4dXBsbiFkXgRmcGU4O4o4LCJ0bi9sdG3woj24o4w4YXR0cp34dXR3oj24o4w4ZXh0ZWmkXiNsYXNzoj24onl9LHs4Zp33bGQ4O4JhdHRhYihtZWm0o4w4YWx1YXM4O4J0YpxfYiFzZV9zdGF0dXM4LCJsYWmndWFnZSoIWl0sopxhYpVsoj24QXR0YWN2bWVudCosopZvcplfZgJvdXA4O4o4LCJyZXFl6XJ3ZCoIojA4LCJi6WVgoj2xLCJ0eXB3oj24Zp3sZSosopFkZCoIMSw4ci3IZSoIojA4LCJ3ZG30oj2xLCJzZWFyYi54O4oxo4w4ci9ydGx1cgQ4O4olo4w4bgB06W9uoj17op9wdF90eXB3oj24o4w4bG9v6gVwXgFlZXJmoj24o4w4bG9v6gVwXgRhYpx3oj24o4w4bG9v6gVwXit3eSoIo4osopxvbitlcF9iYWxlZSoIo4osop3zXiR3cGVuZGVuYgk4O4o4LCJ1cl9tdWx06XBsZSoIo4osopxvbitlcF9kZXB3bpR3bpNmXit3eSoIo4osonBhdGhfdG9fdXBsbiFkoj24o4w4cpVz6X13Xgd1ZHR2oj24o4w4cpVz6X13Xih36Wd2dCoIo4osonVwbG9hZF90eXB3oj24Zp3sZSosonRvbix06XA4O4o4LCJhdHRy6WJldGU4O4o4LCJ3eHR3bpRfYixhcgM4O4o4fX0seyJp6WVsZCoIonN0YXRlcl9jdXJyZWm0XiRhdGU4LCJhbG3hcyoIonR4bF9jYXN3XgN0YXRlcyosopxhbpdlYWd3oj1bXSw4bGF4ZWw4O4JTdGF0dXM5QgVycpVudCBEYXR3o4w4Zp9ybV9ncp9lcCoIo4osonJ3cXV1cpVkoj24MCosonZ1ZXc4OjAsonRmcGU4O4J0ZXh0XiRhdGV06Wl3o4w4YWRkoj2xLCJz6X13oj24MCosopVk6XQ4OjEsonN3YXJj6CoIMCw4ci9ydGx1cgQ4O4oio4w4bgB06W9uoj17op9wdF90eXB3oj24o4w4bG9v6gVwXgFlZXJmoj24o4w4bG9v6gVwXgRhYpx3oj24o4w4bG9v6gVwXit3eSoIo4osopxvbitlcF9iYWxlZSoIo4osop3zXiR3cGVuZGVuYgk4O4o4LCJ1cl9tdWx06XBsZSoIo4osopxvbitlcF9kZXB3bpR3bpNmXit3eSoIo4osonBhdGhfdG9fdXBsbiFkoj24o4w4cpVz6X13Xgd1ZHR2oj24o4w4cpVz6X13Xih36Wd2dCoIo4osonVwbG9hZF90eXB3oj24o4w4dG9vbHR1cCoIo4osopF0dHJ1YnV0ZSoIo4osopVadGVuZF9jbGFzcyoIo4J9fSx7opZ1ZWxkoj24YiFzZV9jdXJyZWm0XgN0YXRlcyosopFs6WFzoj24dGJsXiNhciVfcgRhdHVzo4w4bGFuZgVhZiU4O3tdLCJsYWJ3bCoIokNhciU5QgVycpVudCBTdGF0dXM4LCJpbgJtXidybgVwoj24o4w4cpVxdW3yZWQ4O4owo4w4dp33dyoIMCw4dH3wZSoIonR3eHQ4LCJhZGQ4OjEsonN1epU4O4owo4w4ZWR1dCoIMSw4ciVhcpN2oj2wLCJzbgJ0bG3zdCoIojc4LCJvcHR1bia4Ons4bgB0XgRmcGU4O4o4LCJsbi9rdXBfcXV3cnk4O4o4LCJsbi9rdXBfdGF4bGU4O4o4LCJsbi9rdXBf6iVmoj24o4w4bG9v6gVwXgZhbHV3oj24o4w46XNfZGVwZWmkZWmjeSoIo4osop3zXillbHR1cGx3oj24o4w4bG9v6gVwXiR3cGVuZGVuYg3f6iVmoj24o4w4cGF06F90bl9lcGxvYWQ4O4o4LCJyZXN1epVfdi3kdG54O4o4LCJyZXN1epVf6GV1Zih0oj24o4w4dXBsbiFkXgRmcGU4O4o4LCJ0bi9sdG3woj24o4w4YXR0cp34dXR3oj24o4w4ZXh0ZWmkXiNsYXNzoj24onl9XX0=',	NULL);

DROP TABLE IF EXISTS `tb_pages`;
CREATE TABLE `tb_pages` (
  `pageID` int(11) NOT NULL AUTO_INCREMENT,
  `title` varchar(255) DEFAULT NULL,
  `note` varchar(255) DEFAULT NULL,
  `alias` varchar(100) DEFAULT NULL,
  `categories_id` varchar(255) NOT NULL DEFAULT '0',
  `created` datetime DEFAULT NULL,
  `updated` datetime DEFAULT NULL,
  `filename` varchar(50) DEFAULT NULL,
  `short_content` varchar(255) DEFAULT NULL,
  `status` enum('enable','disable') DEFAULT 'enable',
  `access` text,
  `allow_guest` enum('0','1') DEFAULT '0',
  `template` enum('frontend','backend') DEFAULT 'frontend',
  `page_layout` varchar(255) DEFAULT NULL,
  `is_post` longtext,
  `right_widget` varchar(255) DEFAULT NULL,
  `left_widget` varchar(255) DEFAULT NULL,
  `header_image` text,
  `feature_image` text,
  `is_slider` int(11) NOT NULL,
  `is_gallery` text,
  `is_site_map` tinyint(4) NOT NULL,
  `is_gallery_audio` text,
  `is_gallery_video` text,
  PRIMARY KEY (`pageID`)
) ENGINE=MyISAM AUTO_INCREMENT=473 DEFAULT CHARSET=utf8;

INSERT INTO `tb_pages` (`pageID`, `title`, `note`, `alias`, `categories_id`, `created`, `updated`, `filename`, `short_content`, `status`, `access`, `allow_guest`, `template`, `page_layout`, `is_post`, `right_widget`, `left_widget`, `header_image`, `feature_image`, `is_slider`, `is_gallery`, `is_site_map`, `is_gallery_audio`, `is_gallery_video`) VALUES
(1,	'Homepage',	NULL,	'home',	'',	'0000-00-00 00:00:00',	'0000-00-00 00:00:00',	'home',	'0',	'enable',	'{\"1\":\"1\",\"2\":\"1\",\"3\":\"1\",\"4\":\"0\"}',	'1',	'frontend',	'1',	NULL,	'6,8,9,10',	'',	'Hydrangeas.jpg',	NULL,	4,	'',	0,	'',	''),
(456,	'Larger Bench Decision',	NULL,	'Larger',	'0',	'0000-00-00 00:00:00',	'0000-00-00 00:00:00',	'Larger',	'0',	'enable',	'{\"1\":\"1\",\"2\":\"1\",\"3\":\"1\",\"4\":\"0\"}',	'1',	'frontend',	'4',	NULL,	NULL,	NULL,	NULL,	NULL,	0,	NULL,	0,	NULL,	NULL),
(470,	'HSPCBs Link',	NULL,	'hspcb-link',	'0',	'0000-00-00 00:00:00',	'0000-00-00 00:00:00',	'hspcb-link',	'0',	'enable',	'{\"1\":\"1\",\"2\":\"0\",\"3\":\"0\",\"4\":\"0\"}',	'1',	'frontend',	'1',	NULL,	NULL,	NULL,	NULL,	NULL,	0,	NULL,	0,	NULL,	NULL),
(446,	'Circular',	NULL,	'circular',	'0',	'0000-00-00 00:00:00',	'0000-00-00 00:00:00',	'circular',	'0',	'enable',	'{\"1\":\"1\",\"2\":\"0\",\"3\":\"0\",\"4\":\"0\"}',	'1',	'frontend',	'1',	NULL,	'',	'',	NULL,	NULL,	0,	'',	0,	'',	''),
(469,	'Contacts Directory With CMS',	NULL,	'contacts-cms',	'0',	'0000-00-00 00:00:00',	'0000-00-00 00:00:00',	'contacts-cms',	'0',	'enable',	'{\"1\":\"1\",\"2\":\"0\",\"3\":\"0\",\"4\":\"0\"}',	'1',	'frontend',	'1',	NULL,	NULL,	NULL,	NULL,	NULL,	0,	NULL,	0,	NULL,	NULL),
(440,	'Constitution',	NULL,	'constitution',	'0',	'0000-00-00 00:00:00',	'0000-00-00 00:00:00',	'constitutionofcic',	'0',	'enable',	'{\"1\":\"1\",\"2\":\"0\",\"3\":\"0\",\"4\":\"0\"}',	'1',	'frontend',	'1',	NULL,	'',	'',	NULL,	NULL,	0,	'',	0,	'',	''),
(441,	'Organization chart',	NULL,	'organizationchart',	'0',	'0000-00-00 00:00:00',	'0000-00-00 00:00:00',	'organizationchart',	'0',	'enable',	'{\"1\":\"1\",\"2\":\"0\",\"3\":\"0\",\"4\":\"0\"}',	'1',	'frontend',	'1',	NULL,	'',	'',	NULL,	NULL,	0,	'',	0,	'',	''),
(438,	'Other Links',	NULL,	'otherlinks',	'0',	'0000-00-00 00:00:00',	'0000-00-00 00:00:00',	'otherlinks',	'0',	'enable',	'{\"1\":\"1\",\"2\":\"0\",\"3\":\"0\",\"4\":\"0\"}',	'1',	'frontend',	'4',	NULL,	'',	'',	NULL,	NULL,	0,	'',	0,	'',	''),
(433,	'Photo Gallery',	NULL,	'photogallery',	'0',	'0000-00-00 00:00:00',	'0000-00-00 00:00:00',	'photogallery',	'0',	'enable',	'{\"1\":\"1\",\"2\":\"0\",\"3\":\"0\",\"4\":\"0\"}',	'1',	'frontend',	'1',	NULL,	'',	'',	NULL,	NULL,	0,	'',	0,	'',	''),
(471,	'Execution Of Appeal',	NULL,	'execution-of-appeal',	'0',	'0000-00-00 00:00:00',	'0000-00-00 00:00:00',	'execution-of-appeal',	'0',	'enable',	'{\"1\":\"1\",\"2\":\"0\",\"3\":\"0\",\"4\":\"0\"}',	'1',	'frontend',	'1',	NULL,	NULL,	NULL,	NULL,	NULL,	0,	NULL,	0,	NULL,	NULL),
(431,	'Terms and Conditions',	NULL,	'termsandconditions',	'0',	'0000-00-00 00:00:00',	'0000-00-00 00:00:00',	'termsandconditions',	'0',	'enable',	'{\"1\":\"1\",\"2\":\"0\",\"3\":\"0\",\"4\":\"0\"}',	'1',	'frontend',	'4',	NULL,	'',	'',	NULL,	NULL,	0,	'',	0,	'',	''),
(430,	'Feedback',	NULL,	'feedback',	'0',	'0000-00-00 00:00:00',	'0000-00-00 00:00:00',	'feedback',	'                                                                ',	'enable',	'{\"1\":\"1\",\"2\":\"0\",\"3\":\"0\"}',	'1',	'frontend',	'4',	NULL,	'',	'',	NULL,	NULL,	0,	'',	0,	'',	''),
(417,	'RTI Rules',	NULL,	'rtirules',	'0',	'0000-00-00 00:00:00',	'0000-00-00 00:00:00',	'rtirules',	'0',	'enable',	'{\"1\":\"1\",\"2\":\"0\",\"3\":\"0\",\"4\":\"0\"}',	'1',	'frontend',	'4',	NULL,	'',	'',	NULL,	NULL,	0,	'',	0,	'',	''),
(418,	'Check Status',	NULL,	'checkstatus',	'0',	'0000-00-00 00:00:00',	'0000-00-00 00:00:00',	'checkstatus',	'0',	'enable',	'{\"1\":\"1\",\"2\":\"0\",\"3\":\"0\",\"4\":\"0\"}',	'1',	'frontend',	'1',	NULL,	'',	'',	NULL,	NULL,	0,	'',	0,	'',	''),
(419,	'Cause List',	NULL,	'causelist',	'0',	'0000-00-00 00:00:00',	'0000-00-00 00:00:00',	'causelist',	'                                                                                            ',	'enable',	'{\"1\":\"1\",\"2\":\"0\",\"3\":\"0\"}',	'1',	'frontend',	'1',	NULL,	'',	'',	NULL,	NULL,	0,	'',	0,	'',	''),
(472,	'Activation',	NULL,	'activation',	'0',	'0000-00-00 00:00:00',	'0000-00-00 00:00:00',	'activation',	'0',	'enable',	'{\"1\":\"1\",\"2\":\"0\",\"3\":\"0\",\"4\":\"0\"}',	'1',	'frontend',	'4',	NULL,	NULL,	NULL,	NULL,	NULL,	0,	NULL,	0,	NULL,	NULL),
(453,	'contact us',	NULL,	'contact_us',	'0',	'0000-00-00 00:00:00',	'0000-00-00 00:00:00',	'contact_us',	'0',	'enable',	'{\"1\":\"1\",\"2\":\"1\",\"3\":\"1\",\"4\":\"1\"}',	'1',	'frontend',	'4',	NULL,	NULL,	NULL,	NULL,	NULL,	0,	NULL,	0,	NULL,	NULL),
(467,	'About Us',	NULL,	'about-us',	'0',	'0000-00-00 00:00:00',	'0000-00-00 00:00:00',	'about-us',	'0',	'enable',	'{\"1\":\"1\",\"2\":\"0\",\"3\":\"0\",\"4\":\"0\"}',	'1',	'frontend',	'1',	NULL,	NULL,	NULL,	NULL,	NULL,	0,	NULL,	0,	NULL,	NULL),
(468,	'Apply Online',	NULL,	'apply-online',	'0',	'0000-00-00 00:00:00',	'0000-00-00 00:00:00',	'apply-online',	'0',	'enable',	'{\"1\":\"1\",\"2\":\"0\",\"3\":\"0\",\"4\":\"0\"}',	'1',	'frontend',	'1',	NULL,	NULL,	NULL,	NULL,	NULL,	0,	NULL,	0,	NULL,	NULL);

DROP TABLE IF EXISTS `tb_page_file`;
CREATE TABLE `tb_page_file` (
  `tb_page_file_id` int(11) NOT NULL AUTO_INCREMENT,
  `tb_page_file_title` varchar(255) NOT NULL,
  `tb_page_file_path` text,
  `tb_page_file_status` varchar(255) DEFAULT NULL,
  `tb_page_file_pageId` int(11) DEFAULT NULL,
  `tb_page_file_created_date` datetime DEFAULT NULL,
  `tb_page_file_updated_date` datetime DEFAULT NULL,
  `th_page_file_display_type` varchar(255) DEFAULT NULL,
  PRIMARY KEY (`tb_page_file_id`)
) ENGINE=InnoDB AUTO_INCREMENT=3 DEFAULT CHARSET=latin1;

INSERT INTO `tb_page_file` (`tb_page_file_id`, `tb_page_file_title`, `tb_page_file_path`, `tb_page_file_status`, `tb_page_file_pageId`, `tb_page_file_created_date`, `tb_page_file_updated_date`, `th_page_file_display_type`) VALUES
(2,	' Haryana government administrative reforms ',	'38.doc',	'Enabled',	429,	'2016-09-22 06:21:27',	'0000-00-00 00:00:00',	'Open Popup');

DROP TABLE IF EXISTS `tb_page_image`;
CREATE TABLE `tb_page_image` (
  `tb_page_image_id` int(11) NOT NULL AUTO_INCREMENT,
  `tb_page_image_title` varchar(255) NOT NULL,
  `tb_page_image_path` text,
  `tb_page_image_status` varchar(255) DEFAULT NULL,
  `tb_page_image_pageId` int(11) DEFAULT NULL,
  `tb_page_image_created_date` datetime DEFAULT NULL,
  `tb_page_image_updated_date` datetime DEFAULT NULL,
  `th_page_image_display_type` varchar(255) DEFAULT NULL,
  PRIMARY KEY (`tb_page_image_id`)
) ENGINE=InnoDB AUTO_INCREMENT=21 DEFAULT CHARSET=latin1;

INSERT INTO `tb_page_image` (`tb_page_image_id`, `tb_page_image_title`, `tb_page_image_path`, `tb_page_image_status`, `tb_page_image_pageId`, `tb_page_image_created_date`, `tb_page_image_updated_date`, `th_page_image_display_type`) VALUES
(2,	'RTI-Rules Ammendment-II',	'61.jpg',	'Enabled',	417,	NULL,	NULL,	'Open Popup'),
(3,	'Notifications regarding constitution of State Information Commission',	'81.png',	'Disabled',	429,	NULL,	NULL,	'Open Popup'),
(4,	'Organization chart',	'225_341.jpg',	'Enabled',	441,	NULL,	NULL,	'Same Window'),
(5,	'Hearing by Shri Yash Pal Singal IPS(Retd) SCIC',	'IMG_20170523_1147181.jpg',	'Enabled',	433,	NULL,	NULL,	'Same Window'),
(6,	'Hearing by Shri Yash Pal Singal IPS(Retd) SCIC',	'IMG_20170523_1146361.jpg',	'Enabled',	433,	NULL,	NULL,	'Same Window'),
(7,	'Oath ceremony of Shri. Yash Pal Singal IPS(Retd)',	'vlcsnap-2017-08-16-12h25m48s8361.png',	'Enabled',	433,	NULL,	NULL,	'Same Window'),
(8,	'Oath ceremony of Shri. Yash Pal Singal IPS(Retd)',	'vlcsnap-2017-08-16-12h25m57s6011.png',	'Enabled',	433,	NULL,	NULL,	'Same Window'),
(9,	'Oath ceremony of Shri. Yash Pal Singal IPS(Retd)',	'vlcsnap-2017-08-16-12h27m27s3751.png',	'Enabled',	433,	NULL,	NULL,	'Same Window'),
(10,	'Farewell of Shri. Prahlad Rai Meena IPS(Retd.)',	'DSC_01091.jpg',	'Enabled',	433,	NULL,	NULL,	'Same Window'),
(11,	'Farewell of Shri. Prahlad Rai Meena IPS(Retd.)',	'DSC_01101.jpg',	'Enabled',	433,	NULL,	NULL,	'Same Window'),
(12,	'Farewell of Shri. Prahlad Rai Meena IPS(Retd.)',	'DSC_01161.jpg',	'Enabled',	433,	NULL,	NULL,	'Same Window'),
(13,	'Farewell of Shri. Prahlad Rai Meena IPS(Retd.)',	'DSC_01261.jpg',	'Enabled',	433,	NULL,	NULL,	'Same Window'),
(14,	'Farewell of Shri. Prahlad Rai Meena IPS(Retd.)',	'DSC_01361.jpg',	'Enabled',	433,	NULL,	NULL,	'Same Window'),
(15,	'Farewell of Shri. Prahlad Rai Meena IPS(Retd.)',	'DSC_01471.jpg',	'Enabled',	433,	NULL,	NULL,	'Same Window'),
(16,	'Farewell of Shri. Prahlad Rai Meena IPS(Retd.)',	'DSC_01491.jpg',	'Enabled',	433,	NULL,	NULL,	'Same Window'),
(17,	'Farewell of Shri. Prahlad Rai Meena IPS(Retd.)',	'DSC_01551.jpg',	'Enabled',	433,	NULL,	NULL,	'Same Window'),
(18,	'Farewell of Shri. Prahlad Rai Meena IPS(Retd.)',	'DSC_01711.jpg',	'Enabled',	433,	NULL,	NULL,	'Same Window'),
(19,	'Farewell of Shri. Prahlad Rai Meena IPS(Retd.)',	'DSC_01731.jpg',	'Enabled',	433,	NULL,	NULL,	'Same Window'),
(20,	'Farewell of Shri. Prahlad Rai Meena IPS(Retd.)',	'DSC_01761.jpg',	'Enabled',	433,	NULL,	NULL,	'Same Window');

DROP TABLE IF EXISTS `tb_page_pdf`;
CREATE TABLE `tb_page_pdf` (
  `tb_page_pdf_id` int(11) NOT NULL AUTO_INCREMENT,
  `tb_page_pdf_title` varchar(255) NOT NULL,
  `tb_page_pdf_path` text,
  `tb_page_pdf_status` varchar(255) DEFAULT NULL,
  `tb_page_pdf_pageId` int(11) DEFAULT NULL,
  `tb_page_pdf_created_date` datetime NOT NULL,
  `tb_page_pdf_updated_date` datetime DEFAULT NULL,
  `th_page_pdf_display_type` varchar(255) DEFAULT NULL,
  PRIMARY KEY (`tb_page_pdf_id`)
) ENGINE=InnoDB AUTO_INCREMENT=180 DEFAULT CHARSET=latin1;

INSERT INTO `tb_page_pdf` (`tb_page_pdf_id`, `tb_page_pdf_title`, `tb_page_pdf_path`, `tb_page_pdf_status`, `tb_page_pdf_pageId`, `tb_page_pdf_created_date`, `tb_page_pdf_updated_date`, `th_page_pdf_display_type`) VALUES
(3,	'RTI Rules Ammendment-III',	'1.pdf',	'Enabled',	417,	'2016-09-22 05:28:40',	'0000-00-00 00:00:00',	'Open Popup'),
(4,	'RTI Rules 2009 HIndi  ',	'2.pdf',	'Enabled',	417,	'2016-09-22 05:30:08',	'0000-00-00 00:00:00',	'Open Popup'),
(5,	'RTI Rules 2009 English  ',	'3.pdf',	'Enabled',	417,	'2016-09-22 05:31:56',	'0000-00-00 00:00:00',	'Open Popup'),
(6,	'RTI Rules Ammendment-I',	'4.pdf',	'Enabled',	417,	'2016-09-22 05:33:29',	'0000-00-00 00:00:00',	'Open Popup'),
(7,	'RTI Rules-2005',	'5.pdf',	'Enabled',	417,	'2016-09-22 05:34:09',	'0000-00-00 00:00:00',	'Open Popup'),
(8,	'Fees Rules Hindi  ',	'11.pdf',	'Enabled',	421,	'0000-00-00 00:00:00',	'2016-09-22 05:37:10',	'Open Popup'),
(9,	'Fees Rules English  ',	'21.pdf',	'Enabled',	421,	'2016-09-22 05:37:21',	'0000-00-00 00:00:00',	'Open Popup'),
(10,	'Register of requests for information to & disposal of requests under RTI act, 2005 Annexure-a',	'115.pdf',	'Enabled',	423,	'0000-00-00 00:00:00',	'2016-09-22 06:53:38',	'Open Popup'),
(11,	'Register of requests for information to & disposal of requests under RTI act, 2005 Annexure-B',	'211.pdf',	'Enabled',	423,	'0000-00-00 00:00:00',	'2016-09-22 06:54:13',	'Open Popup'),
(12,	'Application Form to get information from SPIO/SAPIO (Form A [See rule 3 (1)])',	'31.pdf',	'Enabled',	423,	'2016-09-22 05:40:28',	'0000-00-00 00:00:00',	'Open Popup'),
(13,	'Format of letter for SPIO/ASPIO to get the additional fee for supplying information to applicant',	'41.pdf',	'Enabled',	423,	'2016-09-22 05:40:52',	'0000-00-00 00:00:00',	'Open Popup'),
(14,	'APIO/SPIO/FAA State Information Commission',	'orders.pdf',	'Enabled',	425,	'0000-00-00 00:00:00',	'2016-11-07 11:51:15',	'Open Popup'),
(15,	'APIO/SPIO LIST  ',	'23.pdf',	'Enabled',	425,	'2016-09-22 05:42:39',	'0000-00-00 00:00:00',	'Open Popup'),
(16,	'HUDA SPIO/SAPIO/FAA  ',	'32.pdf',	'Enabled',	425,	'2016-09-22 05:43:10',	'0000-00-00 00:00:00',	'Open Popup'),
(17,	'Boards/Corporations PIO/APIO List',	'42.pdf',	'Enabled',	425,	'2016-09-22 05:43:58',	'0000-00-00 00:00:00',	'Open Popup'),
(18,	'Headquarter PIO/APIO List',	'51.pdf',	'Enabled',	425,	'2016-09-22 05:44:33',	'0000-00-00 00:00:00',	'Open Popup'),
(19,	'Field Offices PIO/APIO List',	'6.pdf',	'Enabled',	425,	'2016-09-22 05:45:00',	'0000-00-00 00:00:00',	'Open Popup'),
(20,	'Haryana Civil Sectt. PIO/APIO List',	'7.pdf',	'Enabled',	425,	'2016-09-22 05:45:37',	'0000-00-00 00:00:00',	'Open Popup'),
(21,	'RTI act 2005 Hindi  ',	'14.pdf',	'Enabled',	426,	'2016-09-22 05:46:42',	'0000-00-00 00:00:00',	'Open Popup'),
(22,	'RTI act 2005 English',	'24.pdf',	'Enabled',	426,	'2016-09-22 05:47:31',	'0000-00-00 00:00:00',	'Open Popup'),
(23,	'1) The particulars of the organization, functions and duties',	'2251.pdf',	'Enabled',	428,	'0000-00-00 00:00:00',	'2017-06-28 12:02:32',	'Open Popup'),
(24,	'ii) The powers and duties of its officers and employees',	'219.pdf',	'Enabled',	428,	'0000-00-00 00:00:00',	'2017-05-31 11:30:53',	'Open Popup'),
(25,	'iii) Procedure followed in the decision-making process, including channels of supervision and accountability.',	'33.pdf',	'Enabled',	428,	'2016-09-22 05:51:07',	'0000-00-00 00:00:00',	'Open Popup'),
(26,	'iv) The norms set by it for the discharge of its functions',	'43.pdf',	'Enabled',	428,	'2016-09-22 05:51:35',	'0000-00-00 00:00:00',	'Open Popup'),
(27,	'v) The rules, regulations, instructions, manuals and records, held by it or under its control or used by its employees for discharging its functions.',	'52.pdf',	'Enabled',	428,	'2016-09-22 05:54:46',	'0000-00-00 00:00:00',	'Open Popup'),
(28,	'vi) A statement of the categories of documents that are held by it or under its control',	'61.pdf',	'Enabled',	428,	'2016-09-22 05:55:16',	'0000-00-00 00:00:00',	'Open Popup'),
(29,	'vii) The particulars of any arrangement that exists for consultation with or representation by the members of the public in relation to the formulation of its policy or administration thereof',	'71.pdf',	'Enabled',	428,	'2016-09-22 06:00:54',	'0000-00-00 00:00:00',	'Open Popup'),
(30,	'viii)A statement of the boards, councils and other bodies - Minutes',	'8.pdf',	'Enabled',	428,	'2016-09-22 06:01:30',	'0000-00-00 00:00:00',	'Open Popup'),
(31,	'ix) A directory of its officers and employees',	'RTI_Reply111.pdf',	'Enabled',	428,	'0000-00-00 00:00:00',	'2017-08-17 10:56:35',	'Open Popup'),
(32,	'x) The monthly remuneration received by each of its officers and employees, including the system of compensation as provided in its regulations',	'103.pdf',	'Enabled',	428,	'0000-00-00 00:00:00',	'2017-05-29 11:13:08',	'Open Popup'),
(33,	'xi) The budget allocated to each of its agencies, indicating the particulars of all plans, proposes expenditures and reports on disbursement made.',	'1111.pdf',	'Enabled',	428,	'0000-00-00 00:00:00',	'2017-05-30 11:07:16',	'Open Popup'),
(34,	'xii) The manner of execution of subsidy Programes, including the amounts allocated and the details of Beneficiaries of such programes.',	'121.pdf',	'Enabled',	428,	'2016-09-22 06:05:14',	'0000-00-00 00:00:00',	'Open Popup'),
(35,	'xiii) Particulars of recipients of Concessions, permits or authorization granted by it',	'131.pdf',	'Enabled',	428,	'2016-09-22 06:06:09',	'0000-00-00 00:00:00',	'Open Popup'),
(36,	'xiv) Details in respect of the information, Available to or held by it reduced in an electronic form',	'141.pdf',	'Enabled',	428,	'2016-09-22 06:06:55',	'0000-00-00 00:00:00',	'Open Popup'),
(37,	'xv) The particulars of facilities available to the citizens for obtaining information, including the working hours of a library or reading room, if maintained for public use',	'151.pdf',	'Enabled',	428,	'2016-09-22 06:07:24',	'0000-00-00 00:00:00',	'Open Popup'),
(38,	'xvi) The names, designations and other Particulars of the Public Information Officers',	'16.pdf',	'Enabled',	428,	'2016-09-22 06:08:07',	'0000-00-00 00:00:00',	'Open Popup'),
(39,	'xvii) Such other information as may be Prescribed and thereafter update these publications every year.',	'17.pdf',	'Enabled',	428,	'2016-09-22 06:09:57',	'0000-00-00 00:00:00',	'Open Popup'),
(40,	'Haryana government administrative reforms department',	'18.pdf',	'Enabled',	429,	'2016-09-22 06:10:42',	'0000-00-00 00:00:00',	'Open Popup'),
(41,	'Haryana government administrative reforms department',	'26.pdf',	'Enabled',	429,	'2016-09-22 06:13:12',	'0000-00-00 00:00:00',	'Open Popup'),
(42,	'Implementation of COTP Act, 2003 in the Commission',	'34.pdf',	'Disabled',	429,	'0000-00-00 00:00:00',	'2017-05-17 16:33:38',	'Open Popup'),
(43,	'Notification regarding Sexual Harassment Committee in State Information Commission',	'341.pdf',	'Enabled',	429,	'0000-00-00 00:00:00',	'2016-09-22 06:14:46',	'Open Popup'),
(44,	' Haryana government administrative reforms department        ',	'37.pdf',	'Enabled',	429,	'2016-09-22 06:18:20',	'0000-00-00 00:00:00',	'Open Popup'),
(45,	'Haryana government administrative reforms department        ',	'35.pdf',	'Enabled',	429,	'2016-09-22 06:19:10',	'0000-00-00 00:00:00',	'Open Popup'),
(46,	'Haryana government administrative reforms department        ',	'36.pdf',	'Enabled',	429,	'2016-09-22 06:19:36',	'0000-00-00 00:00:00',	'Open Popup'),
(47,	' Haryana government administrative reforms      ',	'53.pdf',	'Enabled',	429,	'2016-09-22 06:22:05',	'0000-00-00 00:00:00',	'Open Popup'),
(49,	'Maj. Gen.(Retd.) Jagbir Singh Kundu, Shri Prahlad Rai Meena, IPS (Retd.)& Shri Sajjan Singh, lAS (Retd.) State Information Commissioner',	'27.pdf',	'Enabled',	431,	'2016-09-22 06:25:24',	'0000-00-00 00:00:00',	'Open Popup'),
(50,	'Sh. Samir Mathur,IAS (Retd), Sh. Yoginder Paul Gupta, Sh.Hemant Atri. State Information Commissioners',	'38.pdf',	'Enabled',	431,	'2016-09-22 06:26:03',	'0000-00-00 00:00:00',	'Open Popup'),
(51,	'Sh.Shiv Raman Gaur IAS(Retd) & Dr.Rekha, State information Commissioners',	'45.pdf',	'Enabled',	431,	'2016-09-22 06:26:47',	'0000-00-00 00:00:00',	'Open Popup'),
(52,	'Detail of penalty/compensation/Disciplinary cases  ',	'A9R4B1C.tmp_Part1_.pdf',	'Enabled',	432,	'0000-00-00 00:00:00',	'2017-08-11 16:15:50',	'Open Popup'),
(53,	'Year wise progress report of the Commission  ',	'A9R4B1C.tmp_Part2_.pdf',	'Enabled',	432,	'0000-00-00 00:00:00',	'2017-08-11 16:11:50',	'Open Popup'),
(54,	'Progress for current calendar year 2017',	'A9R4B1C.tmp_Part3_.pdf',	'Enabled',	432,	'0000-00-00 00:00:00',	'2017-08-11 16:13:39',	'Open Popup'),
(55,	'Code of ethics',	'112.pdf',	'Enabled',	436,	'2016-09-22 06:37:22',	'0000-00-00 00:00:00',	'Open Popup'),
(56,	'Code of ethics',	'29.pdf',	'Enabled',	436,	'2016-09-22 06:37:46',	'0000-00-00 00:00:00',	'Open Popup'),
(57,	'Movable and Immovable Properties  ',	'113.pdf',	'Enabled',	437,	'2016-09-22 06:39:52',	'0000-00-00 00:00:00',	'Open Popup'),
(58,	'Minutes of the 26th Meeting of the State Information Commission, Haryana Under the Chairmanship of Sh. Naresh Gulati, Chief Information Commissioner, Haryana held on 27.04.2016 at 3.30 PM.  ',	'114.pdf',	'Enabled',	434,	'2016-09-22 06:41:11',	'0000-00-00 00:00:00',	'Open Popup'),
(59,	'Minutes of the 25th Meeting of the State Information Commission, Haryana Under the Chairmanship of Sh. Naresh Gulati, Chief Information Commissioner, Haryana held on 17th December, 2015 at 3 .30 PM.',	'210.pdf',	'Enabled',	434,	'2016-09-22 06:46:06',	'0000-00-00 00:00:00',	'Open Popup'),
(60,	'Agenda items to be discussed in the 23th meeting of the Commission scheduled to be held on 11th June, 2015 at 3.30 PM.',	'46.pdf',	'Enabled',	434,	'2016-09-22 06:49:57',	'0000-00-00 00:00:00',	'Open Popup'),
(61,	'Agenda items to be discussed in the 19th meeting of the Commission scheduled to be held on 21th May, 2014 at 3.30 PM.',	'54.pdf',	'Enabled',	434,	'2016-09-22 06:51:00',	'0000-00-00 00:00:00',	'Open Popup'),
(62,	'Minutes of the 22\"d Meeting of the State Information Commission, Haryana Under the Chairmanship of Sh. Naresh Gulati, Chief Information Commissioner, Haryana held on 25.03.2015 at 3.00 PM.',	'62.pdf',	'Enabled',	434,	'2016-09-22 06:54:53',	'0000-00-00 00:00:00',	'Open Popup'),
(63,	'Minutes of the 21st Meeting of the State Information Commission, Haryana Under the Chairmanship of Sh. Naresh Gulati, Chief Information Commissioner, Haryana held on 19th November, 2014 at 3.30 P.M.',	'72.pdf',	'Enabled',	434,	'2016-09-22 06:55:30',	'0000-00-00 00:00:00',	'Open Popup'),
(64,	'Minutes of the 20th Meeting of the State Information Commission Haryana Under the Chairmanship of Sh. Naresh Gulati, Chief Information Commissioner, Haryana held on 17.09.2014 at 3.30 PM',	'81.pdf',	'Enabled',	434,	'2016-09-22 06:56:06',	'0000-00-00 00:00:00',	'Open Popup'),
(65,	'Minutes of the 18th Meeting of the State Information Commission, Haryana under the Chairmanship of Sh. Naresh Gulati, IAS (Retd.), State Chief Information Commissioner held on 24-01-2014 at 03:30 PM',	'91.pdf',	'Enabled',	434,	'2016-09-22 06:56:44',	'0000-00-00 00:00:00',	'Open Popup'),
(66,	'Minutes of the Meeting of the State Information Commission, Haryana under the Chairmanship of Mr. Naresh Gulati, IAS (Retd.), State CIC held on 17-09-2012 and 18-09-2012 at 11:30AM',	'101.pdf',	'Enabled',	434,	'2016-09-22 06:57:19',	'0000-00-00 00:00:00',	'Open Popup'),
(67,	'Agenda Items and Proceedings of the Commission’s Meeting on 24-04-2009',	'122.pdf',	'Enabled',	434,	'2016-09-22 07:00:10',	'0000-00-00 00:00:00',	'Open Popup'),
(68,	'Agenda Items and Proceedings of the Commission’s Meeting on 24-07-2008',	'132.pdf',	'Enabled',	434,	'2016-09-22 07:02:48',	'0000-00-00 00:00:00',	'Open Popup'),
(69,	'Agenda Items and Proceedings of the Commissioner’s Meeting Nov-2010',	'142.pdf',	'Enabled',	434,	'2016-09-22 07:03:37',	'0000-00-00 00:00:00',	'Open Popup'),
(70,	'Agenda Items and Proceedings of the Commissioner’s Meeting Jan-2011',	'152.pdf',	'Enabled',	434,	'2016-09-22 07:05:02',	'0000-00-00 00:00:00',	'Open Popup'),
(71,	'Agenda Items and Proceedings of the Commissioner’s Meeting Dec-2010',	'161.pdf',	'Enabled',	434,	'2016-09-22 07:05:40',	'0000-00-00 00:00:00',	'Open Popup'),
(72,	' Statement of Immovable Property for the year 2015 of Mr.Samir Mathur ,State information Commissioner ,Haryana,Chandigarh',	'1161.pdf',	'Enabled',	439,	'0000-00-00 00:00:00',	'2017-05-18 12:54:37',	'Open Popup'),
(73,	'Statement of immovable property for the year 2012 (as on 01/04/2012) in respect of Smt. Urvashi Gulati, IAS (Retired). State Information Commissioner, Haryana',	'212.pdf',	'Disabled',	439,	'0000-00-00 00:00:00',	'2017-05-17 15:26:07',	'Open Popup'),
(74,	'Allocation of work amongst the Commission. Ref: Right to Information Act, 2005 (Section 15, sub section 4 )',	'117.pdf',	'Enabled',	442,	'0000-00-00 00:00:00',	'2017-02-16 12:12:34',	'Open Popup'),
(75,	'Re-Allocation of work between the State Chief Information Commissioner and the State Information Commissioners. Ref: Right to Information Act, 2005 (Section 15, sub section 4).',	'213.pdf',	'Enabled',	442,	'0000-00-00 00:00:00',	'2017-02-16 12:12:36',	'Open Popup'),
(76,	'Re Allocation of work between the State Chief Information . Commissioner and the State Information Commissioners. Ref: Right to Information Act, 2005 (Section 15, su, section 4).',	'310.pdf',	'Enabled',	442,	'0000-00-00 00:00:00',	'2017-02-16 12:12:39',	'Open Popup'),
(77,	'Allocation of work between the State Chief I nformation Commissioner and the State Information Commissioners. Ref: Right to Information Act, 2005 (Section 15, sub section 4).',	'47.pdf',	'Enabled',	442,	'0000-00-00 00:00:00',	'2017-02-16 12:12:42',	'Open Popup'),
(78,	'Seminar on Right to Information Act on 17/11/2006',	'82.pdf',	'Enabled',	443,	'2016-09-22 07:18:34',	'0000-00-00 00:00:00',	'Open Popup'),
(79,	'Short term tender notice for sale of mixed waste paper',	'118.pdf',	'Disabled',	444,	'0000-00-00 00:00:00',	'2017-05-22 11:26:05',	'Open Popup'),
(80,	'Tender document for inviting bids for providing housekeeping and security services & other manpower to state information commission, haryana',	'214.pdf',	'Disabled',	444,	'0000-00-00 00:00:00',	'2017-05-22 11:25:52',	'Open Popup'),
(88,	'Destruction of record from 2011 & 2012',	'120.pdf',	'Enabled',	446,	'2016-09-22 09:39:31',	'0000-00-00 00:00:00',	'Open Popup'),
(89,	'Record retention schedule 2005 to 2010',	'215.pdf',	'Enabled',	446,	'2016-09-22 09:40:16',	'0000-00-00 00:00:00',	'Open Popup'),
(90,	'Destruction of record from 2005 to 2010',	'312.pdf',	'Enabled',	446,	'2016-09-22 09:40:58',	'0000-00-00 00:00:00',	'Open Popup'),
(91,	'Weeding out of Records',	'49.pdf',	'Enabled',	446,	'2016-09-22 09:41:28',	'0000-00-00 00:00:00',	'Open Popup'),
(92,	'Filling up the Post of Superintendent in the State Information Commission, Haryana .  ',	'124.pdf',	'Disabled',	447,	'0000-00-00 00:00:00',	'2017-05-17 13:11:17',	'Open Popup'),
(93,	'Filling up the Post of Private Secretary, Personal Assistant and Assistant/Read er/Steno Typist in the State Information Commission, Haryana',	'216.pdf',	'Disabled',	447,	'0000-00-00 00:00:00',	'2017-05-17 13:11:50',	'Open Popup'),
(94,	'Empanelment of translator',	'313.pdf',	'Enabled',	446,	'2016-09-22 09:43:51',	'0000-00-00 00:00:00',	'Open Popup'),
(95,	'HARYANA ADMINISTRATIVE REFORMS DEPARTMENT',	'A9RA15.tmp_Part1_.pdf',	'Enabled',	429,	'0000-00-00 00:00:00',	'2016-10-27 13:02:59',	'Open Popup'),
(96,	'Haryana ADMINISTRATIVE REFORMS DEPARTMENT',	'A9RA15.tmp_Part2_.pdf',	'Enabled',	429,	'0000-00-00 00:00:00',	'2016-10-27 13:05:25',	'Open Popup'),
(97,	'HARYANA ADMINISTRATIVE REFORMS DEPARTMENT',	'ADMINISTRATIVE_REFORMS_DEPARTMENT.pdf',	'Enabled',	429,	'0000-00-00 00:00:00',	'2016-10-27 13:06:41',	'Open Popup'),
(109,	'State information Commission Haryana',	'Contact.pdf',	'Enabled',	453,	'0000-00-00 00:00:00',	'2017-08-17 10:53:44',	'Open Popup'),
(110,	'RECORD RETENTION SCHEDULE 2013',	'11769-2016.pdf',	'Enabled',	446,	'0000-00-00 00:00:00',	'2016-12-05 11:13:30',	'Open Popup'),
(111,	'DESTRUCTION OF RECORD 2014',	'DESTRUCTION_OF_RECORD.pdf',	'Enabled',	446,	'0000-00-00 00:00:00',	'2016-12-05 11:14:51',	'Open Popup'),
(112,	'Intelligence and Security Organisations',	'Intelligence_and_Security_organisations.pdf',	'Enabled',	426,	'0000-00-00 00:00:00',	'2017-01-11 15:41:21',	'New Window'),
(113,	'Intelligence and Security Organizations',	'Intelligence_and_Security_organisations2.pdf',	'Enabled',	454,	'0000-00-00 00:00:00',	'2017-01-11 16:05:46',	'New Window'),
(114,	'Intelligence and Security Organizations',	'Intelligence_and_Security_organisations3.pdf',	'Enabled',	455,	'2017-01-12 12:15:56',	'0000-00-00 00:00:00',	'New Window'),
(115,	' WORK DISTRTBUTION OF THE COMMISSION W.E.F 23.05.2016',	'WD.pdf',	'Enabled',	442,	'0000-00-00 00:00:00',	'2017-02-16 12:12:18',	'New Window'),
(116,	'   Distribution of work on 31/01/2017',	'OFFICE_ORDER.pdf',	'Enabled',	442,	'0000-00-00 00:00:00',	'2017-02-16 12:11:48',	'New Window'),
(117,	' Distribution of work on 24/06/2016',	'24062016.pdf',	'Enabled',	442,	'0000-00-00 00:00:00',	'2017-02-16 12:12:16',	'New Window'),
(118,	'Case no 1947 of 2014 Subhash, Editor Vs Addl. Chief Secretary to Government, Haryana, Home Department, Haryana Civil Secretariat, Chandigarh',	'OP_6741_2016_9173.pdf',	'Enabled',	456,	'0000-00-00 00:00:00',	'2017-02-20 13:08:08',	'New Window'),
(119,	'Case no 4 and 7 of 2014 Sh. Harinder Dhingra vs Additional Deputy Commissioner, Gurgaon',	'4_and_7_of_20141.pdf',	'Enabled',	456,	'2017-05-12 15:37:35',	'0000-00-00 00:00:00',	'New Window'),
(120,	'Complaint case No. 08 of 2014 Sh. Harinder Dhingra Vs Administrator, HUDA, Gurgaon',	'08-20141.pdf',	'Enabled',	456,	'2017-05-12 15:40:12',	'0000-00-00 00:00:00',	'New Window'),
(121,	'Complaint Case No. 73 of 2014 Sh. Amit Kumar  Vs 1-The Jind Cooperative Sugar Mills Limited, Jind.',	'73-20141.pdf',	'Enabled',	456,	'2017-05-12 15:41:39',	'0000-00-00 00:00:00',	'New Window'),
(122,	'Complaint Case No. 82 of 2013 Shri Harinder Dhingra vs The Principal, Ryan International School, Site No. 1, Sector-40, Gurgaon.',	'82-20131.pdf',	'Enabled',	456,	'2017-05-12 15:43:23',	'0000-00-00 00:00:00',	'New Window'),
(123,	'Complaint Case No. 84 of 2010 Sh. Bachna Ram vs The Principal, Gita Girls Senior Secondary School, Kurukshetra',	'84-20101.pdf',	'Enabled',	456,	'2017-05-12 15:44:29',	'0000-00-00 00:00:00',	'New Window'),
(124,	'COMPLAINT NO. 115 of 2014 Shri Harinder Dhingra, vs Deputy Superintendent 0/o Estate Officer-II, HUDA, Sector-56, Gurgaon.',	'115-20141.pdf',	'Enabled',	456,	'2017-05-12 15:45:19',	'0000-00-00 00:00:00',	'New Window'),
(125,	'Appeal Case No. 1722/2014 Shri Ishwar Dass, Vs The Fatehabad Central Co-operative Bank Ltd., Fatehabad.',	'1722-20141.pdf',	'Enabled',	456,	'2017-05-12 15:46:34',	'0000-00-00 00:00:00',	'New Window'),
(126,	'Appeal Case No. 2053 of 2010 Sh. Chander Shan Saini vs President, Saini Education society, Rohtak',	'2053-20101.pdf',	'Enabled',	456,	'2017-05-12 15:47:31',	'0000-00-00 00:00:00',	'New Window'),
(127,	'Appeal Case No. 2566 of 2010 Sh. Bhagat Singh vs The Principal, DAV Centenary Public School, lind',	'2566_of_20101.pdf',	'Enabled',	456,	'2017-05-12 15:49:17',	'0000-00-00 00:00:00',	'New Window'),
(128,	'Appeal Case No. 2604 of 2011  Shri Sheetal Kumar vs The Secretary, Shanti Niketan College of Education, Hisar',	'2604-20111.pdf',	'Enabled',	456,	'2017-05-12 15:50:28',	'0000-00-00 00:00:00',	'New Window'),
(129,	'Appeal case No. 2696 of 2012 Sh. Sanjay Tyagi vs The Panipat Urban Cooperative Sank Ltd., Panipat',	'2696-20121.pdf',	'Enabled',	456,	'2017-05-12 15:51:30',	'0000-00-00 00:00:00',	'New Window'),
(130,	'Appeal Case No. 4197 of 2011 Sh. Harinder Dhingra vs The Medicity Hospital, Sector 38, Gurgaon',	'4197-20111.pdf',	'Enabled',	456,	'2017-05-12 15:52:46',	'0000-00-00 00:00:00',	'New Window'),
(131,	'Appeal Case No 2266 of 2012 Shri Rakesh Kumar vs State Public Information Officer 0 I o Haryana Board of School Education, Bhlwani.',	'4548-20122.pdf',	'Enabled',	456,	'0000-00-00 00:00:00',	'2017-05-12 15:55:36',	'New Window'),
(132,	'APPEAL CASE NO. S673 of 2014 Shri Umed Singh Vs cum-Deputy Director, Archives, Haryana, Panchkula',	'5673-20141.pdf',	'Enabled',	456,	'2017-05-12 15:56:41',	'0000-00-00 00:00:00',	'New Window'),
(133,	'Appeal Case No. 6932/2014 S h. S. .K. Goel Vs Deputy Superintendent 0/o Estate Officer, HUDA, Sector-6, Panchkula',	'6932-20141.pdf',	'Enabled',	456,	'2017-05-12 15:57:43',	'0000-00-00 00:00:00',	'New Window'),
(134,	'Appeal Case No. 3565 of 2015 Sh. Shiv Shankar Tiwari Vs SPIO O/o Additional Chief Secretary to Govt., Haryana, Department of Revenue & Disaster Management and Department of Consolidation.',	'OP_3021_2015_2061.pdf',	'Enabled',	456,	'2017-05-12 16:00:02',	'0000-00-00 00:00:00',	'New Window'),
(135,	'APPEAL CASE NO. 1947 OF 2014 Shri Subhash, Editor Vs Superintendent Services-I Branch, o/o Chief Secretary to Government, Haryana, Personnel Department, Haryana Civil Secretariat, Chandigarh',	'OP_6741_2016_91732.pdf',	'Enabled',	456,	'2017-05-12 16:00:52',	'0000-00-00 00:00:00',	'New Window'),
(136,	'APPEAL CASE NO. S673 of 2014 Shri Umed Singh Vs Deputy Director, Archives, Haryana, Panchkula',	'Untitled.pdf',	'Enabled',	456,	'2017-05-12 16:02:57',	'0000-00-00 00:00:00',	'New Window'),
(137,	'Appeal Case No. 3850/2012 Dr.Sandeep Kumar Gupta vs Manager, Gymkhana Club, Hisar',	'3850-2012.pdf',	'Enabled',	456,	'2017-05-16 13:08:26',	'0000-00-00 00:00:00',	'New Window'),
(139,	'Assumption of the charge of State Information Commissioner',	'5857-20171.pdf',	'Enabled',	429,	'2017-05-17 16:00:15',	'0000-00-00 00:00:00',	'New Window'),
(140,	'Assumption ofi the charge of State Chief Information Commissioner',	'5855-20173.pdf',	'Enabled',	429,	'2017-05-17 16:37:26',	'0000-00-00 00:00:00',	'New Window'),
(142,	'Statement of Immovable Property as on 1st January 2017 of Mr.Yash Pal Singal IPS(Retd) ,State Chief information Commissioner ,Haryana,Chandigarh',	'Immovable_Property_of_Yash_Pal_Singal2.pdf',	'Enabled',	439,	'0000-00-00 00:00:00',	'2017-05-18 12:54:02',	'New Window'),
(143,	'HARYANA ADMINISTRATIVE REFORMS DEPARTMENT',	'order.pdf',	'Enabled',	429,	'2017-05-18 15:33:04',	'0000-00-00 00:00:00',	'New Window'),
(144,	'High Court of Punjab and Haryana (Right to Information) Rules, 2007',	'rti_notice_30012017.pdf',	'Enabled',	460,	'2017-05-22 10:39:45',	'0000-00-00 00:00:00',	'New Window'),
(145,	'Guide on Right to Information Act ,2005',	'Guide_on_RTI1.pdf',	'Enabled',	462,	'0000-00-00 00:00:00',	'2017-05-24 11:10:57',	'Open Popup'),
(146,	'Guide on Rti Act 2005',	'Guide_on_RTI2.pdf',	'Enabled',	463,	'2017-05-24 11:38:01',	'0000-00-00 00:00:00',	'New Window'),
(147,	'Rules of Central Information Commission',	'RTIRules2012.pdf',	'Enabled',	464,	'2017-05-24 12:26:00',	'0000-00-00 00:00:00',	'New Window'),
(150,	'Right to information (regulation of fee and cost)',	'fee-rule.pdf',	'Enabled',	417,	'2017-06-05 16:17:58',	'0000-00-00 00:00:00',	'New Window'),
(152,	'Allocation of work amongst the Commission. Ref: Right to Information Act, 2005 (Section 15, sub section 4).',	'work_allocation2.pdf',	'Enabled',	442,	'2017-06-06 17:08:52',	'0000-00-00 00:00:00',	'New Window'),
(153,	'Minutes of the 27th Meeting of the State Information Commission, Haryana Under the Chairmanship of Maj Gen J S Kundu, AVSM {Retd.), Chief Information Commissioner, Haryana held on 5.04.2017 at 2.00 PM.',	'Untitled1.pdf',	'Enabled',	434,	'0000-00-00 00:00:00',	'2017-06-07 13:17:59',	'New Window'),
(154,	'DESTRUCTION OF RECORD 2015',	'scan0001.pdf',	'Enabled',	446,	'2017-06-21 11:43:55',	'0000-00-00 00:00:00',	'New Window'),
(155,	'Smt. Urvashi Gulati. IAS(Retd) State Information Commissioner',	'191.pdf',	'Enabled',	431,	'2017-06-28 11:40:17',	'0000-00-00 00:00:00',	'New Window'),
(156,	'Shr. Naresh Gulati IAS (Retd.) State Chief Information Commissioner',	'scan0002.pdf',	'Enabled',	431,	'2017-06-28 11:42:47',	'0000-00-00 00:00:00',	'New Window'),
(157,	'Minutes of the 28th Meeting of the State Information Commission, Haryana Under the Chairmanship of Shri Yash Pal Singal, Chief Information Commissioner, Haryana held on 22.05.2017 at 3.00 PM.',	'meeting.pdf',	'Enabled',	434,	'2017-07-20 11:11:54',	'0000-00-00 00:00:00',	'New Window'),
(161,	'FIRST REPORT (November 1, 2005 to October 31, 2006) in Hindi',	'FIRST_REPORT_(November_1,_2005_to_October_31,_2006)_in_Hindi_(1)1.pdf',	'Enabled',	445,	'2017-08-09 12:46:44',	'0000-00-00 00:00:00',	'New Window'),
(162,	'FIRST REPORT (November 1, 2005 to October 31, 2006) in English',	'FIRST_REPORT_(November_1,_2005_to_October_31,_2006)_in_English_(1).pdf',	'Enabled',	445,	'0000-00-00 00:00:00',	'2017-08-09 12:48:28',	'New Window'),
(163,	'Second  REPORT (November 1, 2006 to October 31, 2007) in English',	'second_report_english.pdf',	'Enabled',	445,	'2017-08-09 12:48:49',	'0000-00-00 00:00:00',	'New Window'),
(164,	'Second  REPORT (November 1, 2006 to October 31, 2007) in Hindi',	'2nd_reporrt_hindi.pdf',	'Enabled',	445,	'2017-08-09 12:49:54',	'0000-00-00 00:00:00',	'New Window'),
(165,	'THIRD AND FOURTH REPORT (November 1, 2007 to December 31, 2008) & (January 1, 2009 to December 31,2009) in English',	'3rd_English.pdf',	'Enabled',	445,	'2017-08-09 12:50:23',	'0000-00-00 00:00:00',	'New Window'),
(166,	'THIRD AND FOURTH REPORT (November 1, 2007 to December 31, 2008) & (January 1, 2009 to December 31,2009) in Hindi',	'3rd_Hindi.pdf',	'Enabled',	445,	'2017-08-09 12:55:07',	'0000-00-00 00:00:00',	'New Window'),
(167,	'FIFTH REPORT (Janauary 1, 2010 to December 31,2010) in ENGLISH',	'5th_English.pdf',	'Enabled',	445,	'2017-08-09 12:57:50',	'0000-00-00 00:00:00',	'New Window'),
(168,	'FIFTH REPORT (Janauary 1, 2010 to December 31,2010) in Hindi',	'3rd_Hindi1.pdf',	'Enabled',	445,	'2017-08-09 12:58:12',	'0000-00-00 00:00:00',	'New Window'),
(169,	'Sixth report (Janauary 1, 2011 to December 31,2011) in English',	'6th_english.pdf',	'Enabled',	445,	'2017-08-09 13:00:32',	'0000-00-00 00:00:00',	'New Window'),
(170,	'Sixth report (Janauary 1, 2011 to December 31,2011) in Hindi',	'6th_hindi.pdf',	'Enabled',	445,	'2017-08-09 13:00:54',	'0000-00-00 00:00:00',	'New Window'),
(171,	'Seventh report (janauary 1, 2012 to december 31,2012) in English',	'7th_english1.pdf',	'Enabled',	445,	'2017-08-09 13:01:22',	'0000-00-00 00:00:00',	'New Window'),
(172,	'Seventh report (janauary 1, 2012 to december 31,2012) in Hindi',	'7th_hindi1.pdf',	'Enabled',	445,	'2017-08-09 13:01:49',	'0000-00-00 00:00:00',	'New Window'),
(173,	'Public Record Act',	'Public_record_Act.pdf',	'Enabled',	465,	'2017-08-09 16:27:19',	'0000-00-00 00:00:00',	'New Window'),
(174,	'Minutes of the 29th Meeting of the State Information Commission, Haryana Under the Chairmanship of Shri Yash Pal Singal, Chief Information Commissioner, Haryana held on 24th July, 2017 at 3.00 PM.',	'Meeting.pdf',	'Enabled',	434,	'2017-08-10 15:26:55',	'0000-00-00 00:00:00',	'New Window'),
(175,	'Registrar of State information Commission',	'registratr.pdf',	'Enabled',	446,	'0000-00-00 00:00:00',	'2017-08-11 11:50:27',	'New Window'),
(176,	'Year wise detail of Complaints received, their disposal and pendency at the end of year U/S 18(2) of the Act. Revised Year wise detail of Appeals received, their disposal and pendency at the end of year U/S 19(3) of the Act. ',	'A9R4B1C.tmp_Part4_.pdf',	'Enabled',	432,	'2017-08-11 16:18:23',	'0000-00-00 00:00:00',	'Open Popup'),
(177,	'Hearing Schedule for 14.08.2017 are postponed due to gazetted holiday further intimation for hearing the matter will be intimated in due course',	'jpg2pdf.pdf',	'Enabled',	446,	'2017-08-12 12:49:12',	'0000-00-00 00:00:00',	'New Window'),
(178,	'Record Retention Schedule',	'Record_Retention_Schedule.pdf',	'Enabled',	466,	'2017-08-16 10:51:16',	'0000-00-00 00:00:00',	'New Window'),
(179,	'Allocation of work amongst the Commission. Ref: Right to Information Act, 2005 (Section 15, sub section 4).',	'work_distribution.pdf',	'Enabled',	442,	'0000-00-00 00:00:00',	'2017-08-17 11:03:10',	'New Window');

DROP TABLE IF EXISTS `tb_page_text`;
CREATE TABLE `tb_page_text` (
  `tb_page_text_id` int(11) NOT NULL AUTO_INCREMENT,
  `tb_page_text_title` varchar(255) NOT NULL,
  `tb_page_text_text` longtext,
  `tb_page_text_status` varchar(255) DEFAULT NULL,
  `tb_page_text_pageId` int(11) DEFAULT NULL,
  `tb_page_text_created_date` datetime DEFAULT NULL,
  `tb_page_text_updated_date` datetime DEFAULT NULL,
  `th_page_text_display_type` varchar(255) DEFAULT NULL,
  PRIMARY KEY (`tb_page_text_id`)
) ENGINE=InnoDB AUTO_INCREMENT=3 DEFAULT CHARSET=latin1;

INSERT INTO `tb_page_text` (`tb_page_text_id`, `tb_page_text_title`, `tb_page_text_text`, `tb_page_text_status`, `tb_page_text_pageId`, `tb_page_text_created_date`, `tb_page_text_updated_date`, `th_page_text_display_type`) VALUES
(1,	'Other Links',	'<a href=\"http://cic.gov.in/\">CIC, India</a></br>\n<a href=\"http://rti.gov.in/\">Union-Govt</a></br>\n<a href=\"http://www.apic.gov.in/\">Andhra Pradesh</a></br>\n<a href=\"http://www.arnsic.nic.in/\">Arunachal Pradesh</a></br>\n<a href=\"http://www.sicassam.in/\">Assam</a></br>\n<a href=\"http://www.biharonline.gov.in/sic/index.html/\">Bihar</a></br>\n<a href=\"http://www.siccg.gov.in/\">Chattisgarh</a></br>\n<a href=\"http://egov.goa.nic.in/rtipublic/sic.aspx/\">Goa</a></br>\n<a href=\"http://gic.gujarat.gov.in/default.aspx/\">Gujrat</a></br>\n<a href=\"http://admis.hp.nic.in/sic/\">Himachal Pradesh</a></br>\n<a href=\"http://jksic.nic.in/\">Jammu and Kashmir</a></br>\n<a href=\"http://www.sicjharkhand.in/\">Jharkhand</a></br>\n<a href=\"http://www.kic.gov.in/\">Karnataka</a></br>\n<a href=\"http://www.keralasic.gov.in//\">Keral</a></br>\n<a href=\"http://www.mpsic.nic.in/\">Madhya Pradesh</a></br>\n<a href=\"http://sic.maharashtra.gov.in/\">Maharashtra</a></br>\n<a href=\"http://megsic.gov.in/\">Meghalaya</a></br>\n<a href=\"http://mic.mizoram.gov.in/\">Mizoram</a></br>\n<a href=\"http://nlsic.gov.in/\">Nagaland</a></br>\n<a href=\"http://orissasoochanacommission.nic.in/\">Orissa</a></br>\n<a href=\"http://infocommpunjab.com/\">Punjab</a></br>\n<a href=\"http://ric.rajasthan.gov.in/\">Rajasthan</a></br>\n<a href=\"http://www.cicsikkim.gov.in/\">Sikkim</a></br>\n<a href=\"http://www.cicsikkim.gov.in/\">Sikkim</a></br>\n<a href=\"http://www.tnsic.gov.in/\">Tamil Nadu</a></br>\n<a href=\"http://rtitripura.nic.in/\">Tripura</a></br>\n<a href=\"http://uic.gov.in/\">Uttarakhand</a></br>\n<a href=\"http://upsic.up.nic.in/\">Uttar Pradesh</a></br>\n<a href=\"http://wbic.gov.in/\">West Bengal</a></br>',	'Enabled',	438,	NULL,	NULL,	'Accordian'),
(2,	'Right to Know',	'<ol>\n<li><b>When does it come into force? </b></li>\nIt comes into force on the 12th October 2005 (120th day of its enactment on 15th June, 2005). Some provisions have come into force with immediate effect viz. obligations of public authorities [S.4 (1)], designating of Public Information Officers and Assistant Public Information Officers [S.5(1) and 5(2)], constitution of State Information Commission (S.15 and16),non-applicability of the Act to Intelligence and Security Organizations (S.24) and power to make rules to carry out the provisions of the Act (S.27 and 28).\n </br>\n<li><b>Who is covered? </b></li>\nThe Act extends to the whole of India except the State of Jammu and Kashmir. [S.(12)] </br>\n<li><b> What does information mean? </b></li>\nInformation means any material in any form including records, Documents, memos, e-mails, opinions, advices, press releases, circulars, Orders, logbooks, contracts, reports, papers, samples, models, data material held in any electronic form and information relating to any private body which can be accessed by a public authority under any other law for the time being in force. \n<li><b> What does Right to information mean? </b></li>\nIt includes the right to – i. inspect works, documents, records. ii. Take notes, extracts or certified copies of documents or records. iii. Take certified samples of material. iv. Obtain information in form of printouts, diskettes, floppies, tapes, Video cassettes or in any other electronic mode or through printouts. [S.2(i)] \n </br>\n<li><b> What are the obligations of public authority ? </b></li>\n\nIt shall publish within one hundred and twenty days of the enactment:-\n<ol type=\"i\">\n<li> the particulars of its organization, functions and duties;</li>\n<li> the powers and duties of its officers and employees;</li>\n<li> the procedure followed in its decision making process, including channels of supervision and accountability;</li>\n<li> the norms set by it for the discharge of its functions;</li>\n<li>the rules, regulations, instructions, manuals and records used by its employees for discharging its functions;</li>\n<li> a statement of the categories of the documents held by it or under its control;</li>\n<li> the particulars of any arrangement that exists for consultation with, or representation by the members of the public, in relation to the formulation of policy or implementation thereof;</li>\n<li> a statement of the boards, councils, committees and other bodies consisting of two or more persons constituted by it. Additionally, information as to whether the meetings of these are open to the public, or the minutes’ of such meetings are accessible to the public;</li>\n<li> a directory of its officers and employees;</li>\n<li> the monthly remuneration received by each of its officers and employees, including the system of compensation as provided in its regulations;</li>\n<li> the budget allocated to each of its agency, indicating the particulars of all plans, proposed expenditures and reports on disbursements made;</li>\n<li> the manner of execution of subsidy programmes, including the amounts allocated and the details and beneficiaries of such programmes ;</li>\n<li> particulars of recipients of concessions, permits or authorizations granted by it;</li>\n<li> details of the information available to, or held by it, reduced in an electronic form;</li>\n<li> the particulars of facilities available to citizens for obtaining information, including the working hours of a library or reading room if maintained for public use;</li>\n<li> the name, designations and other particulars of the Public Information Officer.[S.4(1)(b)] </li>\n</ol>\n<li><b> What is not open to disclosure? </b></li>\nThe following is exempt from disclosure [S.8]\n<ol type=\"i\">\n<li>information, disclosure of which would prejudicially affect the sovereignty and integrity of India, the security, strategic, scientific or economic interests of the State, relation with foreign State or Lead to incitement of an offence;</li>\n<li> information which has been expressly forbidden to be published by any court of law or tribunal of the disclosure of which may constitute contempt of court;</li>\n<li> information, the disclosure of which would cause a breach of privilege of Parliament or the State Legislature;</li>\n<li> information including commercial confidence, trade secrets or intellectual property, ;the disclosure of which would harm the competitive position of a third party, unless the competent authority is</li>\n<li> satisfied that larger public interest warrants the disclosure of such information;</li>\n<li> information available to a person in his fiduciary relationship, unless the competent authority is satisfied that the larger public interest warrants the disclosure of such information;</li>\n<li> information received in confidence from foreign Government;</li>\n<li> information, the disclosure of which would endanger the life or physical safety of any person or identify the source of information or assistance given in confidence for law enforcement or security purposes;</li>\n<li> information which would impede the process of investigation or apprehension or prosecution of offenders;</li>\n<li> cabinet papers including records of deliberations of the Council of Ministers, Secretaries and other officers;</li>\n<li> information which relates too personal information the disclosure of which has no relationship to any public activity or interest, or which would cause unwarranted invasion of the privacy of the individual;</li>\n<li> Notwithstanding any of the exemptions listed above, a public authority may allow access to information, if public interest in disclosure outweighs the harm to the protected interests. </li>\n</ol> \n<li><b> Is partial disclosure allowed ? </b></li>\nOnly that part of the record which does not contain any information which is exempted from disclosure and which can reasonably be severed from any part that contains exempt information, may be provided [S.10] </li>\n </br>\n<li><b> What does a “Public authority” mean? </b></li>\nIt means any authority or body or institution of self-government established or constituted: [S.2(h)]\n<ul style=\"list-style-type:disc\">\n<li> by or under the Constitution;</li>\n<li> by any other law made by Parliament;</li>\n<li> by any other law made by State Legislature;</li>\n<li> by notification issued or order made by the appropriate Government and includes any - </li>\n</ul><ol type = \"1\">\n<li> body owned, controlled or substantially financed</li>\n<li> non-Government organization substantially financed directly or indirectly by the appropriate Government. </li>\n</ol> \n<li><b> Who are `third Parties`? </b></li>\nA third party means a person other than the citizen making a request for information and includes a public authority. Third parties have a right to be heard in respect of applications and appeals dealing with information submitted by them to the Government in confidence. [S.2(n) and S.11] \n </br>\n<li><b>Who are Public Information Officers (PIOs)? </b></li>\nPIOs are officers designated by the public authorities in all administrative units or offices under it to provide information to the citizens requesting for information under the Act. Any officer, whose assistance has been sought by the PIO for the proper discharge of his or her duties, shall render all assistance and for the purpose of contraventions of the provisions of this Act, such other officer shall be treated as a PIO. \n </br>\n<li><b> What are the duties of a PIO ? </b></li>\n<ul style=\"list-style-type:disc\">\n<li> PIO shall deal with requests from persons seeking information and where the request cannot be made in writing, to render reasonable assistance to the person to reduce the same in writing.\n<li> If the information requested for is held by or its subject matter is closely connected with the function of another public authority, the PIO shall transfer, within 5 days, the request to that other public authority and inform the applicant immediately.\n<li>PIO may seek the assistance of any other officer for the proper discharge of his/her duties.\n<li>PIO, on receipt of a request, shall as expeditiously as possible, and in any case within 30 days ot the receipt of the request, either provide the information on payment of such fee as may be prescribed or reject the request for any of the reasons specified in S.8 or S.9.\n<li>Where the information requested for concerns the life or liberty of a person, the same shall be provided within forty-eight hours of the receipt of the request.\n<li> If the PIO fails to give decision on the request within the period specified, he shall be deemed to have refused the request.\n<li> Where a request has been rejected, the PIO shall communicate to the requester-\n<ol type = \"i\">\n<li> the reasons for such rejection, </li>\n <li>the period within which an appeal against such rejection may be preferred, and</li> \n<li> the particulars of the Appellate Authority.</li>\n</ol>\n<li>PIO shall provide information in the form in which it is sought unless it would disproportionately divert the resources of the Public Authority or would be detrimental to the safety or preservation of the record in question.\n<li>If allowing partial access, the PIO shall give a notice to the applicant, informing: \n<ol type = \"a\"> <li>that only part of the record requested, after severance of the record containing information which is exempt from disclosure, is being provided;\n</li><li> the reasons for the decision, including any findings on any material question of fact, referring to the material on which those findings were based;\n</li><li> the name and designation of the person giving the decision;\n</li><li>the details of the fees calculated by him or her and the amount of fee which the applicant is required to deposit; and\n</li><li> his or her rights with respect to review of the decision regarding non-disclosure of part of the information, the amount of fee charged or the ;form of access provided.\n</li>\n</ol>\n<li>If information sought has been supplied by third party or is treated ;as confidential by that third party, the PIO shall give a written notice to the third party within 5 days from the receipt of the request and take its representation into consideration.\n<li> Third party must be given a chance to make a representation before the PIO within 10 days from the date of receipt of such notice. \n</ul>\n<li><b>What is the Application Procedure for requesting information? </b></li>\n<ol type = \"1\">\n<li>Apply in writing or through electronic means in English or Hindi or in the official language of the area, to the PIO, specifying the particulars of the information sought for.</li>\n<li> Reason for seeking information are not required to be given;</li>\n<li> Pay fees as may be prescribed (if not belonging to the below poverty line category. </li>\n </ol>\n<li><b> What is the time limit to get the information? </b></li>\n<ol type = \"1\">\n<li> 30 days from the date of application</li>\n<li> 48 hours for information concerning the life and liberty of a person</li>\n<li> 5 days shall be added to the above response time, in case the application for information is given to Assistant Public Information Officer.</li>\n<li>. If the interests of a third party are involved then time limit will be 40 days (maximum period + time given to the party to make representation.)</li>\n<li> Failure to provide information within the specified period is a deemed refusal. </li>\n </ol>\n<li><b> What is the fee? </b></li>\n<ol type = \"1\">\n<li> Application fees to be prescribed which must be reasonable.</li>\n<li> If further fees are required, then the same must be intimated in writing with calculation details of how the figure was arrived at;</li>\n<li> Applicant can seek review of the decision on fees charged by the PIO by applying to the appropriate Appellate Authority;</li>\n<li> No fees will be charged from people living below the poverty line</li>\n<li> Applicant must be provided information free of cost if the PIO fails to comply with the prescribed time limit. </li>\n </ol>\n<li><b> What could be the ground for rejection? </b></li>\n<ol type = \"1\">\n<li> If it is covered by exemption from disclosure. (S.8)</li>\n<li> If it infringes copyright of any person other than the State.(S.9) </li>\n</ol> \n<li><b> Who are the Appellate Authorities? </b></li>\n<ol type = \"1\">\n<li> First Appeal: First appeal to the officer senior in rank to the PIO in the concerned Public Authority within 30 days from the expiry of the prescribed time limit or from the receipt of the decision (delay may be condoned by the Appellate Authority if sufficient cause is shown).</li>\n<li> Second Appeal: Second appeal to the State Information Commission as the case may be, within 90 days of the date on which the decision was given or should have been made by the First Appellate Authority. (delay may be condoned by the Commission if sufficient cause is shown).</li>\n<li> Third Party appeal against PIO’s decision must be filed within 30 days before first Appellate Authority; and, within 90 days of the decision on the first appeal, before the appropriate Information Commission which is the second appellate authority.</li>\n<li> Burden of proving that denial of Information was justified lies with the PIO.\n<li>First Appeal shall be disposed of within 30 days from the date of its receipt. Period extendable by 15 days if necessary. (S.19) </li>\n </OL>\n<li><b> How is the State Information Commission constituted? </b></li>\n<ol type = \"1\">\n<li>The State Information Commission will be constituted by the State Government through a Gazette notification. It will have one State Chief Information Commissioner ( SCIC ) and not more than 10 State Information Commissioners ( SIC ) to be appointed by the Governor.</li>\n<li> Oath of which will be administrated by the Governor according to the form set out in the First Schedule.</li>\n<li> The headquarters of the State Information Commission shall be at such place as the State Government may specify. Other offices may be established in other parts of the State with the approval of the State Government.</li>\n<li>The Commission will exercise its powers without being subjected to any other authority. </li>\n </OL> \n<li><b> What is the eligibility criterion and what is the process of appointment of State Chief Information Commissioner/ State Information Commissioners? </b></li>\n\nThe Appointment Committee will be headed by the Chief Minister. Other members include the Leader of the Opposition in the Legislative Assembly and one Cabinet Minister nominated by the Chief Minister. The qualifications for appointment as SCIC / SIC shall be the same as that for Central Commissioners. The salary of the State Chief Information Commissioner will be the same as that of an Election Commissioner. The salary of the State Information Commissioner will be the same as that of the Chief Secretary of the State Government. ( S.15) \n </br>\n<li><b> What are the powers and functions of Information Commissions ? </b></li>\n<ol type = \"1\">\n<LI> The State Information Commission has a duty to receive complaints from any person-</LI>\n<ul type = \"a\">\n<li> Who has not been able to submit an information request because a PIO has not been appointed;</li> \n\n<li>  Who has been refused information that was requested;</li> \n\n<li>  Who has received no response to his/her information request within the specified time limits;</li> \n\n<li> Who thinks the fees charged are unreasonable;</li> \n\n<li>  Who thinks information given is incomplete or false or misleading; and</li> \n\n<li>  Any other matter relating to obtaining information under this law.</li> \n</ul>\n<LI> Power to order inquiry if there are reasonable grounds.</LI>\n\n<LI> SIC will have powers of Civil Court such as-</LI>\n\n<li> summoning and enforcing attendance of persons,</li> \n<ul>\n<li>  requiring the discovery and inspection of documents;</li> \n\n<li>  receiving evidence on affidavit;</li> \n\n<li>  requisitioning public records or copies from any court or office</li> \n\n<li>  issuing summons for examination of witnesses or documents</li> \n\n<li>  any other matter which may be prescribed.</li> \n</ul>\n<LI>All records covered by this law (including those covered by exemptions) must be given to SIC during inquiry for examination.</LI>\n\n<LI> Power to secure compliance of its decisions from the Public Authority includes:-</LI>\n<ul>\n<li> providing access to information in a particular form;</li>\n<li> directing the public authority to appoint a PIO/APIO where none exists;</li>\n<li> publishing information or categories of information;</li>\n<li>making necessary changes to the practices relating to management, maintenance and destruction of records;</li>\n<li> enhancing training provision for officials on RTI;</li>\n<li>seeking an annual report from the public authority on compliance with this law;</li>\n<li> require it to compensate for any loss or other detriment suffered by the applicant;</li>\n<li> impose penalties under this law; or</li>\n<li> reject the application.(S.18 and S.19) </li>\n</ul>\n</ol>\n<li><b> What is the role of State Governments ? </b></li>\n<ol type = \"i\">\n<li> Develop educational programmes for the public especially disadvantaged communities on RTI.</li>\n<li> Encourage Public Authorities to participate in the development and organization of such programmes.</li>\n<li> Promote timely dissemination of accurate information to the public.</li>\n<li> Train officers and develop training materials.</li>\n<li> Compile and disseminate a User Guide for the public in the respective official language.</li>\n<li> Publish names, designation postal addresses and contact details of PIOs and other information such as notices regarding fees to be paid, remedies available in law if request is rejected etc. (S.26) </li>\n </ol>\n<li><b> Who has the Rule making power? </b></li>\n\nState Governments and the Competent Authority as defined in S.2(e) are vested with powers to make rules to carry out the provisions of the Right to Information Act, 2005. (S.27 & S,28) \n </br>\n<li><b> Who has the power to deal with the difficulties while implementing this act? </b></li>\n\nIf any difficulty arises in giving effect to the provisions in the Act, the Central Government may; by Order published in the Official Gazette, make provisions necessary/expedient for removing the difficulty (S.30)</li>\n<ol type = \"i\">\n<li> State Information Commission will send an annual report to the State Government on the implementation of the provisions of this law at the end of the year.</li>\n\n<li>Each Department has a duty to compile reports from its Public Authorities and send them to the State Information Commission, as the case may be.</li>\n\n<li> Each report will contain details of number of requests received by each Public Authority, number of rejections and appeals, particulars of any disciplinary action taken, amount of fees and charges collected etc.</li>\n\n<li> The State Government will table the report of the State Information Commission before the Vidhan Sabha (and the Vidhan Parishad wherever applicable). (S.25) </li>\n </ol>\n<li><b> What are the penalty provisions? </b></li>\nEvery PIO will be liable for fine of Rs. 250 per day, up to a maximum of Rs. 25,000/-,for –\n<ol type= \"i\">\n<li> not accepting an application;</li>\n\n<li>  delaying information release without reasonable cause;</li>\n\n<li>  malafidely denying information;</li>\n\n<li>  knowingly giving incomplete, incorrect, misleading information;</li>\n\n<li>  destroying information that has been requested and</li>\n\n<li> obstructing furnishing of information in any manner.</li>\n</ol>\nThe Information Commission (IC) at the State level will have the power to impose this penalty. The Information Commission can also recommend disciplinary action for violation of the law against an erring PIO. (S.20) \n </br>\n<li><b> What is the jurisdiction of courts? </li></b>\n\nLower Court are barred from entertaining suits or applications against any order made under this Act. (S.23) However, the writ jurisdiction of the Supreme Court and high Courts under Articles 32 and 225 of the Constitution remains unaffected.\n</ol>',	'Enabled',	422,	NULL,	NULL,	'Accordian');

DROP TABLE IF EXISTS `tb_send_mail`;
CREATE TABLE `tb_send_mail` (
  `mail_id` int(11) NOT NULL,
  `form_id` int(11) NOT NULL,
  `form_data` text NOT NULL,
  `form_filled_ip_address` varchar(30) NOT NULL,
  `form_filled_date` timestamp NOT NULL DEFAULT CURRENT_TIMESTAMP,
  PRIMARY KEY (`mail_id`)
) ENGINE=InnoDB DEFAULT CHARSET=latin1;

INSERT INTO `tb_send_mail` (`mail_id`, `form_id`, `form_data`, `form_filled_ip_address`, `form_filled_date`) VALUES
(51,	1,	'a:7:{s:21:\"namehead_quarter_mail\";s:8:\"abhishek\";s:22:\"emailhead_quarter_mail\";s:24:\"abhi.technicum@gmail.com\";s:22:\"phonehead_quarter_mail\";s:10:\"8566816629\";s:24:\"subjecthead_quarter_mail\";s:4:\"test\";s:24:\"messagehead_quarter_mail\";s:11:\"head quater\";s:24:\"form_idhead_quarter_mail\";s:1:\"1\";s:24:\"to_mailhead_quarter_mail\";s:26:\"hemant.technicum@gmail.com\";}',	'192.168.1.29',	'2015-06-18 01:10:05'),
(52,	2,	'a:7:{s:23:\"namefc_officail_address\";s:8:\"abhishek\";s:24:\"emailfc_officail_address\";s:19:\"superadmin@mail.com\";s:24:\"phonefc_officail_address\";s:10:\"8566816629\";s:26:\"subjectfc_officail_address\";s:4:\"test\";s:26:\"messagefc_officail_address\";s:27:\"this is fc official address\";s:26:\"form_idfc_officail_address\";s:1:\"2\";s:26:\"to_mailfc_officail_address\";s:22:\"manjeet.tech@gmail.com\";}',	'192.168.1.29',	'2015-06-18 01:33:16'),
(53,	4,	'a:7:{s:12:\"namedso_mail\";s:13:\"manjeet singh\";s:13:\"emaildso_mail\";s:22:\"manjeet.tech@gmail.com\";s:13:\"phonedso_mail\";s:10:\"8566816629\";s:15:\"subjectdso_mail\";s:3:\"Dso\";s:15:\"messagedso_mail\";s:10:\"Dso office\";s:15:\"form_iddso_mail\";s:1:\"4\";s:15:\"to_maildso_mail\";s:30:\"ajaysingla.technical@gmail.com\";}',	'192.168.1.29',	'2015-06-18 01:35:02'),
(54,	3,	'a:7:{s:20:\"namedy_director_mail\";s:4:\"ajay\";s:21:\"emaildy_director_mail\";s:24:\"ajay.technical@gmail.com\";s:21:\"phonedy_director_mail\";s:10:\"8566816629\";s:23:\"subjectdy_director_mail\";s:4:\"test\";s:23:\"messagedy_director_mail\";s:11:\"Dy director\";s:23:\"form_iddy_director_mail\";s:1:\"3\";s:23:\"to_maildy_director_mail\";s:17:\"jeets92@gmail.com\";}',	'192.168.1.29',	'2015-06-18 01:36:19');

DROP TABLE IF EXISTS `tb_sms`;
CREATE TABLE `tb_sms` (
  `sms_id` int(1) NOT NULL AUTO_INCREMENT,
  `sms_name` varchar(255) DEFAULT NULL,
  `sms_data` text,
  `sms_status` int(1) NOT NULL DEFAULT '1',
  PRIMARY KEY (`sms_id`)
) ENGINE=InnoDB AUTO_INCREMENT=6 DEFAULT CHARSET=latin1;

INSERT INTO `tb_sms` (`sms_id`, `sms_name`, `sms_data`, `sms_status`) VALUES
(1,	'New Registration',	'Your  request dated {{dated}}  has been  registered with registration number {{reg_no}}.\nAppeal OR Complaint Number is {{canumber}}',	1),
(2,	'New Respondent',	'New Respondent has been registered with registration number {{reg_no}}',	2),
(3,	'Hearing Schedule',	'Your registration number {{reg_no}}  is schedule for {{hearing_date}}  , {{hearing_time}} , {{hearing_location}}, {{district_location}} , {{district}}  to  {{commissionerName}}',	1),
(4,	'Hearing Adjourned',	'Your registration number {{reg_no}} has been adjourned  on {{hearing_date}} , {{hearing_time}} , {{hearing_location}}, {{district_location}} , {{district}} to {{commissionerName}} ',	1),
(5,	'Order Passed',	'Your orders has been passed regarding your registration no {{reg_no}}, you can also check on our website cicharyana.gov.in',	2);

DROP TABLE IF EXISTS `tb_status`;
CREATE TABLE `tb_status` (
  `status_id` int(11) NOT NULL AUTO_INCREMENT,
  `status_name` varchar(20) DEFAULT NULL,
  PRIMARY KEY (`status_id`)
) ENGINE=InnoDB AUTO_INCREMENT=3 DEFAULT CHARSET=latin1;

INSERT INTO `tb_status` (`status_id`, `status_name`) VALUES
(1,	'Enable'),
(2,	'Disable');

DROP TABLE IF EXISTS `tb_ticker`;
CREATE TABLE `tb_ticker` (
  `ticker_id` int(11) NOT NULL AUTO_INCREMENT,
  `ticker_title` varchar(255) DEFAULT NULL,
  `ticker_path` text,
  `ticker_status` varchar(11) DEFAULT NULL,
  PRIMARY KEY (`ticker_id`)
) ENGINE=InnoDB AUTO_INCREMENT=5 DEFAULT CHARSET=latin1;

INSERT INTO `tb_ticker` (`ticker_id`, `ticker_title`, `ticker_path`, `ticker_status`) VALUES
(1,	'Welcome to Haryana State Pollution Control Board',	NULL,	'Enable'),
(2,	'Message From Chief Information Commissioner',	NULL,	'Enable'),
(3,	'Hearing Schedule for 14.08.2017 are postponed due to gazetted holiday further intimation for hearing the matter will be intimated in due course',	NULL,	'Enable'),
(4,	'test',	NULL,	'Disable');

DROP TABLE IF EXISTS `tb_users`;
CREATE TABLE `tb_users` (
  `id` int(11) NOT NULL AUTO_INCREMENT,
  `group_id` int(6) DEFAULT NULL,
  `username` varchar(100) NOT NULL,
  `password` varchar(64) NOT NULL,
  `email` varchar(100) NOT NULL,
  `name` varchar(100) DEFAULT NULL,
  `gender` char(4) NOT NULL,
  `father_name` varchar(100) NOT NULL,
  `mobile` varchar(15) NOT NULL,
  `district` int(11) NOT NULL,
  `state` int(11) NOT NULL,
  `address1` varchar(500) NOT NULL,
  `address2` varchar(500) NOT NULL,
  `organization` varchar(100) NOT NULL,
  `avatar` varchar(100) DEFAULT NULL,
  `active` tinyint(1) unsigned DEFAULT '0',
  `login_attempt` tinyint(2) DEFAULT '0',
  `last_login` datetime DEFAULT NULL,
  `created_at` timestamp NOT NULL DEFAULT CURRENT_TIMESTAMP,
  `updated_at` timestamp NULL DEFAULT NULL,
  `reminder` varchar(64) DEFAULT NULL,
  `activation` varchar(50) DEFAULT NULL,
  `remember_token` varchar(100) DEFAULT NULL,
  `token` text NOT NULL,
  `device_token` text NOT NULL,
  PRIMARY KEY (`id`)
) ENGINE=InnoDB AUTO_INCREMENT=8 DEFAULT CHARSET=utf8;

INSERT INTO `tb_users` (`id`, `group_id`, `username`, `password`, `email`, `name`, `gender`, `father_name`, `mobile`, `district`, `state`, `address1`, `address2`, `organization`, `avatar`, `active`, `login_attempt`, `last_login`, `created_at`, `updated_at`, `reminder`, `activation`, `remember_token`, `token`, `device_token`) VALUES
(1,	1,	'superadmin',	'TFB6eUJDckxoRUdxbWtYMmRnR0hpUT09',	'superadmin@mail.com',	'Admin Haryana',	'',	'',	'',	0,	0,	'',	'',	'',	'foto1.png',	1,	12,	'2014-12-22 05:48:52',	'2014-03-10 18:48:46',	'2014-12-20 09:37:31',	'',	NULL,	'',	'',	'8888888888'),
(2,	3,	'manojjoshi@##@2',	'QXJOUERPZ3JmOXplK3lWM2t0aVNFdz09',	'webgis2007@gmail.com',	'manoj joshi',	'M',	'mr. r.p. joshi',	'12345678',	12,	1,	'test',	'test',	'global infosystem',	NULL,	1,	0,	NULL,	'2017-12-22 08:48:17',	NULL,	NULL,	NULL,	NULL,	'',	'Mozilla/5.0 (Windows NT 6.1; Win64; x64) AppleWebKit/537.36 (KHTML, like Gecko) Chrome/63.0.3239.84 Safari/537.36'),
(3,	2,	'Test Officer One',	'WDFUVlNOUlBBL3lHR0NYTFNUdUZEdz09',	'testone@mail.com',	'Officer One',	'M',	'test',	'12345678',	5,	1,	'test',	'',	'test',	NULL,	1,	0,	NULL,	'2017-12-22 11:26:39',	NULL,	NULL,	NULL,	NULL,	'',	'9999999999'),
(4,	2,	'Test Officer Two',	'Y3ZQSHJVQlhVdktXdjZlemtVd0lBQT09',	'testtwo@mail.com',	'Officer Two',	'M',	'test',	'12345678',	2,	1,	'test',	'test',	'test',	NULL,	1,	0,	NULL,	'2017-12-22 11:28:04',	NULL,	NULL,	NULL,	NULL,	'',	'7777777777'),
(5,	3,	'SantoshPandey@##@5',	'SVJEZDdvdm5GQ1NocUptc1F2VWxRQT09',	'skpandey.gis@gmail.com',	'Santosh Pandey',	'M',	'Global',	'8699033316',	1,	1,	'Mohali',	'Mohali',	'Global Info Systems',	NULL,	1,	0,	NULL,	'2017-12-22 12:36:19',	NULL,	NULL,	NULL,	NULL,	'',	'6666666666'),
(6,	3,	'dummy@##@6',	'WmdPeWo4R3NlSEJVbmlUVzY4T3RsQT09',	'webgis2005@gmail.com',	'dummy',	'M',	'dummy',	'1234567890',	1,	1,	'dummy',	'dummy',	'dummy',	NULL,	1,	0,	NULL,	'2017-12-27 11:44:22',	NULL,	NULL,	NULL,	NULL,	'',	'Mozilla/5.0 (Windows NT 6.1; Win64; x64) AppleWebKit/537.36 (KHTML, like Gecko) Chrome/63.0.3239.84 Safari/537.36'),
(7,	3,	'testing_*_7',	'WTVFMjhna2NmK3hZY0p1Y0xVZit2QT09',	'webgis2001@gmail.com',	'joshi',	'M',	'dummy testing',	'1234567890',	10,	1,	'dummy',	'dummy',	'dummy testing',	NULL,	1,	0,	NULL,	'2018-01-01 06:14:40',	'2018-01-01 02:21:21',	NULL,	NULL,	NULL,	'',	'1234567890');

-- 2018-01-08 10:26:22
